Time,PIR_D102,PIR_D001,PIR_D103A,PIR_D104A,PIR_D104B,PIR_D105,PIR_D202,PIR_D203,PIR_D005,PIR_D206,PIR_D204,PIR_D207,PIR_D208,PIR_D205,PIR_D302,PIR_D301,PIR_D303,PIR_D304,PIR_D101A,CO2_D102,CO2_D001,CO2_D103A,CO2_D104A,CO2_D104B,CO2_D105,CO2_D202,CO2_D203,CO2_D005,CO2_D206,CO2_D204,CO2_D207,CO2_D302,CO2_D301,CO2_D303,CO2_D304,light,plug,devices,groundtruth
2018-06-18 14:04,0,0,0,0,0,0,0,0,0,0,0,0,0,1,0,0,0,0,0,884.0049,909.8901,624.6642,702.8083,674.9695,766.7888,759.9512,895.7265,696.9475,730.6472,774.6031,735.0427,656.9754,700.8547,647.6959,778.9988,5.03,0.44,45,42
2018-06-18 14:09,1,0,0,0,0,0,0,0,0,0,1,0,0,1,0,0,0,0,0,884.0049,909.8901,624.6642,702.8083,674.9695,766.7888,759.9512,895.7265,696.9475,730.6472,774.6031,735.0427,656.9754,700.8547,647.6959,778.9988,5.04,0.44,45,43
2018-06-18 14:14,1,0,0,0,0,0,0,0,1,0,0,0,0,1,0,0,0,0,0,884.0049,909.8901,624.6642,702.8083,674.9695,766.7888,759.9512,895.7265,696.9475,730.6472,774.6031,735.0427,656.9754,700.8547,647.6959,778.9988,5.03,0.43,43,42
2018-06-18 14:19,1,0,1,0,0,0,0,0,1,0,1,0,0,1,0,0,0,0,0,864.9572,926.0074,626.6178,708.6691,684.7375,771.6728,766.7888,905.0061,703.7851,743.8339,781.9291,735.0427,668.697,719.8825,647.6959,770.696,5.03,0.45,46,43
2018-06-18 14:24,1,0,0,0,0,0,0,0,1,0,1,0,0,1,0,0,1,0,0,864.9572,926.0074,626.6178,708.6691,684.7375,771.6728,766.7888,905.0061,703.7851,743.8339,781.9291,736.9963,668.697,719.8825,641.835,770.696,5.04,0.52,45,49
2018-06-18 14:29,1,0,0,1,0,0,0,0,1,0,1,0,0,1,0,0,1,0,0,864.9572,926.0074,626.6178,708.6691,684.7375,771.6728,766.7888,905.0061,703.7851,743.8339,781.9291,736.9963,668.697,719.8825,641.835,770.696,4.86,0.41,50,52
2018-06-18 14:34,1,0,0,0,0,0,0,0,1,0,1,0,0,1,0,0,1,0,0,878.6324,918.6813,627.5946,703.7851,682.7839,773.6264,759.9512,917.7045,719.9023,735.0427,777.0452,736.9963,664.7899,703.7851,641.835,764.8351,4.86,0.44,42,52
2018-06-18 14:39,1,0,0,0,0,0,0,0,1,0,1,0,0,0,0,0,1,0,0,878.6324,918.6813,627.5946,703.7851,682.7839,773.6264,759.9512,917.7045,719.9023,735.0427,777.0452,736.9963,664.7899,703.7851,641.835,764.8351,4.86,0.46,44,54
2018-06-18 14:44,1,0,0,0,0,0,0,0,1,0,1,0,0,1,0,0,0,0,0,878.6324,918.6813,627.5946,703.7851,682.7839,773.6264,759.9512,917.7045,719.9023,735.0427,777.0452,736.9963,664.7899,703.7851,641.835,764.8351,4.86,0.46,44,53
2018-06-18 14:49,1,0,0,0,0,0,0,0,1,0,1,0,0,1,0,0,0,0,0,882.0513,922.5886,623.6874,694.9939,688.6447,760.928,762.8816,905.9828,822.9548,739.9267,779.9756,736.9963,667.6076,716.0488,641.835,763.8583,4.86,0.45,51,55
2018-06-18 14:54,1,0,0,0,0,0,0,0,1,0,1,0,0,1,0,0,0,0,0,882.0513,922.5886,623.6874,694.9939,688.6447,760.928,762.8816,905.9828,822.9548,739.9267,779.9756,738.9639,667.6076,716.0488,640.8582,763.8583,4.88,0.62,50,53
2018-06-18 14:59,1,0,0,0,0,0,0,0,1,0,1,0,0,1,0,0,0,0,0,882.0513,922.5886,623.6874,694.9939,688.6447,760.928,762.8816,905.9828,822.9548,739.9267,779.9756,738.9639,667.6076,716.0488,640.8582,763.8583,4.86,0.66,51,54
2018-06-18 15:04,1,0,0,0,0,0,0,0,1,0,1,0,0,1,0,0,0,0,0,882.0513,910.8669,610.989,705.7387,687.6679,733.5775,766.7888,926.4957,921.6117,732.6007,753.6019,738.9639,666.7434,707.6923,640.8582,760.928,4.87,0.49,50,55
2018-06-18 15:09,1,0,0,0,0,0,0,0,1,0,1,0,0,1,0,0,0,0,0,882.0513,910.8669,610.989,705.7387,687.6679,733.5775,766.7888,926.4957,921.6117,732.6007,753.6019,738.9639,666.7434,707.6923,640.8582,760.928,4.87,0.48,53,56
2018-06-18 15:14,1,0,0,0,0,0,0,0,1,0,1,0,0,1,0,0,0,0,0,882.0513,910.8669,610.989,705.7387,687.6679,733.5775,766.7888,926.4957,921.6117,732.6007,753.6019,738.9639,666.7434,707.6923,640.8582,760.928,4.87,0.48,53,56
2018-06-18 15:19,1,0,0,0,0,0,0,0,1,0,1,0,0,1,0,0,0,0,0,880.5861,913.7973,618.8034,705.7387,687.6679,712.5763,770.696,926.4957,973.8705,736.9963,759.9512,738.9639,676.0231,695.5706,640.8582,765.812,4.87,0.49,53,55
2018-06-18 15:24,1,0,0,0,0,0,0,0,1,0,1,0,0,1,0,0,0,0,0,880.5861,913.7973,618.8034,705.7387,687.6679,712.5763,770.696,926.4957,973.8705,736.9963,759.9512,746.7643,676.0231,695.5706,623.7642,765.812,4.86,0.47,50,56
2018-06-18 15:29,1,0,0,0,0,0,0,0,1,1,1,0,0,1,0,0,0,0,0,880.5861,913.7973,618.8034,705.7387,687.6679,712.5763,770.696,926.4957,973.8705,736.9963,759.9512,746.7643,676.0231,695.5706,623.7642,765.812,4.86,0.47,52,55
2018-06-18 15:34,1,0,0,0,0,0,0,0,1,1,0,0,0,1,0,0,0,0,0,880.5861,924.0538,610.989,699.8779,687.6679,760.928,778.022,926.9841,1008.9377,739.9267,750.6715,746.7643,669.6738,696.9904,623.7642,764.8351,4.86,0.48,52,56
2018-06-18 15:39,1,0,0,0,0,0,0,0,1,0,0,0,0,1,0,0,0,0,0,880.5861,924.0538,610.989,699.8779,687.6679,760.928,778.022,926.9841,1008.9377,739.9267,750.6715,746.7643,669.6738,696.9904,623.7642,764.8351,4.87,0.5,52,55
2018-06-18 15:44,1,0,0,0,0,0,0,0,1,0,0,0,0,1,0,0,0,0,0,880.5861,924.0538,610.989,699.8779,687.6679,760.928,778.022,926.9841,1008.9377,739.9267,750.6715,746.7643,669.6738,696.9904,623.7642,764.8351,4.86,0.49,53,57
2018-06-18 15:49,1,0,0,0,0,0,0,0,1,0,0,0,0,1,0,0,0,0,0,871.7949,900.6105,624.6642,696.9475,686.6911,774.6031,762.8816,908.4249,1023.6874,741.8803,733.5775,746.7643,674.0695,710.6227,623.7642,761.9048,4.86,0.5,51,57
2018-06-18 15:54,1,0,0,0,0,0,0,0,1,0,0,0,0,1,0,0,0,0,0,871.7949,900.6105,624.6642,696.9475,686.6911,774.6031,762.8816,908.4249,1023.6874,741.8803,733.5775,736.0195,674.0695,710.6227,616.9266,761.9048,4.78,0.5,52,50
2018-06-18 15:59,1,0,0,0,0,0,0,0,1,0,0,0,0,1,0,0,0,0,0,871.7949,900.6105,624.6642,696.9475,686.6911,774.6031,762.8816,908.4249,1023.6874,741.8803,733.5775,736.0195,674.0695,710.6227,616.9266,761.9048,4.78,0.51,54,46
2018-06-18 16:04,1,0,0,0,0,0,0,0,1,0,0,0,0,0,0,0,0,0,0,870.8181,912.8206,602.6862,701.8315,682.7839,765.7143,766.7888,897.6801,983.6385,736.9963,714.0415,736.0195,662.8362,694.0171,616.9266,763.8583,4.77,0.6,56,46
2018-06-18 16:09,1,0,1,0,0,0,0,0,1,0,0,0,0,1,0,0,0,0,0,870.8181,912.8206,602.6862,701.8315,682.7839,765.7143,766.7888,897.6801,983.6385,736.9963,714.0415,736.0195,662.8362,694.0171,616.9266,763.8583,4.77,0.52,51,47
2018-06-18 16:14,1,0,0,0,0,0,0,0,1,0,0,0,0,1,0,0,0,0,0,870.8181,912.8206,602.6862,701.8315,682.7839,765.7143,766.7888,897.6801,983.6385,736.9963,714.0415,736.0195,662.8362,694.0171,616.9266,763.8583,4.78,0.61,58,55
2018-06-18 16:19,1,0,0,0,0,0,0,0,1,0,0,0,0,1,0,0,0,0,0,865.9341,900.6105,616.8498,704.7619,683.7607,800.9769,762.8816,880.0977,988.0342,792.674,711.5995,736.0195,666.7434,700.39,616.9266,752.6251,4.78,0.5,58,55
2018-06-18 16:24,1,0,0,0,0,0,0,0,1,0,0,0,0,1,0,0,0,0,0,865.9341,900.6105,616.8498,704.7619,683.7607,800.9769,762.8816,880.0977,988.0342,792.674,711.5995,735.0427,666.7434,700.39,614.973,752.6251,4.79,0.51,62,58
2018-06-18 16:29,1,0,0,0,0,0,0,0,1,0,0,0,0,0,0,0,0,0,0,865.9341,900.6105,616.8498,704.7619,683.7607,800.9769,762.8816,880.0977,988.0342,792.674,711.5995,735.0427,666.7434,700.39,614.973,752.6251,4.79,0.52,64,57
2018-06-18 16:34,1,0,0,0,0,0,0,0,1,0,0,0,0,1,0,0,0,0,0,856.6545,888.8889,610.0122,689.6215,678.8767,802.9305,751.6483,881.0745,943.5898,821.978,703.7851,735.0427,655.0218,685.6923,614.973,757.0208,4.8,0.52,63,60
2018-06-18 16:39,1,0,0,0,0,0,0,0,1,0,0,0,0,1,0,0,0,0,0,856.6545,888.8889,610.0122,689.6215,678.8767,802.9305,751.6483,881.0745,943.5898,821.978,703.7851,735.0427,655.0218,685.6923,614.973,757.0208,4.7,0.51,64,55
2018-06-18 16:44,1,0,0,0,0,0,0,0,1,0,0,0,0,1,0,0,0,0,0,856.6545,888.8889,610.0122,689.6215,678.8767,802.9305,751.6483,881.0745,943.5898,821.978,703.7851,735.0427,655.0218,685.6923,614.973,757.0208,5.38,0.52,64,57
2018-06-18 16:49,1,0,0,0,0,0,0,0,1,0,0,0,0,1,0,0,0,0,0,851.7705,899.6317,600.7326,686.6911,683.7607,811.7216,747.7411,916.2394,876.6788,808.7913,706.7155,735.0427,653.0682,678.8767,614.973,788.7668,5.37,0.52,61,57
2018-06-18 16:54,1,0,0,0,0,0,0,0,1,0,0,0,0,1,0,0,0,0,0,851.7705,899.6317,600.7326,686.6911,683.7607,811.7216,747.7411,916.2394,876.6788,808.7913,706.7155,721.856,653.0682,678.8767,619.8458,788.7668,5.36,0.5,61,58
2018-06-18 16:59,1,0,0,0,0,0,0,0,1,0,0,0,0,1,0,0,0,0,0,851.7705,899.6317,600.7326,686.6911,683.7607,811.7216,747.7411,916.2394,876.6788,808.7913,706.7155,721.856,653.0682,678.8767,619.8458,788.7668,5.37,0.49,59,58
2018-06-18 17:04,1,0,0,0,0,0,0,0,1,0,0,0,0,1,0,0,0,0,0,854.7009,906.9597,591.9414,681.8071,672.0391,810.7449,747.7411,927.4725,866.9108,811.7216,699.8779,721.856,659.9058,685.7143,619.8458,789.7436,5.36,0.5,51,49
2018-06-18 17:09,1,0,0,0,0,0,0,0,1,0,0,0,0,1,0,0,0,0,0,854.7009,906.9597,591.9414,681.8071,672.0391,810.7449,747.7411,927.4725,866.9108,811.7216,699.8779,721.856,659.9058,685.7143,619.8458,789.7436,5.36,0.47,49,46
2018-06-18 17:14,1,0,0,0,0,0,0,0,1,0,0,0,0,1,0,0,0,0,0,854.7009,906.9597,591.9414,681.8071,672.0391,810.7449,747.7411,927.4725,866.9108,811.7216,699.8779,721.856,659.9058,685.7143,619.8458,789.7436,5.36,0.46,49,47
2018-06-18 17:19,1,0,0,0,0,0,0,0,1,0,0,0,0,0,0,0,1,0,0,854.7009,856.6545,604.6398,680.8303,669.597,794.6276,747.7411,925.5189,866.9108,808.7913,704.7619,721.856,646.7191,694.0171,619.8458,811.7216,5.35,0.47,39,47
2018-06-18 17:24,1,0,0,0,0,0,0,0,1,0,0,0,0,1,0,0,0,0,0,854.7009,856.6545,604.6398,680.8303,669.597,794.6276,747.7411,925.5189,866.9108,808.7913,704.7619,720.8792,646.7191,694.0171,623.7642,811.7216,5.27,0.42,42,34
2018-06-18 17:29,0,0,0,0,0,0,0,0,0,0,0,0,0,1,0,0,0,0,0,854.7009,856.6545,604.6398,680.8303,669.597,794.6276,747.7411,925.5189,866.9108,808.7913,704.7619,720.8792,646.7191,694.0171,623.7642,811.7216,5.28,0.41,48,33
2018-06-18 17:34,0,0,0,0,0,0,0,0,0,0,0,0,0,1,0,0,0,0,0,837.6068,811.7216,595.8486,676.9231,670.5739,757.9976,739.9267,931.3797,862.0269,800.9769,691.5751,720.8792,646.7191,677.9351,623.7642,806.8376,5.26,0.41,48,37
2018-06-18 17:39,1,0,0,0,0,0,0,0,0,0,0,0,0,1,0,0,0,0,0,837.6068,811.7216,595.8486,676.9231,670.5739,757.9976,739.9267,931.3797,862.0269,800.9769,691.5751,720.8792,646.7191,677.9351,623.7642,806.8376,5.27,0.42,43,37
2018-06-18 17:44,0,0,0,0,0,0,0,0,1,0,0,0,0,1,0,0,0,0,0,837.6068,811.7216,595.8486,676.9231,670.5739,757.9976,739.9267,931.3797,862.0269,800.9769,691.5751,720.8792,646.7191,677.9351,623.7642,806.8376,5.37,0.43,52,36
2018-06-18 17:49,0,1,0,0,0,0,0,0,0,0,0,0,0,1,0,0,0,0,0,821.0012,887.9121,585.5922,663.7363,665.6899,781.9291,741.8803,927.961,780.9523,746.7643,693.0403,720.8792,639.8814,667.6434,623.7642,790.7204,5.37,0.4,49,49
2018-06-18 17:54,1,0,0,0,0,0,0,0,1,0,0,0,0,1,0,0,0,0,0,821.0012,887.9121,585.5922,663.7363,665.6899,781.9291,741.8803,927.961,780.9523,746.7643,693.0403,704.7619,639.8814,667.6434,598.8846,790.7204,5.37,0.4,48,50
2018-06-18 17:59,1,0,0,0,0,0,0,0,0,0,0,0,0,1,0,0,0,0,0,821.0012,887.9121,585.5922,663.7363,665.6899,781.9291,741.8803,927.961,780.9523,746.7643,693.0403,704.7619,639.8814,667.6434,598.8846,790.7204,5.23,0.39,48,58
2018-06-18 18:04,1,1,0,0,0,0,0,0,0,0,0,0,0,1,0,0,0,0,0,832.7228,924.0538,580.7082,668.6202,664.7131,777.0452,736.9963,936.7521,745.7875,701.8315,687.6679,704.7619,636.951,676.9231,598.8846,781.9291,5.23,0.37,64,63
2018-06-18 18:09,0,0,0,0,0,0,0,0,0,0,0,0,0,1,0,0,0,0,0,832.7228,924.0538,580.7082,668.6202,664.7131,777.0452,736.9963,936.7521,745.7875,701.8315,687.6679,704.7619,636.951,676.9231,598.8846,781.9291,5.23,0.39,80,62
2018-06-18 18:14,0,0,0,0,0,0,0,0,0,0,0,0,0,1,0,0,0,0,0,832.7228,924.0538,580.7082,668.6202,664.7131,777.0452,736.9963,936.7521,745.7875,701.8315,687.6679,704.7619,636.951,676.9231,598.8846,781.9291,5.15,0.44,84,64
2018-06-18 18:19,0,0,0,0,0,0,0,0,0,0,0,0,0,1,0,0,0,0,0,897.6801,1017.8267,589.011,669.597,655.9218,782.9059,723.8095,939.6826,730.6472,694.9939,682.7839,704.7619,630.0958,693.0403,598.8846,788.7668,5.05,0.41,85,64
2018-06-18 18:24,0,0,0,0,0,0,0,0,0,0,0,0,0,1,0,0,0,0,0,897.6801,1017.8267,589.011,669.597,655.9218,782.9059,723.8095,939.6826,730.6472,694.9939,682.7839,702.8083,630.0958,693.0403,585.6689,788.7668,4.92,0.41,88,65
2018-06-18 18:29,0,0,0,0,0,0,0,0,0,0,0,0,0,1,0,0,0,0,0,897.6801,1017.8267,589.011,669.597,655.9218,782.9059,723.8095,939.6826,730.6472,694.9939,682.7839,702.8083,630.0958,693.0403,585.6689,788.7668,4.77,0.43,86,64
2018-06-18 18:34,0,0,0,0,0,0,0,0,1,0,0,0,0,1,0,0,0,0,0,750.6715,789.7436,589.9878,660.8058,654.9451,764.8351,725.7631,945.5434,742.8571,689.6215,683.7607,702.8083,632.067,662.7595,585.6689,749.6947,4.76,0.43,86,64
2018-06-18 18:39,0,0,0,0,0,0,0,0,0,0,0,0,0,1,0,0,0,0,0,750.6715,789.7436,589.9878,660.8058,654.9451,764.8351,725.7631,945.5434,742.8571,689.6215,683.7607,702.8083,632.067,662.7595,585.6689,749.6947,4.77,0.43,87,64
2018-06-18 18:44,0,0,0,0,0,0,0,0,0,0,0,0,0,1,0,0,0,0,0,750.6715,789.7436,589.9878,660.8058,654.9451,764.8351,725.7631,945.5434,742.8571,689.6215,683.7607,702.8083,632.067,662.7595,585.6689,749.6947,4.77,0.42,87,65
2018-06-18 18:49,0,0,0,0,0,0,0,0,0,0,0,0,0,1,0,0,0,0,0,971.917,786.8132,590.9646,660.8058,652.0146,741.8803,723.8095,951.4042,751.6483,685.7143,685.7143,702.8083,632.067,660.8058,585.6689,716.9719,4.77,0.43,80,66
2018-06-18 18:54,0,0,0,0,0,0,0,0,0,0,0,0,0,1,0,0,0,0,0,971.917,786.8132,590.9646,660.8058,652.0146,741.8803,723.8095,951.4042,751.6483,685.7143,685.7143,696.9475,632.067,660.8058,578.8314,716.9719,4.77,0.42,83,67
2018-06-18 18:59,0,0,0,0,0,0,0,0,0,0,0,0,0,1,0,0,0,0,0,971.917,786.8132,590.9646,660.8058,652.0146,741.8803,723.8095,951.4042,751.6483,685.7143,685.7143,696.9475,632.067,660.8058,578.8314,716.9719,5,0.44,86,66
2018-06-18 19:04,0,0,0,0,0,0,0,0,0,0,0,0,0,1,0,0,0,0,0,1100.8547,1323.0769,581.685,655.9218,647.6288,752.6251,723.8095,954.3345,752.6251,694.0171,675.9463,696.9475,622.2039,657.8754,578.8314,733.5775,3.75,0.45,88,66
2018-06-18 19:09,1,0,0,0,0,0,0,0,0,0,0,0,0,1,0,0,0,0,0,1100.8547,1323.0769,581.685,655.9218,647.6288,752.6251,723.8095,954.3345,752.6251,694.0171,675.9463,696.9475,622.2039,657.8754,578.8314,733.5775,3.74,0.45,86,67
2018-06-18 19:14,0,0,0,0,0,0,0,0,0,0,0,0,0,1,0,0,0,0,0,1100.8547,1323.0769,581.685,655.9218,647.6288,752.6251,723.8095,954.3345,752.6251,694.0171,675.9463,696.9475,622.2039,657.8754,578.8314,733.5775,3.74,0.44,85,66
2018-06-18 19:19,1,0,0,0,0,0,0,0,0,0,0,0,0,1,0,0,0,0,0,1160.928,1181.9292,579.7314,658.8522,651.0378,761.9048,722.8327,957.265,751.6483,685.7143,676.9231,696.9475,623.7642,663.7637,578.8314,709.6459,3.74,0.46,85,61
2018-06-18 19:24,0,0,0,0,0,0,0,0,0,0,0,0,0,1,0,0,0,0,0,1160.928,1181.9292,579.7314,658.8522,651.0378,761.9048,722.8327,957.265,751.6483,685.7143,676.9231,689.6215,623.7642,663.7637,573.9473,709.6459,3.52,0.57,87,63
2018-06-18 19:29,1,1,0,0,0,0,0,0,0,0,0,0,0,1,0,0,0,0,0,1160.928,1181.9292,579.7314,658.8522,651.0378,761.9048,722.8327,957.265,751.6483,685.7143,676.9231,689.6215,623.7642,663.7637,573.9473,709.6459,3.52,0.45,82,63
2018-06-18 19:34,0,0,0,0,0,0,0,0,0,0,0,0,0,1,0,0,0,0,0,1105.7388,1117.9487,594.8718,659.829,648.5959,764.8351,719.9023,963.1258,745.7875,684.7375,676.9231,689.6215,620.8338,665.6899,573.9473,715.0183,3.52,0.42,84,63
2018-06-18 19:39,1,0,0,0,0,0,0,0,0,0,0,0,0,1,0,0,0,0,0,1105.7388,1117.9487,594.8718,659.829,648.5959,764.8351,719.9023,963.1258,745.7875,684.7375,676.9231,689.6215,620.8338,665.6899,573.9473,715.0183,3.52,0.44,84,63
2018-06-18 19:44,0,1,0,0,0,0,0,0,0,0,0,0,0,1,0,0,0,0,0,1105.7388,1117.9487,594.8718,659.829,648.5959,764.8351,719.9023,963.1258,745.7875,684.7375,676.9231,689.6215,620.8338,665.6899,573.9473,715.0183,3.51,0.44,80,58
2018-06-18 19:49,0,0,0,0,0,0,0,0,0,0,0,0,0,1,0,0,0,0,0,1048.5958,1060.8059,586.569,652.0146,643.7119,750.6715,719.9023,966.0562,746.7643,687.6679,673.9927,689.6215,619.857,656.8986,573.9473,699.8779,3.52,0.42,77,45
2018-06-18 19:54,0,0,0,0,0,0,0,0,0,0,0,0,0,1,0,0,0,0,0,1048.5958,1060.8059,586.569,652.0146,643.7119,750.6715,719.9023,966.0562,746.7643,687.6679,673.9927,694.0171,619.857,656.8986,546.1085,699.8779,3.51,0.41,72,45
2018-06-18 19:59,0,0,0,0,0,0,0,0,0,0,0,0,0,1,0,0,0,0,0,1048.5958,1060.8059,586.569,652.0146,643.7119,750.6715,719.9023,966.0562,746.7643,687.6679,673.9927,694.0171,619.857,656.8986,546.1085,699.8779,3.52,0.38,72,45
2018-06-18 20:04,0,0,0,0,0,0,0,0,0,0,0,0,0,1,0,0,0,0,0,1023.6874,1060.8059,589.9878,651.0378,637.8511,745.7875,716.9719,968.9866,740.9035,687.6679,673.0159,694.0171,625.7178,654.9451,546.1085,694.9939,3.52,0.38,71,44
2018-06-18 20:09,0,0,0,0,0,0,0,0,0,0,0,0,0,1,0,0,0,0,0,1023.6874,1060.8059,589.9878,651.0378,637.8511,745.7875,716.9719,968.9866,740.9035,687.6679,673.0159,694.0171,625.7178,654.9451,546.1085,694.9939,3.36,0.39,68,43
2018-06-18 20:14,0,0,0,0,0,0,0,0,0,0,0,0,0,1,0,0,0,0,0,1023.6874,1060.8059,589.9878,651.0378,637.8511,745.7875,716.9719,968.9866,740.9035,687.6679,673.0159,694.0171,625.7178,654.9451,546.1085,694.9939,3.35,0.35,68,42
2018-06-18 20:19,0,0,0,0,0,0,0,0,0,0,0,0,0,1,0,0,0,0,0,758.9744,748.7277,580.7082,658.8522,638.8278,743.8339,717.9487,968.9866,675.9463,682.7839,665.6899,694.0171,615.9498,655.9218,546.1085,691.5751,3.49,0.39,66,40
2018-06-18 20:24,0,0,0,0,0,0,0,0,0,0,0,0,0,1,0,0,0,0,0,758.9744,748.7277,580.7082,658.8522,638.8278,743.8339,717.9487,968.9866,675.9463,682.7839,665.6899,683.7607,615.9498,655.9218,535.8521,691.5751,3.48,0.37,66,40
2018-06-18 20:29,1,0,0,0,0,0,0,0,0,0,0,0,0,1,0,0,0,0,0,758.9744,748.7277,580.7082,658.8522,638.8278,743.8339,717.9487,968.9866,675.9463,682.7839,665.6899,683.7607,615.9498,655.9218,535.8521,691.5751,3.46,0.37,63,40
2018-06-18 20:34,0,0,0,0,0,0,0,0,0,0,0,0,0,1,0,0,0,0,0,740.9035,717.9487,570.9402,644.6887,635.8975,702.8083,715.9951,968.9866,632.967,680.8303,664.7131,683.7607,615.9732,646.6423,535.8521,689.6215,3.47,0.37,60,39
2018-06-18 20:39,0,0,0,0,0,0,0,0,0,0,0,0,0,1,0,0,0,0,0,740.9035,717.9487,570.9402,644.6887,635.8975,702.8083,715.9951,968.9866,632.967,680.8303,664.7131,683.7607,615.9732,646.6423,535.8521,689.6215,3.52,0.38,64,39
2018-06-18 20:44,0,0,0,0,0,0,0,0,0,0,0,0,0,1,0,0,0,0,0,740.9035,717.9487,570.9402,644.6887,635.8975,702.8083,715.9951,968.9866,632.967,680.8303,664.7131,683.7607,615.9732,646.6423,535.8521,689.6215,3.26,0.49,59,38
2018-06-18 20:49,0,0,0,0,0,0,0,0,0,0,0,0,0,1,0,0,0,0,0,724.7863,719.9023,563.6142,651.0378,631.9902,662.7595,712.5763,968.9866,617.8266,677.8999,664.7131,683.7607,613.9962,643.9167,535.8521,685.7143,3.47,0.38,56,39
2018-06-18 20:54,0,0,0,0,0,0,0,0,0,0,0,0,0,1,0,0,0,0,0,724.7863,719.9023,563.6142,651.0378,631.9902,662.7595,712.5763,968.9866,617.8266,677.8999,664.7131,673.0159,613.9962,643.9167,529.0145,685.7143,3.47,0.38,56,30
2018-06-18 20:59,0,0,0,0,0,0,0,0,1,0,0,0,0,1,0,0,0,0,0,724.7863,719.9023,563.6142,651.0378,631.9902,662.7595,712.5763,968.9866,617.8266,677.8999,664.7131,673.0159,613.9962,643.9167,529.0145,685.7143,3.61,0.37,55,1
2018-06-18 21:04,0,0,0,0,0,0,0,0,0,0,0,0,0,1,0,0,0,0,0,748.718,754.5787,554.823,642.735,628.5714,628.5714,706.7155,960.1954,612.9426,673.9927,659.829,673.0159,612.0426,647.6191,529.0145,680.8303,3.52,0.32,16,0
2018-06-18 21:09,0,0,0,0,0,0,0,0,0,0,0,0,0,1,0,0,0,0,0,748.718,754.5787,554.823,642.735,628.5714,628.5714,706.7155,960.1954,612.9426,673.9927,659.829,673.0159,612.0426,647.6191,529.0145,680.8303,3.52,0.32,3,0
2018-06-18 21:14,0,0,0,0,0,0,0,0,0,0,0,0,0,1,0,0,0,0,0,748.718,754.5787,554.823,642.735,628.5714,628.5714,706.7155,960.1954,612.9426,673.9927,659.829,673.0159,612.0426,647.6191,529.0145,680.8303,3.51,0.32,3,0
2018-06-18 21:19,0,0,0,0,0,0,0,0,0,0,0,0,0,1,0,0,0,0,0,735.0427,741.8803,550.9158,637.8511,622.7106,619.7802,700.8547,954.3345,609.0354,676.9231,654.9451,673.0159,609.1122,640.7814,529.0145,683.7607,3.38,0.32,2,0
2018-06-18 21:24,0,0,0,0,0,0,0,0,0,0,0,0,0,1,0,0,0,0,0,735.0427,741.8803,550.9158,637.8511,622.7106,619.7802,700.8547,954.3345,609.0354,676.9231,654.9451,652.9915,609.1122,640.7814,527.0609,683.7607,3.36,0.32,3,0
2018-06-18 21:29,0,0,0,0,0,0,0,0,0,0,0,0,0,1,0,0,0,0,0,735.0427,741.8803,550.9158,637.8511,622.7106,619.7802,700.8547,954.3345,609.0354,676.9231,654.9451,652.9915,609.1122,640.7814,527.0609,683.7607,3.38,0.36,2,0
2018-06-18 21:34,0,0,0,0,0,0,0,0,0,0,0,0,0,1,0,0,0,0,0,710.7203,704.7619,551.8926,634.9207,625.641,619.7802,700.8547,951.4042,605.6166,672.0391,657.8754,652.9915,608.1354,636.8743,527.0609,676.9231,3.38,0.34,1,0
2018-06-18 21:39,0,0,0,0,0,0,0,0,0,0,0,0,0,1,0,0,0,0,0,710.7203,704.7619,551.8926,634.9207,625.641,619.7802,700.8547,951.4042,605.6166,672.0391,657.8754,652.9915,608.1354,636.8743,527.0609,676.9231,3.36,0.33,1,0
2018-06-18 21:44,0,0,0,0,0,0,0,0,0,0,0,0,0,1,0,0,0,0,0,710.7203,704.7619,551.8926,634.9207,625.641,619.7802,700.8547,951.4042,605.6166,672.0391,657.8754,652.9915,608.1354,636.8743,527.0609,676.9231,3.37,0.32,2,0
2018-06-18 21:49,0,0,0,0,0,0,0,0,0,0,0,0,0,1,0,0,0,0,0,694.9939,694.0171,552.8694,628.5714,623.6874,617.8266,703.7851,945.5434,609.0354,669.597,652.9915,652.9915,603.7398,637.9822,527.0609,677.8999,3.38,0.32,3,0
2018-06-18 21:54,0,0,0,0,0,0,0,0,0,0,0,0,0,1,0,0,0,0,0,694.9939,694.0171,552.8694,628.5714,623.6874,617.8266,703.7851,945.5434,609.0354,669.597,652.9915,631.9902,603.7398,637.9822,508.9901,677.8999,3.39,0.33,3,0
2018-06-18 21:59,0,0,0,0,0,0,0,0,0,0,0,0,0,1,0,0,0,0,0,694.9939,694.0171,552.8694,628.5714,623.6874,617.8266,703.7851,945.5434,609.0354,669.597,652.9915,631.9902,603.7398,637.9822,508.9901,677.8999,2.21,0.31,3,0
2018-06-19 6:04,0,0,0,0,0,0,0,0,0,0,0,0,0,1,0,0,0,0,0,612.9426,607.5702,480.5861,560.6838,554.823,562.6374,636.8743,761.9048,544.5568,596.8254,582.6617,577.7241,538.7825,558.7972,452.8584,604.6398,3.47,0.35,2,1
2018-06-19 6:09,0,0,0,0,0,0,0,0,0,0,0,0,0,1,0,0,0,0,0,612.9426,607.5702,480.5861,560.6838,554.823,562.6374,636.8743,761.9048,544.5568,596.8254,582.6617,577.7241,538.7825,558.7972,452.8584,604.6398,3.68,0.33,2,1
2018-06-19 6:14,0,0,0,0,0,0,0,0,0,0,0,0,0,1,0,0,0,1,0,612.9426,607.5702,480.5861,560.6838,554.823,562.6374,636.8743,761.9048,544.5568,596.8254,582.6617,577.7241,538.7825,558.7972,452.8584,604.6398,3.68,0.34,3,1
2018-06-19 6:19,0,0,0,0,0,0,0,0,0,0,0,0,0,1,0,0,0,0,0,610.0122,605.519,486.9353,567.033,552.8694,562.6374,639.8046,756.0439,540.6594,593.895,579.7314,577.7241,534.8753,559.707,452.8584,602.6862,4.4,0.33,2,1
2018-06-19 6:24,1,0,0,0,0,0,0,0,0,0,0,0,0,1,0,0,0,0,0,610.0122,605.519,486.9353,567.033,552.8694,562.6374,639.8046,756.0439,540.6594,593.895,579.7314,580.7082,534.8753,559.707,452.8241,602.6862,4.55,0.33,4,1
2018-06-19 6:29,0,0,0,0,0,0,0,0,0,0,0,0,0,1,0,0,0,0,0,610.0122,605.519,486.9353,567.033,552.8694,562.6374,639.8046,756.0439,540.6594,593.895,579.7314,580.7082,534.8753,559.707,452.8241,602.6862,4.51,0.32,4,0
2018-06-19 6:34,0,0,0,0,0,0,0,0,0,0,0,0,0,1,0,0,0,0,0,618.8034,610.0122,488.8889,561.6606,554.823,563.6142,638.8278,756.0439,543.5897,597.8022,581.685,580.7082,538.2824,568.9866,452.8241,606.5934,4.52,0.34,3,1
2018-06-19 6:39,0,0,0,0,0,0,0,0,0,0,0,0,0,1,0,0,0,0,0,618.8034,610.0122,488.8889,561.6606,554.823,563.6142,638.8278,756.0439,543.5897,597.8022,581.685,580.7082,538.2824,568.9866,452.8241,606.5934,4.51,0.33,3,0
2018-06-19 6:44,0,0,0,0,0,0,0,0,0,0,0,0,0,1,0,0,0,0,0,618.8034,610.0122,488.8889,561.6606,554.823,563.6142,638.8278,756.0439,543.5897,597.8022,581.685,580.7082,538.2824,568.9866,452.8241,606.5934,4.51,0.31,4,0
2018-06-19 6:49,0,0,0,0,0,0,0,0,0,0,0,0,0,1,0,0,0,0,0,612.9426,604.6398,477.6557,557.7534,552.8694,567.033,638.8278,753.1136,518.6813,593.895,581.685,580.7082,536.8289,558.7302,452.8241,602.6862,4.51,0.32,4,0
2018-06-19 6:54,0,0,0,0,0,0,0,0,0,0,0,0,0,1,0,0,0,0,0,612.9426,604.6398,477.6557,557.7534,552.8694,567.033,638.8278,753.1136,518.6813,593.895,581.685,577.7778,536.8289,558.7302,451.8473,602.6862,4.52,0.32,2,0
2018-06-19 6:59,0,0,0,0,0,0,0,0,0,0,0,0,0,1,0,0,0,0,0,612.9426,604.6398,477.6557,557.7534,552.8694,567.033,638.8278,753.1136,518.6813,593.895,581.685,577.7778,536.8289,558.7302,451.8473,602.6862,3.43,0.32,2,0
2018-06-19 7:04,0,0,0,0,0,0,0,0,0,0,0,0,0,1,0,0,0,0,0,606.5934,602.6862,487.9121,562.6374,558.7302,560.6838,644.6887,753.1136,471.7949,594.8718,582.6617,577.7778,537.8057,554.7887,451.8473,601.7094,3.43,0.32,3,0
2018-06-19 7:09,0,0,0,0,0,0,0,0,0,0,0,0,0,1,0,0,0,0,0,606.5934,602.6862,487.9121,562.6374,558.7302,560.6838,644.6887,753.1136,471.7949,594.8718,582.6617,577.7778,537.8057,554.7887,451.8473,601.7094,2.28,0.32,3,0
2018-06-19 7:14,0,0,0,0,0,0,0,0,0,0,0,0,0,1,0,0,0,0,0,606.5934,602.6862,487.9121,562.6374,558.7302,560.6838,644.6887,753.1136,471.7949,594.8718,582.6617,577.7778,537.8057,554.7887,451.8473,601.7094,2.28,0.32,3,0
2018-06-19 7:19,0,0,0,0,0,0,0,0,0,0,0,0,0,1,0,0,0,0,0,611.9658,601.7094,484.0049,563.6142,557.7534,564.591,637.8511,747.2527,490.8425,592.9182,585.5922,577.7778,538.7825,563.6142,451.8473,596.8254,2.28,0.31,3,0
2018-06-19 7:24,0,0,0,0,0,0,0,0,0,0,0,0,0,1,0,0,0,0,0,611.9658,601.7094,484.0049,563.6142,557.7534,564.591,637.8511,747.2527,490.8425,592.9182,585.5922,579.7314,538.7825,563.6142,453.8009,596.8254,2.28,0.32,3,0
2018-06-19 7:29,0,0,0,0,0,0,0,0,0,0,0,0,0,1,0,0,0,0,0,611.9658,601.7094,484.0049,563.6142,557.7534,564.591,637.8511,747.2527,490.8425,592.9182,585.5922,579.7314,538.7825,563.6142,453.8009,596.8254,2.27,0.31,2,0
2018-06-19 7:34,0,0,0,0,0,0,0,0,0,0,0,0,0,1,0,0,0,0,0,610.0122,604.6398,490.8425,558.7302,558.7302,561.6606,643.7119,741.392,513.7973,593.895,579.7314,579.7314,540.7361,561.6606,453.8009,593.895,2.27,0.31,2,1
2018-06-19 7:39,0,0,0,0,0,0,0,0,0,0,0,0,0,1,0,0,1,0,0,610.0122,604.6398,490.8425,558.7302,558.7302,561.6606,643.7119,741.392,513.7973,593.895,579.7314,579.7314,540.7361,561.6606,453.8009,593.895,1.67,0.31,2,1
2018-06-19 7:44,0,0,0,0,0,0,0,0,0,0,0,0,0,1,0,0,0,0,0,610.0122,604.6398,490.8425,558.7302,558.7302,561.6606,643.7119,741.392,513.7973,593.895,579.7314,579.7314,540.7361,561.6606,453.8009,593.895,1.83,0.43,3,1
2018-06-19 7:49,0,0,0,0,0,0,0,0,0,0,0,0,0,1,0,0,0,0,0,611.9658,606.5934,476.6789,559.707,556.7766,567.033,644.6887,729.6703,507.9365,590.9646,584.6154,579.7314,540.7361,556.7766,453.8009,588.0342,1.83,0.35,2,1
2018-06-19 7:54,0,0,0,0,0,0,0,0,0,0,0,0,0,1,0,0,0,0,0,611.9658,606.5934,476.6789,559.707,556.7766,567.033,644.6887,729.6703,507.9365,590.9646,584.6154,580.7082,540.7361,556.7766,490.9193,588.0342,1.83,0.31,3,1
2018-06-19 7:59,0,0,0,0,0,0,0,0,0,0,0,0,0,1,0,0,0,0,0,611.9658,606.5934,476.6789,559.707,556.7766,567.033,644.6887,729.6703,507.9365,590.9646,584.6154,580.7082,540.7361,556.7766,490.9193,588.0342,1.84,0.35,2,1
2018-06-19 8:04,0,0,0,0,0,0,0,0,0,0,0,0,0,1,0,0,0,0,0,613.9194,603.663,477.6557,553.8462,558.7302,563.6142,641.7582,720.8792,506.9597,593.895,581.685,580.7082,577.8546,559.7182,490.9193,596.8254,1.84,0.32,2,2
2018-06-19 8:09,0,0,0,0,0,0,0,0,0,0,0,0,0,1,0,0,0,0,0,613.9194,603.663,477.6557,553.8462,558.7302,563.6142,641.7582,720.8792,506.9597,593.895,581.685,580.7082,577.8546,559.7182,490.9193,596.8254,1.92,0.32,4,2
2018-06-19 8:14,0,0,0,0,0,0,0,0,0,0,0,0,0,1,0,0,0,0,0,613.9194,603.663,477.6557,553.8462,558.7302,563.6142,641.7582,720.8792,506.9597,593.895,581.685,580.7082,577.8546,559.7182,490.9193,596.8254,1.92,0.32,4,2
2018-06-19 8:19,0,0,0,0,0,0,0,0,0,0,0,0,0,1,0,0,0,0,0,609.0354,600.7326,480.5861,561.6606,557.7534,561.6606,646.6423,748.2296,490.8425,590.9646,580.7082,580.7082,599.8326,559.707,490.9193,584.6154,1.92,0.32,3,2
2018-06-19 8:24,0,0,0,0,0,0,0,0,0,0,0,0,0,1,0,0,0,0,0,609.0354,600.7326,480.5861,561.6606,557.7534,561.6606,646.6423,748.2296,490.8425,590.9646,580.7082,578.7546,599.8326,559.707,521.6885,584.6154,2.87,0.33,4,3
2018-06-19 8:29,0,0,0,0,0,0,0,0,0,0,0,0,0,1,0,0,0,0,0,609.0354,600.7326,480.5861,561.6606,557.7534,561.6606,646.6423,748.2296,490.8425,590.9646,580.7082,578.7546,599.8326,559.707,521.6885,584.6154,2.89,0.33,4,3
2018-06-19 8:34,0,0,0,0,0,0,0,0,0,0,0,0,0,1,0,0,0,0,0,609.0354,602.6862,490.8425,559.707,552.8694,568.0098,642.735,725.2747,516.7277,597.8022,579.7314,578.7546,612.9523,558.0734,521.6885,588.0342,2.88,0.34,4,3
2018-06-19 8:39,0,0,0,0,0,0,0,0,0,0,0,0,0,1,0,0,0,0,0,609.0354,602.6862,490.8425,559.707,552.8694,568.0098,642.735,725.2747,516.7277,597.8022,579.7314,578.7546,612.9523,558.0734,521.6885,588.0342,2.88,0.36,6,3
2018-06-19 8:44,0,0,0,0,0,0,0,0,0,0,0,0,0,1,0,0,0,0,0,609.0354,602.6862,490.8425,559.707,552.8694,568.0098,642.735,725.2747,516.7277,597.8022,579.7314,578.7546,612.9523,558.0734,521.6885,588.0342,2.87,0.36,5,4
2018-06-19 8:49,0,0,0,0,0,0,0,0,0,0,0,0,0,1,0,0,0,0,0,617.8266,617.8266,477.6557,554.823,543.5897,559.707,644.6887,716.9719,484.0049,597.8022,584.6154,578.7546,620.8338,557.7534,521.6885,594.8718,2.87,0.36,5,6
2018-06-19 8:54,0,0,0,0,0,0,0,0,0,0,0,0,0,1,0,0,0,0,0,617.8266,617.8266,477.6557,554.823,543.5897,559.707,644.6887,716.9719,484.0049,597.8022,584.6154,576.801,620.8338,557.7534,537.8057,594.8718,2.96,0.36,5,14
2018-06-19 8:59,0,0,0,0,0,0,0,0,0,0,0,0,0,1,0,0,0,0,0,617.8266,617.8266,477.6557,554.823,543.5897,559.707,644.6887,716.9719,484.0049,597.8022,584.6154,576.801,620.8338,557.7534,537.8057,594.8718,2.39,0.37,7,15
2018-06-19 9:04,0,0,0,0,0,0,0,0,0,0,0,0,0,1,0,0,0,0,0,627.5946,661.7827,484.0049,559.707,547.9854,564.591,643.7119,699.8779,508.9133,595.8486,665.6899,576.801,620.8338,556.7766,537.8057,592.9182,3.18,0.38,12,16
2018-06-19 9:09,0,0,0,0,0,0,0,0,0,0,0,0,0,1,0,0,0,0,0,627.5946,661.7827,484.0049,559.707,547.9854,564.591,643.7119,699.8779,508.9133,595.8486,665.6899,576.801,620.8338,556.7766,537.8057,592.9182,2.92,0.37,18,17
2018-06-19 9:14,0,0,0,0,0,0,0,0,0,0,0,0,0,1,0,0,0,0,0,627.5946,661.7827,484.0049,559.707,547.9854,564.591,643.7119,699.8779,508.9133,595.8486,665.6899,576.801,620.8338,556.7766,537.8057,592.9182,2.91,0.36,18,17
2018-06-19 9:19,0,0,0,0,0,0,0,0,0,0,0,0,0,1,0,0,0,0,0,651.0378,716.9719,488.8889,559.707,547.9854,567.033,636.8743,681.8071,507.9365,595.8486,683.7607,576.801,603.1727,551.8926,537.8057,594.8718,2.91,0.37,17,17
2018-06-19 9:24,0,0,0,0,0,0,0,0,0,0,0,0,0,1,0,0,0,0,0,651.0378,716.9719,488.8889,559.707,547.9854,567.033,636.8743,681.8071,507.9365,595.8486,683.7607,573.8705,603.1727,551.8926,509.1855,594.8718,3.18,0.38,18,18
2018-06-19 9:29,0,0,0,0,0,0,0,0,0,0,0,0,0,1,0,0,0,0,0,651.0378,716.9719,488.8889,559.707,547.9854,567.033,636.8743,681.8071,507.9365,595.8486,683.7607,573.8705,603.1727,551.8926,509.1855,594.8718,3.17,0.37,20,19
2018-06-19 9:34,0,0,0,0,0,0,0,0,0,0,0,0,0,1,0,0,0,0,0,694.9939,731.624,488.8889,556.7766,548.9622,571.917,639.8046,669.597,522.5886,593.895,695.9707,573.8705,553.9573,552.8694,509.1855,596.8254,3.17,0.38,19,19
2018-06-19 9:39,0,0,0,0,0,0,0,0,0,0,0,0,0,1,0,0,0,0,0,694.9939,731.624,488.8889,556.7766,548.9622,571.917,639.8046,669.597,522.5886,593.895,695.9707,573.8705,553.9573,552.8694,509.1855,596.8254,3.17,0.39,23,18
2018-06-19 9:44,0,0,0,0,0,0,0,0,0,0,0,0,0,0,0,0,0,0,0,694.9939,731.624,488.8889,556.7766,548.9622,571.917,639.8046,669.597,522.5886,593.895,695.9707,573.8705,553.9573,552.8694,509.1855,596.8254,3.17,0.4,23,16
2018-06-19 9:49,0,0,0,0,0,0,0,0,0,0,0,0,0,1,0,0,0,0,0,721.856,744.8107,483.0281,556.7766,550.9158,612.9426,638.8278,653.9683,517.7045,599.7558,697.9243,573.8705,538.7825,542.6305,509.1855,590.9646,3.17,0.37,25,16
2018-06-19 9:54,0,0,0,0,0,0,0,0,0,0,0,0,0,1,0,0,0,0,0,721.856,744.8107,483.0281,556.7766,550.9158,612.9426,638.8278,653.9683,517.7045,599.7558,697.9243,576.801,538.7825,542.6305,485.0585,590.9646,3.18,0.37,20,16
2018-06-19 9:59,0,0,0,0,0,0,0,0,0,0,0,0,0,1,0,0,0,0,0,721.856,744.8107,483.0281,556.7766,550.9158,612.9426,638.8278,653.9683,517.7045,599.7558,697.9243,576.801,538.7825,542.6305,485.0585,590.9646,3.17,0.38,22,16
2018-06-19 10:04,0,0,0,0,0,0,0,0,0,0,1,0,0,1,0,0,0,0,0,736.9963,740.9035,486.9353,555.7997,550.9158,628.5714,640.7814,638.8278,510.8669,592.9182,693.0403,576.801,538.7825,548.9622,485.0585,591.9414,3.09,0.39,23,13
2018-06-19 10:09,0,0,0,0,0,1,0,0,0,0,1,0,0,1,0,0,0,0,0,736.9963,740.9035,486.9353,555.7997,550.9158,628.5714,640.7814,638.8278,510.8669,592.9182,693.0403,576.801,538.7825,548.9622,485.0585,591.9414,3.09,0.36,23,12
2018-06-19 10:14,0,0,0,0,0,0,0,0,0,0,0,0,0,1,0,0,0,0,0,736.9963,740.9035,486.9353,555.7997,550.9158,628.5714,640.7814,638.8278,510.8669,592.9182,693.0403,576.801,538.7825,548.9622,485.0585,591.9414,3.09,0.37,21,17
2018-06-19 10:19,0,0,0,0,0,0,0,0,0,0,0,0,0,1,0,0,0,0,0,740.9035,735.0427,484.0049,559.707,551.8926,636.8743,635.8975,634.9207,525.0305,593.895,698.9011,576.801,534.8753,549.939,485.0585,596.8254,3.17,0.4,21,16
2018-06-19 10:24,0,0,0,0,0,0,0,0,0,0,1,0,0,1,0,0,0,0,0,740.9035,735.0427,484.0049,559.707,551.8926,636.8743,635.8975,634.9207,525.0305,593.895,698.9011,576.801,534.8753,549.939,477.7325,596.8254,3.17,0.38,24,19
2018-06-19 10:29,0,0,0,0,0,0,0,0,0,0,1,0,0,1,0,0,0,0,0,740.9035,735.0427,484.0049,559.707,551.8926,636.8743,635.8975,634.9207,525.0305,593.895,698.9011,576.801,534.8753,549.939,477.7325,596.8254,3.17,0.36,24,18
2018-06-19 10:34,0,0,0,0,0,0,0,0,0,0,1,0,0,1,0,0,0,0,0,739.9267,756.0439,486.9353,556.7766,549.939,628.5714,634.9207,634.9207,526.9939,592.9182,701.8315,576.801,531.9449,547.9854,477.7325,597.8022,3.17,0.36,26,18
2018-06-19 10:39,0,0,0,0,0,0,0,0,0,0,1,0,0,1,0,0,0,0,0,739.9267,756.0439,486.9353,556.7766,549.939,628.5714,634.9207,634.9207,526.9939,592.9182,701.8315,576.801,531.9449,547.9854,477.7325,597.8022,3.18,0.36,26,16
2018-06-19 10:44,0,0,0,0,0,0,0,0,0,0,1,0,0,1,0,0,0,0,0,739.9267,756.0439,486.9353,556.7766,549.939,628.5714,634.9207,634.9207,526.9939,592.9182,701.8315,576.801,531.9449,547.9854,477.7325,597.8022,3.17,0.36,25,18
2018-06-19 10:49,0,0,0,0,0,0,0,0,0,0,1,0,0,1,0,0,0,0,0,740.9035,746.7643,480.5861,556.7766,547.9854,631.9902,640.7814,626.1295,534.7985,594.8718,698.9011,576.801,533.8985,540.6594,477.7325,595.8486,4.33,0.36,24,19
2018-06-19 10:54,0,0,0,0,0,0,0,0,0,0,1,0,0,1,0,0,0,0,0,740.9035,746.7643,480.5861,556.7766,547.9854,631.9902,640.7814,626.1295,534.7985,594.8718,698.9011,576.8122,533.8985,540.6594,467.9645,595.8486,4.59,0.38,26,18
2018-06-19 10:59,0,0,0,0,0,0,0,0,0,0,1,0,0,1,0,0,0,0,0,740.9035,746.7643,480.5861,556.7766,547.9854,631.9902,640.7814,626.1295,534.7985,594.8718,698.9011,576.8122,533.8985,540.6594,467.9645,595.8486,3.88,0.36,28,20
2018-06-19 11:04,0,0,0,0,0,0,0,0,0,0,1,0,0,1,0,0,0,0,0,744.8107,743.8339,488.8889,553.8462,546.0317,631.9902,634.9207,615.873,539.6826,594.8718,695.9707,576.8122,542.6897,547.9854,467.9645,598.779,3.87,0.38,28,20
2018-06-19 11:09,0,0,0,0,0,0,0,0,0,0,1,0,0,1,0,0,0,0,0,744.8107,743.8339,488.8889,553.8462,546.0317,631.9902,634.9207,615.873,539.6826,594.8718,695.9707,576.8122,542.6897,547.9854,467.9645,598.779,3.87,0.38,29,22
2018-06-19 11:14,0,0,0,0,0,0,0,0,0,0,1,0,0,1,0,0,0,0,0,744.8107,743.8339,488.8889,553.8462,546.0317,631.9902,634.9207,615.873,539.6826,594.8718,695.9707,576.8122,542.6897,547.9854,467.9645,598.779,3.87,0.38,29,25
2018-06-19 11:19,0,0,0,0,0,0,0,0,0,0,1,0,0,1,0,0,0,0,0,743.8339,744.8107,489.8657,561.6606,547.0085,620.757,641.7582,606.105,540.6594,590.9646,714.0415,576.8122,536.9632,552.4693,467.9645,600.7326,3.95,0.38,30,26
2018-06-19 11:24,0,0,0,0,0,0,0,0,0,0,1,0,0,1,0,0,0,0,0,743.8339,744.8107,489.8657,561.6606,547.0085,620.757,641.7582,606.105,540.6594,590.9646,714.0415,572.8937,536.9632,552.4693,513.8741,600.7326,3.95,0.38,30,26
2018-06-19 11:29,0,0,0,0,0,0,0,0,0,0,1,0,0,1,0,0,0,0,0,743.8339,744.8107,489.8657,561.6606,547.0085,620.757,641.7582,606.105,540.6594,590.9646,714.0415,572.8937,536.9632,552.4693,513.8741,600.7326,3.95,0.4,34,26
2018-06-19 11:34,0,0,0,0,0,0,0,0,0,0,1,0,0,1,0,0,0,0,0,743.8339,753.6019,481.5629,557.7534,547.9854,620.757,636.8743,598.2906,532.8449,593.8853,715.0183,572.8937,535.8521,553.8462,513.8741,673.9927,3.95,0.4,32,26
2018-06-19 11:39,0,0,0,0,0,0,0,0,0,0,1,0,0,0,0,0,0,0,0,743.8339,753.6019,481.5629,557.7534,547.9854,620.757,636.8743,598.2906,532.8449,593.8853,715.0183,572.8937,535.8521,553.8462,513.8741,673.9927,3.95,0.4,33,27
2018-06-19 11:44,0,0,0,0,0,0,0,0,0,0,1,0,0,1,0,0,0,0,0,743.8339,753.6019,481.5629,557.7534,547.9854,620.757,636.8743,598.2906,532.8449,593.8853,715.0183,572.8937,535.8521,553.8462,513.8741,673.9927,3.95,0.56,34,28
2018-06-19 11:49,0,0,0,0,0,0,0,0,0,0,1,0,0,1,0,0,0,0,0,746.7643,744.8205,487.9121,556.7766,549.939,631.9902,644.6887,592.9182,537.7289,594.8718,761.9048,572.8937,530.9681,568.9866,513.8741,699.8779,3.87,0.4,34,29
2018-06-19 11:54,0,0,0,0,0,0,0,0,0,0,1,0,0,1,0,0,0,0,0,746.7643,744.8205,487.9121,556.7766,549.939,631.9902,644.6887,592.9182,537.7289,594.8718,761.9048,574.8384,530.9681,568.9866,529.0376,699.8779,3.86,0.45,35,24
2018-06-19 11:59,0,0,0,0,0,0,0,0,0,0,1,0,0,1,0,0,0,0,0,746.7643,744.8205,487.9121,556.7766,549.939,631.9902,644.6887,592.9182,537.7289,594.8718,761.9048,574.8384,530.9681,568.9866,529.0376,699.8779,3.87,0.44,34,23
2018-06-19 12:04,0,0,1,0,0,0,0,0,0,0,1,0,0,1,0,0,0,0,0,745.7875,732.6007,489.8657,557.7534,549.939,631.9902,639.8046,589.9878,544.5665,594.8718,720.8792,574.8384,529.9913,560.6838,529.0376,678.8767,3.87,0.43,34,19
2018-06-19 12:09,0,0,0,0,0,0,0,0,0,0,1,0,0,1,0,0,0,0,0,745.7875,732.6007,489.8657,557.7534,549.939,631.9902,639.8046,589.9878,544.5665,594.8718,720.8792,574.8384,529.9913,560.6838,529.0376,678.8767,4.1,0.44,33,19
2018-06-19 12:14,0,0,0,0,0,0,0,0,0,0,1,0,0,1,0,0,0,0,0,745.7875,732.6007,489.8657,557.7534,549.939,631.9902,639.8046,589.9878,544.5665,594.8718,720.8792,574.8384,529.9913,560.6838,529.0376,678.8767,4.1,0.42,30,19
2018-06-19 12:19,0,0,0,0,0,0,0,0,0,0,1,0,0,1,0,0,0,0,0,741.8803,746.7643,496.7033,551.8926,546.0317,621.7338,638.8278,583.1502,538.7057,593.895,684.7375,574.8384,533.8985,559.707,529.0376,627.5946,4.09,0.43,28,20
2018-06-19 12:24,0,0,0,0,0,0,0,0,0,0,1,0,0,1,0,0,0,0,0,741.8803,746.7643,496.7033,551.8926,546.0317,621.7338,638.8278,583.1502,538.7057,593.895,684.7375,574.8474,533.8985,559.707,453.8009,627.5946,4.18,0.44,27,22
2018-06-19 12:29,0,0,0,0,0,0,0,0,0,0,1,0,0,1,0,0,0,0,0,741.8803,746.7643,496.7033,551.8926,546.0317,621.7338,638.8278,583.1502,538.7057,593.895,684.7375,574.8474,533.8985,559.707,453.8009,627.5946,5.36,0.41,30,23
2018-06-19 12:34,0,0,0,0,0,0,0,0,0,0,1,0,0,1,0,0,0,0,0,744.8107,744.8107,476.6789,554.823,547.9854,618.8034,637.8511,573.8705,552.8694,606.5934,614.8962,574.8474,531.9449,560.695,453.8009,609.0354,5.18,0.41,33,20
2018-06-19 12:39,0,1,0,0,0,0,0,0,0,0,1,0,0,1,0,0,0,0,0,744.8107,744.8107,476.6789,554.823,547.9854,618.8034,637.8511,573.8705,552.8694,606.5934,614.8962,574.8474,531.9449,560.695,453.8009,609.0354,5.17,0.41,33,22
2018-06-19 12:44,0,0,0,0,0,0,0,0,0,0,1,0,0,1,0,0,0,0,0,744.8107,744.8107,476.6789,554.823,547.9854,618.8034,637.8511,573.8705,552.8694,606.5934,614.8962,574.8474,531.9449,560.695,453.8009,609.0354,5.17,0.52,33,10
2018-06-19 12:49,0,0,0,0,0,0,0,0,0,1,1,0,0,1,0,0,0,0,0,739.9267,673.9927,484.0049,553.8462,547.9854,601.7192,630.0366,574.359,555.7997,609.0354,588.0342,574.8474,533.8985,551.8926,453.8009,593.895,5.16,0.41,31,12
2018-06-19 12:54,0,0,0,0,0,0,0,0,0,1,1,0,0,1,0,0,0,0,0,739.9267,673.9927,484.0049,553.8462,547.9854,601.7192,630.0366,574.359,555.7997,609.0354,588.0342,575.8242,533.8985,551.8926,449.8936,593.895,5.3,0.41,31,18
2018-06-19 12:59,0,0,0,0,0,0,0,0,0,0,1,0,0,0,0,0,0,0,0,739.9267,673.9927,484.0049,553.8462,547.9854,601.7192,630.0366,574.359,555.7997,609.0354,588.0342,575.8242,533.8985,551.8926,449.8936,593.895,5.3,0.4,23,20
2018-06-19 13:04,0,0,0,0,0,0,0,0,0,1,1,0,0,1,0,0,0,0,0,762.8816,682.7839,494.7497,579.7314,550.9158,616.8498,648.5959,589.9878,558.7302,657.8754,597.8022,575.8242,549.8846,577.7778,449.8936,610.989,5.44,0.47,23,19
2018-06-19 13:09,0,0,0,0,0,0,0,0,0,0,1,0,0,1,0,0,0,0,0,762.8816,682.7839,494.7497,579.7314,550.9158,616.8498,648.5959,589.9878,558.7302,657.8754,597.8022,575.8242,549.8846,577.7778,449.8936,610.989,5.61,0.41,28,19
2018-06-19 13:14,0,0,0,0,0,0,0,0,1,0,0,0,0,1,0,0,0,0,0,762.8816,682.7839,494.7497,579.7314,550.9158,616.8498,648.5959,589.9878,558.7302,657.8754,597.8022,575.8242,549.8846,577.7778,449.8936,610.989,5.61,0.41,28,19
2018-06-19 13:19,1,0,0,0,0,0,0,0,0,0,0,0,0,1,0,0,0,0,0,775.58,675.9463,507.9365,598.779,565.5678,639.8046,656.8986,598.2906,581.685,610.0024,698.9011,575.8242,563.691,602.7291,449.8936,635.8975,6.02,0.41,28,20
2018-06-19 13:24,1,0,0,0,0,0,0,0,0,0,0,0,0,1,0,0,0,0,0,775.58,675.9463,507.9365,598.779,565.5678,639.8046,656.8986,598.2906,581.685,610.0024,698.9011,607.5702,563.691,602.7291,557.8301,635.8975,6.02,0.42,29,21
2018-06-19 13:29,0,0,0,0,0,0,0,0,1,0,0,0,0,1,0,0,0,0,0,775.58,675.9463,507.9365,598.779,565.5678,639.8046,656.8986,598.2906,581.685,610.0024,698.9011,607.5702,563.691,602.7291,557.8301,635.8975,6.02,0.42,29,21
2018-06-19 13:34,0,0,0,0,0,0,0,0,0,0,0,0,0,1,0,0,1,0,0,781.9291,687.6679,526.9841,605.6166,575.8242,663.7363,679.8535,595.8486,598.779,624.6642,746.7643,607.5702,575.9009,609.0354,557.8301,714.0415,6.02,0.41,29,21
2018-06-19 13:39,0,0,0,0,0,0,0,0,0,0,0,0,0,1,0,0,0,0,0,781.9291,687.6679,526.9841,605.6166,575.8242,663.7363,679.8535,595.8486,598.779,624.6642,746.7643,607.5702,575.9009,609.0354,557.8301,714.0415,6.01,0.41,31,24
2018-06-19 13:44,0,0,0,0,0,0,0,0,0,0,0,0,0,0,0,0,0,0,0,781.9291,687.6679,526.9841,605.6166,575.8242,663.7363,679.8535,595.8486,598.779,624.6642,746.7643,607.5702,575.9009,609.0354,557.8301,714.0415,5.85,0.43,35,29
2018-06-19 13:49,0,0,0,0,0,1,0,0,0,0,1,0,0,1,0,0,0,0,0,778.022,688.6447,534.7985,619.7802,581.685,677.8999,691.5751,592.9182,607.5702,633.9438,740.9035,607.5702,592.5183,611.9658,557.8301,729.6703,5.85,0.4,35,31
2018-06-19 13:54,0,1,0,0,0,0,0,0,1,0,0,0,0,1,0,0,0,0,0,778.022,688.6447,534.7985,619.7802,581.685,677.8999,691.5751,592.9182,607.5702,633.9438,740.9035,638.8278,592.5183,611.9658,567.1097,729.6703,5.84,0.41,35,34
2018-06-19 13:59,0,0,0,0,0,0,0,0,1,0,0,0,0,1,0,0,0,0,0,778.022,688.6447,534.7985,619.7802,581.685,677.8999,691.5751,592.9182,607.5702,633.9438,740.9035,638.8278,592.5183,611.9658,567.1097,729.6703,4.88,0.42,42,32
2018-06-19 14:04,1,0,0,0,0,0,0,0,1,0,0,0,0,1,0,0,0,0,0,757.9976,785.8364,544.5665,627.5946,596.8254,710.6227,697.9243,595.8486,616.8498,757.9976,715.0183,638.8278,596.9022,624.6642,567.1097,700.8547,4.87,0.42,43,32
2018-06-19 14:09,0,0,0,0,0,0,0,0,0,0,0,0,0,1,0,0,0,0,0,757.9976,785.8364,544.5665,627.5946,596.8254,710.6227,697.9243,595.8486,616.8498,757.9976,715.0183,638.8278,596.9022,624.6642,567.1097,700.8547,4.87,0.41,44,32
2018-06-19 14:14,0,0,0,0,0,0,0,0,0,0,0,0,0,1,0,0,1,0,0,757.9976,785.8364,544.5665,627.5946,596.8254,710.6227,697.9243,595.8486,616.8498,757.9976,715.0183,638.8278,596.9022,624.6642,567.1097,700.8547,4.87,0.41,44,36
2018-06-19 14:19,0,0,0,0,0,0,0,0,0,0,1,0,0,1,0,0,0,0,0,760.928,817.5824,564.591,639.8046,605.6166,717.9487,706.7155,598.779,642.735,718.9255,722.8327,638.8278,606.6702,627.4658,567.1097,730.6472,4.87,0.39,38,37
2018-06-19 14:24,1,0,0,0,0,0,0,0,0,0,1,0,0,1,0,0,0,0,0,760.928,817.5824,564.591,639.8046,605.6166,717.9487,706.7155,598.779,642.735,718.9255,722.8327,651.0378,606.6702,627.4658,583.7153,730.6472,4.72,0.41,39,43
2018-06-19 14:29,0,0,0,0,0,0,0,0,0,0,1,0,0,1,0,0,0,0,0,760.928,817.5824,564.591,639.8046,605.6166,717.9487,706.7155,598.779,642.735,718.9255,722.8327,651.0378,606.6702,627.4658,583.7153,730.6472,4.87,0.41,47,45
2018-06-19 14:34,0,0,0,0,0,0,0,0,0,0,1,0,0,1,0,0,0,0,0,786.8132,824.9084,554.823,642.735,609.0354,712.5763,705.7387,598.779,682.7839,716.9719,729.6703,651.0378,608.1354,637.8511,583.7153,676.9231,4.7,0.44,50,44
2018-06-19 14:39,0,0,0,0,0,0,0,0,0,0,1,0,0,1,0,0,0,0,0,786.8132,824.9084,554.823,642.735,609.0354,712.5763,705.7387,598.779,682.7839,716.9719,729.6703,651.0378,608.1354,637.8511,583.7153,676.9231,4.56,0.45,48,45
2018-06-19 14:44,0,0,0,0,0,0,0,0,0,0,1,0,0,1,0,0,0,0,0,786.8132,824.9084,554.823,642.735,609.0354,712.5763,705.7387,598.779,682.7839,716.9719,729.6703,651.0378,608.1354,637.8511,583.7153,676.9231,4.65,0.45,48,46
2018-06-19 14:49,0,0,0,0,0,0,0,0,0,0,1,0,0,1,0,0,0,0,0,805.8608,820.0244,564.591,637.8511,618.8034,719.9023,715.0183,602.6862,699.8779,748.718,723.8095,651.0378,612.0426,640.7814,583.7153,737.9731,4.65,0.45,52,43
2018-06-19 14:54,0,0,0,0,0,0,0,0,0,0,1,0,0,1,0,0,0,0,0,805.8608,820.0244,564.591,637.8511,618.8034,719.9023,715.0183,602.6862,699.8779,748.718,723.8095,660.8058,612.0426,640.7814,575.9009,737.9731,4.65,0.47,52,47
2018-06-19 14:59,0,0,0,0,0,0,0,0,0,0,0,0,0,1,0,0,0,0,0,805.8608,820.0244,564.591,637.8511,618.8034,719.9023,715.0183,602.6862,699.8779,748.718,723.8095,660.8058,612.0426,640.7814,575.9009,737.9731,4.66,0.47,50,46
2018-06-19 15:04,0,0,0,0,0,0,0,0,0,0,1,0,0,0,0,0,0,0,0,811.7216,832.7228,582.6617,634.9207,618.8034,728.6935,714.0415,609.5238,660.8058,721.856,729.6703,660.8058,614.973,638.8278,575.9009,699.8779,4.8,0.48,52,43
2018-06-19 15:09,0,0,0,0,0,0,0,0,0,0,0,0,0,1,0,0,0,0,0,811.7216,832.7228,582.6617,634.9207,618.8034,728.6935,714.0415,609.5238,660.8058,721.856,729.6703,660.8058,614.973,638.8278,575.9009,699.8779,4.8,0.48,47,44
2018-06-19 15:14,0,0,0,0,0,0,0,0,0,0,1,0,0,1,0,0,0,0,0,811.7216,832.7228,582.6617,634.9207,618.8034,728.6935,714.0415,609.5238,660.8058,721.856,729.6703,660.8058,614.973,638.8278,575.9009,699.8779,4.78,0.49,47,45
2018-06-19 15:19,0,0,0,0,0,0,0,0,0,0,1,0,0,1,0,0,0,0,0,822.9548,842.0025,578.7546,630.0366,620.757,684.7375,725.7631,637.8511,769.7192,804.884,722.8327,660.8058,619.857,660.8333,575.9009,738.9499,4.8,0.46,48,47
2018-06-19 15:24,0,0,0,0,0,0,0,0,0,0,0,0,0,1,0,0,0,0,0,822.9548,842.0025,578.7546,630.0366,620.757,684.7375,725.7631,637.8511,769.7192,804.884,722.8327,673.0159,619.857,660.8333,594.9486,738.9499,4.8,0.45,48,43
2018-06-19 15:29,0,1,0,0,0,0,0,0,0,0,0,0,0,1,0,0,0,0,0,822.9548,842.0025,578.7546,630.0366,620.757,684.7375,725.7631,637.8511,769.7192,804.884,722.8327,673.0159,619.857,660.8333,594.9486,738.9499,4.79,0.44,45,42
2018-06-19 15:34,0,0,1,0,0,0,0,0,0,0,0,0,0,1,0,0,0,0,0,831.746,836.6301,580.7082,642.735,622.7106,718.9255,721.856,630.0366,792.674,810.7449,707.6923,673.0159,619.857,641.7582,594.9486,727.7167,4.89,0.48,38,41
2018-06-19 15:39,0,0,0,0,0,0,0,0,0,0,0,0,0,1,0,0,0,0,0,831.746,836.6301,580.7082,642.735,622.7106,718.9255,721.856,630.0366,792.674,810.7449,707.6923,673.0159,619.857,641.7582,594.9486,727.7167,4.88,0.51,41,38
2018-06-19 15:44,0,0,0,0,0,0,0,0,0,1,0,0,0,1,0,0,0,0,0,831.746,836.6301,580.7082,642.735,622.7106,718.9255,721.856,630.0366,792.674,810.7449,707.6923,673.0159,619.857,641.7582,594.9486,727.7167,4.79,0.48,39,38
2018-06-19 15:49,0,0,0,0,0,0,0,0,0,0,0,0,0,1,0,0,0,0,0,836.6301,815.6288,609.0354,649.5726,632.967,735.0427,729.6703,620.757,799.0232,703.7851,678.8767,673.0159,623.928,675.9463,594.9486,770.696,4.8,0.48,39,38
2018-06-19 15:54,0,0,0,0,0,0,0,0,0,1,0,0,0,1,0,0,0,0,0,836.6301,815.6288,609.0354,649.5726,632.967,735.0427,729.6703,620.757,799.0232,703.7851,678.8767,677.8999,623.928,675.9463,601.7862,770.696,4.79,0.48,40,40
2018-06-19 15:59,0,0,0,0,0,0,0,0,0,0,0,0,0,1,0,0,0,0,0,836.6301,815.6288,609.0354,649.5726,632.967,735.0427,729.6703,620.757,799.0232,703.7851,678.8767,677.8999,623.928,675.9463,601.7862,770.696,4.78,0.46,40,33
2018-06-19 16:04,0,0,0,0,0,0,0,0,0,0,0,0,0,1,0,0,0,0,0,816.6057,751.6483,606.5934,647.6191,637.8511,756.0439,733.5775,617.8266,798.0464,689.6215,676.9231,677.8999,633.0438,661.5204,601.7862,767.7656,4.97,0.43,45,35
2018-06-19 16:09,0,1,1,0,0,0,0,0,0,0,0,0,0,1,0,0,0,0,0,816.6057,751.6483,606.5934,647.6191,637.8511,756.0439,733.5775,617.8266,798.0464,689.6215,676.9231,677.8999,633.0438,661.5204,601.7862,767.7656,4.97,0.56,43,31
2018-06-19 16:14,0,0,1,0,0,0,0,0,0,0,0,0,0,1,0,0,0,0,0,816.6057,751.6483,606.5934,647.6191,637.8511,756.0439,733.5775,617.8266,798.0464,689.6215,676.9231,677.8999,633.0438,661.5204,601.7862,767.7656,4.95,0.43,41,38
2018-06-19 16:19,0,0,0,0,0,0,0,0,0,0,0,0,0,0,0,0,0,0,0,783.8828,725.7631,584.6154,651.0378,635.8975,747.7411,736.0195,612.9426,782.9059,792.674,678.8767,677.8999,634.0206,665.6899,601.7862,778.022,4.96,0.41,41,37
2018-06-19 16:24,0,0,0,0,0,0,0,0,0,0,0,0,0,1,0,0,0,0,0,783.8828,725.7631,584.6154,651.0378,635.8975,747.7411,736.0195,612.9426,782.9059,792.674,678.8767,679.8535,634.0206,665.6899,617.9872,778.022,4.96,0.41,40,38
2018-06-19 16:29,0,0,0,0,0,0,0,0,0,0,0,0,0,1,0,0,0,0,0,783.8828,725.7631,584.6154,651.0378,635.8975,747.7411,736.0195,612.9426,782.9059,792.674,678.8767,679.8535,634.0206,665.6899,617.9872,778.022,4.96,0.41,40,40
2018-06-19 16:34,0,0,0,0,0,0,0,0,0,0,0,0,0,0,0,0,0,0,0,758.9744,712.5763,605.6166,652.9915,646.6423,751.6483,735.0427,606.105,798.0464,783.8828,676.9231,679.8535,630.1134,642.735,617.9872,777.0452,4.91,0.39,40,38
2018-06-19 16:39,0,0,0,0,0,0,0,0,0,0,0,0,0,1,0,0,0,0,0,758.9744,712.5763,605.6166,652.9915,646.6423,751.6483,735.0427,606.105,798.0464,783.8828,676.9231,679.8535,630.1134,642.735,617.9872,777.0452,4.92,0.38,39,39
2018-06-19 16:44,0,0,1,0,0,0,0,0,0,0,0,0,0,0,0,0,0,0,0,758.9744,712.5763,605.6166,652.9915,646.6423,751.6483,735.0427,606.105,798.0464,783.8828,676.9231,679.8535,630.1134,642.735,617.9872,777.0452,5.92,0.38,37,37
2018-06-19 16:49,0,0,0,0,0,0,0,0,0,0,0,0,0,1,0,0,0,0,0,742.8571,709.6459,601.7094,649.5726,639.8046,695.9707,737.9731,582.1734,807.8144,788.7668,675.9463,679.8535,629.1366,655.5702,617.9872,766.7888,5.78,0.39,41,38
2018-06-19 16:54,0,0,0,0,0,0,0,0,0,0,0,0,0,1,0,0,0,0,0,742.8571,709.6459,601.7094,649.5726,639.8046,695.9707,737.9731,582.1734,807.8144,788.7668,675.9463,682.7839,629.1366,655.5702,616.9266,766.7888,5.77,0.4,41,36
2018-06-19 16:59,0,0,0,0,0,0,0,0,0,0,0,0,0,1,0,0,1,0,0,742.8571,709.6459,601.7094,649.5726,639.8046,695.9707,737.9731,582.1734,807.8144,788.7668,675.9463,682.7839,629.1366,655.5702,616.9266,766.7888,5.76,0.41,37,35
2018-06-19 17:04,0,0,0,0,0,0,0,0,0,0,0,0,0,1,0,0,1,0,0,740.9035,716.9719,610.0122,640.7814,640.7814,665.6899,731.624,579.243,805.8608,789.7436,672.0391,682.7839,630.1134,655.7875,616.9266,779.9756,5.63,0.43,37,33
2018-06-19 17:09,0,0,0,0,0,0,0,0,1,0,0,0,1,0,0,0,0,0,0,740.9035,716.9719,610.0122,640.7814,640.7814,665.6899,731.624,579.243,805.8608,789.7436,672.0391,682.7839,630.1134,655.7875,616.9266,779.9756,5.62,0.43,34,35
2018-06-19 17:14,0,0,0,0,0,0,0,0,0,0,0,0,0,1,0,0,0,0,0,740.9035,716.9719,610.0122,640.7814,640.7814,665.6899,731.624,579.243,805.8608,789.7436,672.0391,682.7839,630.1134,655.7875,616.9266,779.9756,5.63,0.4,32,36
2018-06-19 17:19,0,0,0,0,0,0,0,0,0,0,0,0,0,1,0,0,0,0,0,731.624,712.5763,594.8718,638.8278,640.7814,642.735,724.7863,581.1966,799.0232,779.9756,668.6202,682.7839,621.8106,714.9576,616.9266,781.9291,5.62,0.4,32,36
2018-06-19 17:24,0,0,1,0,0,0,0,0,0,0,0,0,0,0,0,0,0,0,0,731.624,712.5763,594.8718,638.8278,640.7814,642.735,724.7863,581.1966,799.0232,779.9756,668.6202,667.5123,621.8106,714.9576,612.0426,781.9291,5.63,0.41,32,35
2018-06-19 17:29,0,0,0,0,0,0,0,0,0,0,0,0,0,1,0,0,0,0,0,731.624,712.5763,594.8718,638.8278,640.7814,642.735,724.7863,581.1966,799.0232,779.9756,668.6202,667.5123,621.8106,714.9576,612.0426,781.9291,5.63,0.39,33,33
2018-06-19 17:34,0,0,0,0,0,0,0,0,1,0,0,0,0,1,0,0,0,0,0,731.624,704.7619,594.8718,641.7582,631.9902,638.8278,724.7863,576.3126,782.9059,785.8364,663.7363,667.5123,625.1411,643.7119,612.0426,732.6007,5.62,0.39,33,15
2018-06-19 17:39,0,0,0,0,0,0,0,0,0,0,0,0,0,1,0,0,0,0,0,731.624,704.7619,594.8718,641.7582,631.9902,638.8278,724.7863,576.3126,782.9059,785.8364,663.7363,667.5123,625.1411,643.7119,612.0426,732.6007,5.53,0.38,29,11
2018-06-19 17:44,0,0,0,0,0,0,0,0,0,0,0,0,0,1,0,0,1,0,0,731.624,704.7619,594.8718,641.7582,631.9902,638.8278,724.7863,576.3126,782.9059,785.8364,663.7363,667.5123,625.1411,643.7119,612.0426,732.6007,5.54,0.37,29,11
2018-06-19 17:49,0,0,1,0,0,0,0,0,1,0,0,0,0,1,0,0,0,0,0,736.0195,712.5763,577.7778,628.5714,634.9207,631.0134,708.6691,587.0574,775.58,750.6715,655.9218,667.5123,615.04,631.9902,612.0426,754.5787,5.54,0.37,18,10
2018-06-19 17:54,0,0,0,0,0,0,0,0,0,0,0,0,0,1,0,0,0,0,0,736.0195,712.5763,577.7778,628.5714,634.9207,631.0134,708.6691,587.0574,775.58,750.6715,655.9218,653.9683,615.04,631.9902,583.7153,754.5787,5.53,0.37,14,10
2018-06-19 17:59,0,0,0,0,0,0,0,0,0,0,0,0,0,1,0,0,1,0,0,736.0195,712.5763,577.7778,628.5714,634.9207,631.0134,708.6691,587.0574,775.58,750.6715,655.9218,653.9683,615.04,631.9902,583.7153,754.5787,5.39,0.38,14,10
2018-06-19 18:04,0,0,0,0,0,0,0,0,0,0,0,0,0,1,0,0,0,0,0,727.7167,694.0171,568.0098,621.7338,625.641,628.5714,709.6459,570.4518,664.7131,764.8351,646.6423,653.9683,616.9266,633.9868,583.7153,738.9499,5.39,0.36,12,10
2018-06-19 18:09,1,0,0,0,0,0,0,0,0,0,0,0,0,1,0,0,0,0,0,727.7167,694.0171,568.0098,621.7338,625.641,628.5714,709.6459,570.4518,664.7131,764.8351,646.6423,653.9683,616.9266,633.9868,583.7153,738.9499,5.53,0.35,14,8
2018-06-19 18:14,0,0,0,0,0,0,0,0,0,0,0,0,0,1,0,0,0,0,0,727.7167,694.0171,568.0098,621.7338,625.641,628.5714,709.6459,570.4518,664.7131,764.8351,646.6423,653.9683,616.9266,633.9868,583.7153,738.9499,5.52,0.35,16,8
2018-06-19 18:19,0,0,0,0,0,0,0,0,0,0,0,0,0,1,0,0,0,0,0,717.9487,681.8071,548.9622,618.8034,620.757,615.873,693.0403,567.5214,620.757,715.0183,641.7582,653.9683,602.763,633.9438,583.7153,711.5995,5.61,0.38,12,8
2018-06-19 18:24,0,0,0,0,0,0,0,0,0,0,0,0,0,1,0,0,0,0,0,717.9487,681.8071,548.9622,618.8034,620.757,615.873,693.0403,567.5214,620.757,715.0183,641.7582,633.0509,602.763,633.9438,546.1085,711.5995,5.61,0.37,11,7
2018-06-19 18:29,0,0,0,0,0,0,0,0,0,0,0,0,0,1,0,0,0,0,0,717.9487,681.8071,548.9622,618.8034,620.757,615.873,693.0403,567.5214,620.757,715.0183,641.7582,633.0509,602.763,633.9438,546.1085,711.5995,5.61,0.35,11,9
2018-06-19 18:34,0,0,0,0,0,0,0,0,0,0,0,0,1,1,0,0,0,0,0,708.6691,670.5739,544.5665,610.0122,614.8962,612.9426,688.6447,567.5214,602.6862,653.9683,637.8511,633.0509,594.9486,631.0134,546.1085,698.9011,5.61,0.35,9,7
2018-06-19 18:39,0,0,0,0,0,0,0,0,0,0,0,0,1,1,0,0,0,0,0,708.6691,670.5739,544.5665,610.0122,614.8962,612.9426,688.6447,567.5214,602.6862,653.9683,637.8511,633.0509,594.9486,631.0134,546.1085,698.9011,5.47,0.34,9,7
2018-06-19 18:44,0,0,0,0,0,0,0,0,0,0,0,0,0,1,0,0,0,0,0,708.6691,670.5739,544.5665,610.0122,614.8962,612.9426,688.6447,567.5214,602.6862,653.9683,637.8511,633.0509,594.9486,631.0134,546.1085,698.9011,5.48,0.34,8,7
2018-06-19 18:49,0,0,0,0,0,0,0,0,0,0,0,0,0,1,0,0,0,0,0,694.0171,666.6666,534.7985,606.5934,611.9658,597.8022,689.6215,570.4518,598.779,637.8511,632.967,633.0509,589.0878,622.7106,546.1085,686.6911,5.39,0.34,7,7
2018-06-19 18:54,0,0,0,0,0,0,0,0,0,0,0,0,0,1,0,0,0,0,0,694.0171,666.6666,534.7985,606.5934,611.9658,597.8022,689.6215,570.4518,598.779,637.8511,632.967,622.7106,589.0878,622.7106,525.1073,686.6911,5.39,0.35,6,6
2018-06-19 18:59,0,0,0,0,0,0,0,0,0,0,0,0,0,1,0,0,0,0,0,694.0171,666.6666,534.7985,606.5934,611.9658,597.8022,689.6215,570.4518,598.779,637.8511,632.967,622.7106,589.0878,622.7106,525.1073,686.6911,5.38,0.35,6,6
2018-06-19 19:04,0,0,0,0,0,0,0,0,0,0,0,0,0,1,0,0,0,0,0,687.6679,665.6899,536.7521,598.779,606.5934,599.7558,678.8767,570.4518,589.9878,631.9902,626.6178,622.7106,592.0182,612.9701,525.1073,673.9927,3.54,0.34,7,6
2018-06-19 19:09,0,0,0,0,0,0,0,0,0,0,0,0,1,1,0,0,0,0,0,687.6679,665.6899,536.7521,598.779,606.5934,599.7558,678.8767,570.4518,589.9878,631.9902,626.6178,622.7106,592.0182,612.9701,525.1073,673.9927,3.53,0.34,6,5
2018-06-19 19:14,0,0,0,0,0,0,0,0,0,0,0,0,0,1,0,0,0,0,0,687.6679,665.6899,536.7521,598.779,606.5934,599.7558,678.8767,570.4518,589.9878,631.9902,626.6178,622.7106,592.0182,612.9701,525.1073,673.9927,3.53,0.34,7,5
2018-06-19 19:19,0,0,0,0,0,0,0,0,0,0,0,0,0,1,0,0,0,0,0,682.7839,659.829,527.9609,596.8254,600.7326,596.8254,675.9463,570.4518,590.9646,625.641,621.7338,622.7106,588.111,613.9194,525.1073,662.7595,3.52,0.34,7,7
2018-06-19 19:24,0,0,0,0,0,0,0,0,0,0,0,0,0,1,0,0,0,0,0,682.7839,659.829,527.9609,596.8254,600.7326,596.8254,675.9463,570.4518,590.9646,625.641,621.7338,618.8034,588.111,613.9194,504.1061,662.7595,3.54,0.34,7,6
2018-06-19 19:29,0,0,0,0,0,0,0,0,0,0,0,0,0,1,0,0,0,0,0,682.7839,659.829,527.9609,596.8254,600.7326,596.8254,675.9463,570.4518,590.9646,625.641,621.7338,618.8034,588.111,613.9194,504.1061,662.7595,3.61,0.34,6,6
2018-06-19 19:34,0,0,0,0,0,0,0,0,0,0,0,0,1,1,0,0,0,0,0,677.8999,652.0146,522.5886,591.9414,595.8486,586.569,673.9927,573.3822,586.569,626.6178,614.8962,618.8034,583.6315,610.0122,504.1061,655.9218,3.6,0.34,9,6
2018-06-19 19:39,0,0,0,0,0,0,0,0,0,0,0,0,1,1,0,0,0,0,0,677.8999,652.0146,522.5886,591.9414,595.8486,586.569,673.9927,573.3822,586.569,626.6178,614.8962,618.8034,583.6315,610.0122,504.1061,655.9218,3.59,0.33,8,6
2018-06-19 19:44,0,0,0,0,0,0,0,0,0,0,0,0,0,1,0,0,0,0,0,677.8999,652.0146,522.5886,591.9414,595.8486,586.569,673.9927,573.3822,586.569,626.6178,614.8962,618.8034,583.6315,610.0122,504.1061,655.9218,3.59,0.36,8,6
2018-06-19 19:49,0,0,0,0,0,0,0,0,0,0,0,0,0,1,0,0,0,0,0,672.0391,651.0378,514.7741,582.6617,590.9646,588.0342,672.0391,576.3126,580.7082,618.8034,611.9658,618.8034,579.8082,604.6398,504.1061,648.5959,3.6,0.34,9,4
2018-06-19 19:54,0,0,0,0,0,0,0,0,0,0,0,0,0,1,0,0,0,0,0,672.0391,651.0378,514.7741,582.6617,590.9646,588.0342,672.0391,576.3126,580.7082,618.8034,611.9658,615.873,579.8082,604.6398,486.0353,648.5959,3.59,0.34,6,4
2018-06-19 19:59,0,0,0,0,0,0,0,0,0,0,0,0,0,1,0,0,0,0,0,672.0391,651.0378,514.7741,582.6617,590.9646,588.0342,672.0391,576.3126,580.7082,618.8034,611.9658,615.873,579.8082,604.6398,486.0353,648.5959,3.6,0.34,5,4
2018-06-19 20:04,0,0,0,0,0,0,0,0,0,0,0,0,0,1,0,0,0,0,0,664.7131,646.6423,516.7277,580.7082,582.6617,581.685,670.5739,576.3126,578.7546,617.8266,610.0122,615.873,574.9241,592.9182,486.0353,646.6423,3.59,0.33,7,4
2018-06-19 20:09,0,0,0,0,0,0,0,0,0,0,0,0,0,1,0,0,0,0,0,664.7131,646.6423,516.7277,580.7082,582.6617,581.685,670.5739,576.3126,578.7546,617.8266,610.0122,615.873,574.9241,592.9182,486.0353,646.6423,3.46,0.35,7,4
2018-06-19 20:14,0,0,0,0,0,0,0,0,0,0,0,0,0,1,0,0,0,0,0,664.7131,646.6423,516.7277,580.7082,582.6617,581.685,670.5739,576.3126,578.7546,617.8266,610.0122,615.873,574.9241,592.9182,486.0353,646.6423,3.47,0.34,6,4
2018-06-19 20:19,0,0,0,0,0,0,0,0,0,0,0,0,0,1,0,0,0,0,0,666.6666,667.6434,518.6813,580.7082,580.7082,578.7546,665.6899,576.3126,576.801,618.8034,606.5934,615.873,574.9241,600.7326,486.0353,635.8975,3.45,0.33,6,4
2018-06-19 20:24,0,0,0,0,0,0,0,0,0,0,0,0,0,1,0,0,0,0,0,666.6666,667.6434,518.6813,580.7082,580.7082,578.7546,665.6899,576.3126,576.801,618.8034,606.5934,611.9658,574.9241,600.7326,475.7789,635.8975,3.24,0.33,6,4
2018-06-19 20:29,0,0,0,0,0,0,0,0,0,0,0,0,0,1,0,0,0,0,0,666.6666,667.6434,518.6813,580.7082,580.7082,578.7546,665.6899,576.3126,576.801,618.8034,606.5934,611.9658,574.9241,600.7326,475.7789,635.8975,1.83,0.33,6,5
2018-06-19 20:34,0,0,0,0,0,0,0,0,0,0,0,0,0,1,0,0,0,0,0,661.7827,657.8754,513.7973,576.801,575.8242,581.685,663.7363,582.1734,573.8705,618.8034,611.9658,611.9658,572.028,600.9374,475.7789,630.0366,2.05,0.33,6,4
2018-06-19 20:39,0,0,0,0,0,0,0,0,0,0,0,0,0,1,0,0,0,0,0,661.7827,657.8754,513.7973,576.801,575.8242,581.685,663.7363,582.1734,573.8705,618.8034,611.9658,611.9658,572.028,600.9374,475.7789,630.0366,2.74,0.33,7,4
2018-06-19 20:44,0,0,0,0,0,0,0,0,0,0,0,0,0,1,0,0,0,0,0,661.7827,657.8754,513.7973,576.801,575.8242,581.685,663.7363,582.1734,573.8705,618.8034,611.9658,611.9658,572.028,600.9374,475.7789,630.0366,2.71,0.34,7,4
2018-06-19 20:49,0,0,0,0,0,0,0,0,0,0,0,0,0,1,0,0,0,0,0,667.6434,652.9915,512.8206,572.8937,574.8474,571.917,664.7131,585.1038,569.9634,616.8498,614.8962,611.9658,571.017,593.895,475.7789,627.5946,2.49,0.34,7,4
2018-06-19 20:54,0,0,0,0,0,0,0,0,0,0,0,0,0,1,0,0,0,0,0,667.6434,652.9915,512.8206,572.8937,574.8474,571.917,664.7131,585.1038,569.9634,616.8498,614.8962,609.0354,571.017,593.895,525.1073,627.5946,2.48,0.34,6,4
2018-06-19 20:59,0,0,0,0,0,0,0,0,0,0,0,0,0,1,0,0,0,0,0,667.6434,652.9915,512.8206,572.8937,574.8474,571.917,664.7131,585.1038,569.9634,616.8498,614.8962,609.0354,571.017,593.895,525.1073,627.5946,2.48,0.33,6,4
2018-06-19 21:04,0,0,0,0,0,0,0,0,0,0,0,0,0,1,0,0,0,0,0,663.7363,665.6899,510.8669,580.7082,576.801,575.8242,659.829,593.895,570.9402,625.641,615.873,609.0354,571.9937,594.8718,525.1073,641.7582,2.48,0.33,6,4
2018-06-19 21:09,0,0,0,0,0,0,0,0,0,0,0,0,0,1,0,0,0,0,0,663.7363,665.6899,510.8669,580.7082,576.801,575.8242,659.829,593.895,570.9402,625.641,615.873,609.0354,571.9937,594.8718,525.1073,641.7582,2.48,0.33,6,4
2018-06-19 21:14,0,0,0,0,0,0,0,0,0,0,0,0,0,1,0,0,0,0,0,663.7363,665.6899,510.8669,580.7082,576.801,575.8242,659.829,593.895,570.9402,625.641,615.873,609.0354,571.9937,594.8718,525.1073,641.7582,2.48,0.33,7,4
2018-06-19 21:19,0,0,0,0,0,0,0,0,0,0,0,0,0,0,0,0,0,0,0,660.8058,661.7827,500.6105,582.6617,576.801,580.7082,665.6899,596.8254,568.0098,615.873,612.9426,609.0354,569.0634,595.8486,525.1073,627.5946,2.48,0.33,7,2
2018-06-19 21:24,0,0,0,0,0,0,0,0,0,0,0,0,0,1,0,0,0,0,0,660.8058,661.7827,500.6105,582.6617,576.801,580.7082,665.6899,596.8254,568.0098,615.873,612.9426,617.8266,569.0634,595.8486,487.9889,627.5946,2.48,0.35,7,2
2018-06-19 21:29,0,0,0,0,0,0,0,0,0,0,0,0,0,1,0,0,0,0,0,660.8058,661.7827,500.6105,582.6617,576.801,580.7082,665.6899,596.8254,568.0098,615.873,612.9426,617.8266,569.0634,595.8486,487.9889,627.5946,2.48,0.33,7,4
2018-06-19 21:34,0,0,0,0,0,0,0,0,0,0,0,0,0,1,0,0,0,0,0,662.7595,653.9683,508.9133,577.7778,574.8474,581.685,665.6899,602.6862,565.5678,611.9658,613.9194,617.8266,568.1085,597.8022,487.9889,631.0134,2.62,0.34,6,4
2018-06-19 21:39,0,0,0,0,0,0,0,0,0,0,0,0,0,1,0,0,0,0,0,662.7595,653.9683,508.9133,577.7778,574.8474,581.685,665.6899,602.6862,565.5678,611.9658,613.9194,617.8266,568.1085,597.8022,487.9889,631.0134,2.62,0.33,9,4
2018-06-19 21:44,0,0,0,0,0,0,0,0,0,0,0,0,0,1,0,0,0,0,0,662.7595,653.9683,508.9133,577.7778,574.8474,581.685,665.6899,602.6862,565.5678,611.9658,613.9194,617.8266,568.1085,597.8022,487.9889,631.0134,2.61,0.33,9,4
2018-06-19 21:49,1,0,0,0,0,0,0,0,0,0,0,0,0,1,0,0,0,0,0,660.8058,649.5726,505.9829,583.6385,573.8705,581.685,663.7363,605.6166,565.5678,622.7106,610.989,617.8266,571.017,594.8718,487.9889,651.0378,2.61,0.33,9,4
2018-06-19 21:54,1,0,0,0,0,0,0,0,0,0,0,0,0,1,0,0,0,0,0,660.8058,649.5726,505.9829,583.6385,573.8705,581.685,663.7363,605.6166,565.5678,622.7106,610.989,612.9426,571.017,594.8718,483.1049,651.0378,2.61,0.33,10,4
2018-06-19 21:59,0,0,0,0,0,0,0,0,0,0,0,0,0,1,0,0,0,0,0,660.8058,649.5726,505.9829,583.6385,573.8705,581.685,663.7363,605.6166,565.5678,622.7106,610.989,612.9426,571.017,594.8718,483.1049,651.0378,1.94,0.35,9,4
2018-06-20 6:04,0,0,0,0,0,0,0,0,0,0,0,0,0,1,0,0,0,0,0,633.9438,622.7106,502.5641,576.801,562.6374,580.7082,652.0146,705.2503,563.6142,612.9426,601.7094,604.6618,551.9694,584.6154,468.9413,639.8046,3.98,0.33,2,1
2018-06-20 6:09,0,0,0,0,0,0,0,0,1,0,0,0,0,1,0,0,0,0,0,633.9438,622.7106,502.5641,576.801,562.6374,580.7082,652.0146,705.2503,563.6142,612.9426,601.7094,604.6618,551.9694,584.6154,468.9413,639.8046,3.98,0.33,4,1
2018-06-20 6:14,0,0,0,0,0,0,0,0,0,0,0,0,0,1,0,0,0,0,0,633.9438,622.7106,502.5641,576.801,562.6374,580.7082,652.0146,705.2503,563.6142,612.9426,601.7094,604.6618,551.9694,584.6154,468.9413,639.8046,4.19,0.34,4,1
2018-06-20 6:19,0,0,0,0,0,0,0,0,0,0,0,0,0,1,0,0,0,0,0,637.8511,624.6642,513.7973,579.7314,562.6374,583.6385,654.9451,714.0415,567.033,618.8034,602.6862,604.6618,558.8069,593.895,468.9413,640.7814,4.39,0.33,2,1
2018-06-20 6:24,0,0,0,0,0,0,0,0,0,0,0,0,0,1,0,0,0,0,0,637.8511,624.6642,513.7973,579.7314,562.6374,583.6385,654.9451,714.0415,567.033,618.8034,602.6862,613.9194,558.8069,593.895,474.8021,640.7814,4.51,0.34,3,0
2018-06-20 6:29,0,0,0,0,0,0,0,0,0,0,0,0,0,1,0,0,0,0,0,637.8511,624.6642,513.7973,579.7314,562.6374,583.6385,654.9451,714.0415,567.033,618.8034,602.6862,613.9194,558.8069,593.895,474.8021,640.7814,4.52,0.33,4,2
2018-06-20 6:34,0,0,0,0,0,0,0,0,0,0,0,0,0,1,0,0,0,0,0,639.8046,624.6642,510.8669,571.917,559.707,584.6154,657.9731,725.7631,565.5678,618.8034,605.6166,613.9194,556.8533,586.569,474.8021,644.6887,4.52,0.35,3,2
2018-06-20 6:39,0,0,0,0,0,0,0,0,0,0,0,0,0,1,0,0,0,0,0,639.8046,624.6642,510.8669,571.917,559.707,584.6154,657.9731,725.7631,565.5678,618.8034,605.6166,613.9194,556.8533,586.569,474.8021,644.6887,4.52,0.34,3,3
2018-06-20 6:44,0,0,0,0,0,0,0,0,0,0,0,0,0,1,0,0,0,0,0,639.8046,624.6642,510.8669,571.917,559.707,584.6154,657.9731,725.7631,565.5678,618.8034,605.6166,613.9194,556.8533,586.569,474.8021,644.6887,4.52,0.33,3,2
2018-06-20 6:49,0,0,0,0,0,0,0,0,0,0,0,0,0,1,0,0,0,0,0,637.8511,625.641,509.8901,576.801,563.6142,592.9182,664.7131,735.5311,546.0317,615.873,602.6862,613.9194,560.7606,584.6013,474.8021,641.7582,3.56,0.34,3,2
2018-06-20 6:54,0,0,0,0,0,0,0,0,0,0,0,0,0,1,0,0,0,0,0,637.8511,625.641,509.8901,576.801,563.6142,592.9182,664.7131,735.5311,546.0317,615.873,602.6862,612.9646,560.7606,584.6013,467.9645,641.7582,3.58,0.34,2,2
2018-06-20 6:59,0,0,0,0,0,0,0,0,0,0,0,0,0,1,0,0,0,0,0,637.8511,625.641,509.8901,576.801,563.6142,592.9182,664.7131,735.5311,546.0317,615.873,602.6862,612.9646,560.7606,584.6013,467.9645,641.7582,2.42,0.32,2,2
2018-06-20 7:04,0,0,0,0,0,0,0,0,0,0,0,0,0,1,0,0,0,0,0,633.9438,621.7338,512.8206,575.8242,560.6838,586.569,657.8754,741.392,544.5665,625.641,604.6398,612.9646,559.7838,581.685,467.9645,635.9951,2.28,0.33,3,2
2018-06-20 7:09,0,0,0,0,0,0,0,0,0,0,0,0,0,1,0,0,0,0,0,633.9438,621.7338,512.8206,575.8242,560.6838,586.569,657.8754,741.392,544.5665,625.641,604.6398,612.9646,559.7838,581.685,467.9645,635.9951,2.28,0.33,2,2
2018-06-20 7:14,0,0,0,0,0,0,0,0,0,0,0,0,0,1,0,0,0,0,0,633.9438,621.7338,512.8206,575.8242,560.6838,586.569,657.8754,741.392,544.5665,625.641,604.6398,612.9646,559.7838,581.685,467.9645,635.9951,2.28,0.34,2,2
2018-06-20 7:19,0,0,0,0,0,0,0,0,0,0,0,0,0,1,0,0,0,0,0,638.8278,624.6642,508.9133,579.7314,559.707,586.569,654.9451,741.392,528.9377,626.6178,599.7558,612.9646,554.8997,584.6154,467.9645,638.8278,2.27,0.33,3,2
2018-06-20 7:24,0,0,0,0,0,0,0,0,0,0,0,0,0,1,0,0,0,0,0,638.8278,624.6642,508.9133,579.7314,559.707,586.569,654.9451,741.392,528.9377,626.6178,599.7558,605.6166,554.8997,584.6154,466.7829,638.8278,2.28,0.34,3,2
2018-06-20 7:29,0,0,0,0,0,0,0,0,0,0,0,0,0,1,0,0,0,0,0,638.8278,624.6642,508.9133,579.7314,559.707,586.569,654.9451,741.392,528.9377,626.6178,599.7558,605.6166,554.8997,584.6154,466.7829,638.8278,2.27,0.33,2,2
2018-06-20 7:34,0,0,0,0,0,0,0,0,0,0,0,0,0,1,0,0,0,0,0,631.0134,618.8034,500.6105,571.917,559.707,581.685,647.6191,735.5311,521.6118,612.9426,599.7558,605.6166,555.8676,589.9039,466.7829,633.9438,2.28,0.33,3,2
2018-06-20 7:39,0,0,0,0,0,0,0,0,0,0,0,0,0,1,0,0,0,0,0,631.0134,618.8034,500.6105,571.917,559.707,581.685,647.6191,735.5311,521.6118,612.9426,599.7558,605.6166,555.8676,589.9039,466.7829,633.9438,2.28,0.33,2,2
2018-06-20 7:44,0,0,0,0,0,0,0,0,0,0,0,0,0,1,0,0,0,0,0,631.0134,618.8034,500.6105,571.917,559.707,581.685,647.6191,735.5311,521.6118,612.9426,599.7558,605.6166,555.8676,589.9039,466.7829,633.9438,2.28,0.33,2,2
2018-06-20 7:49,0,0,0,0,0,0,0,0,0,0,0,0,0,1,0,0,0,0,0,633.9438,621.7338,499.6337,567.033,562.6374,579.7314,652.0146,738.4615,497.6801,622.7106,594.8718,605.6166,555.8765,589.011,466.7829,631.0134,2.28,0.33,2,2
2018-06-20 7:54,0,0,0,0,0,0,0,0,0,0,0,0,0,1,0,0,0,0,0,633.9438,621.7338,499.6337,567.033,562.6374,579.7314,652.0146,738.4615,497.6801,622.7106,594.8718,603.663,555.8765,589.011,466.9877,631.0134,2.29,0.33,2,2
2018-06-20 7:59,0,0,0,0,0,0,0,0,0,0,0,0,0,1,0,0,0,0,0,633.9438,621.7338,499.6337,567.033,562.6374,579.7314,652.0146,738.4615,497.6801,622.7106,594.8718,603.663,555.8765,589.011,466.9877,631.0134,2.28,0.36,2,2
2018-06-20 8:04,0,0,0,0,0,0,0,0,0,0,0,0,0,1,0,0,0,0,0,627.5946,620.757,505.9829,568.9866,556.7766,583.6385,652.9915,738.4615,518.6813,615.873,600.7326,603.663,555.8765,581.685,466.9877,628.5714,2.29,0.34,3,2
2018-06-20 8:09,0,0,0,0,0,0,0,0,0,0,0,0,0,1,0,0,0,0,0,627.5946,620.757,505.9829,568.9866,556.7766,583.6385,652.9915,738.4615,518.6813,615.873,600.7326,603.663,555.8765,581.685,466.9877,628.5714,2.09,0.33,2,3
2018-06-20 8:14,0,0,0,0,0,0,0,0,0,0,0,0,0,1,0,0,0,0,0,627.5946,620.757,505.9829,568.9866,556.7766,583.6385,652.9915,738.4615,518.6813,615.873,600.7326,603.663,555.8765,581.685,466.9877,628.5714,1.43,0.33,3,3
2018-06-20 8:19,0,0,0,0,0,0,0,0,0,0,0,0,0,1,0,0,0,0,0,631.0134,620.757,505.0061,568.9866,560.6838,581.685,649.5726,735.5311,533.8217,620.757,595.8486,603.663,554.8997,587.5541,466.9877,628.5714,1.85,0.45,3,3
2018-06-20 8:24,0,0,0,0,0,0,0,0,0,0,0,0,0,1,0,0,0,0,0,631.0134,620.757,505.0061,568.9866,560.6838,581.685,649.5726,735.5311,533.8217,620.757,595.8486,602.6862,554.8997,587.5541,486.0353,628.5714,1.83,0.33,3,4
2018-06-20 8:29,0,0,0,0,0,0,0,0,0,0,0,0,0,1,0,0,0,0,0,631.0134,620.757,505.0061,568.9866,560.6838,581.685,649.5726,735.5311,533.8217,620.757,595.8486,602.6862,554.8997,587.5541,486.0353,628.5714,1.84,0.34,3,4
2018-06-20 8:34,0,0,0,0,0,0,0,0,0,0,0,0,0,1,0,0,0,0,0,624.6642,618.8034,500.6105,570.9402,559.707,579.7314,652.0146,735.5311,521.6118,615.873,591.9414,602.6862,591.0414,578.7546,486.0353,630.0366,1.84,0.35,3,5
2018-06-20 8:39,0,0,0,0,0,0,0,0,0,0,0,0,0,1,0,0,1,0,0,624.6642,618.8034,500.6105,570.9402,559.707,579.7314,652.0146,735.5311,521.6118,615.873,591.9414,602.6862,591.0414,578.7546,486.0353,630.0366,1.83,0.34,3,7
2018-06-20 8:44,0,0,0,0,0,0,0,0,0,0,0,0,0,1,0,0,0,0,0,624.6642,618.8034,500.6105,570.9402,559.707,579.7314,652.0146,735.5311,521.6118,615.873,591.9414,602.6862,591.0414,578.7546,486.0353,630.0366,2.19,0.33,2,8
2018-06-20 8:49,0,0,0,0,0,0,0,0,0,0,0,0,0,0,0,0,0,0,0,625.641,614.8962,500.6105,568.0098,553.8462,574.8474,645.6655,735.5311,534.7985,612.9426,592.9182,602.6862,624.741,579.7314,486.0353,635.8975,2.18,0.34,6,11
2018-06-20 8:54,0,0,0,0,0,0,0,0,0,0,0,0,0,1,0,0,0,0,0,625.641,614.8962,500.6105,568.0098,553.8462,574.8474,645.6655,735.5311,534.7985,612.9426,592.9182,598.779,624.741,579.7314,548.0621,635.8975,3.14,0.34,9,20
2018-06-20 8:59,0,0,0,0,0,0,0,0,0,0,0,0,0,1,0,0,0,0,0,625.641,614.8962,500.6105,568.0098,553.8462,574.8474,645.6655,735.5311,534.7985,612.9426,592.9182,598.779,624.741,579.7314,548.0621,635.8975,3.15,0.35,9,21
2018-06-20 9:04,0,0,0,0,0,0,0,0,0,0,0,0,0,1,0,0,0,0,0,624.6642,646.6423,497.6801,563.6142,557.7534,576.801,647.6191,732.6007,528.9377,611.9658,591.9414,598.779,630.1134,574.8474,548.0621,622.7106,3.23,0.38,12,22
2018-06-20 9:09,0,0,0,0,0,0,0,0,0,0,0,0,0,1,0,0,0,0,0,624.6642,646.6423,497.6801,563.6142,557.7534,576.801,647.6191,732.6007,528.9377,611.9658,591.9414,598.779,630.1134,574.8474,548.0621,622.7106,3.22,0.41,22,21
2018-06-20 9:14,0,0,0,0,0,0,0,0,0,0,0,0,0,1,0,0,0,0,0,624.6642,646.6423,497.6801,563.6142,557.7534,576.801,647.6191,732.6007,528.9377,611.9658,591.9414,598.779,630.1134,574.8474,548.0621,622.7106,3.09,0.4,21,21
2018-06-20 9:19,0,0,0,0,0,0,0,0,0,0,0,0,0,1,0,0,0,0,0,636.8743,704.7619,501.5873,562.6374,551.8926,571.917,642.735,726.7399,517.7045,610.989,688.6447,598.779,589.0878,576.801,548.0621,619.7802,3.37,0.39,21,21
2018-06-20 9:24,0,0,0,0,0,0,0,0,0,0,1,0,0,1,0,0,0,0,0,636.8743,704.7619,501.5873,562.6374,551.8926,571.917,642.735,726.7399,517.7045,610.989,688.6447,592.9182,589.0878,576.801,513.0021,619.7802,3.36,0.39,20,24
2018-06-20 9:29,0,0,0,0,0,0,0,0,0,0,0,0,0,1,0,0,1,0,0,636.8743,704.7619,501.5873,562.6374,551.8926,571.917,642.735,726.7399,517.7045,610.989,688.6447,592.9182,589.0878,576.801,513.0021,619.7802,3.36,0.39,21,21
2018-06-20 9:34,0,0,0,0,0,0,0,0,0,0,0,0,0,1,0,0,0,0,0,631.9902,710.6227,488.8889,557.7534,553.8462,568.9866,638.8278,729.6703,522.5886,607.5702,704.7619,592.9182,550.9926,572.8937,513.0021,614.8962,3.36,0.38,21,21
2018-06-20 9:39,0,0,0,0,0,0,0,0,0,0,0,0,0,1,0,0,0,0,0,631.9902,710.6227,488.8889,557.7534,553.8462,568.9866,638.8278,729.6703,522.5886,607.5702,704.7619,592.9182,550.9926,572.8937,513.0021,614.8962,3.37,0.38,21,21
2018-06-20 9:44,0,0,0,0,0,0,0,0,0,0,0,0,0,1,0,0,0,0,0,631.9902,710.6227,488.8889,557.7534,553.8462,568.9866,638.8278,729.6703,522.5886,607.5702,704.7619,592.9182,550.9926,572.8937,513.0021,614.8962,3.37,0.38,23,21
2018-06-20 9:49,0,0,0,0,0,0,0,0,0,0,0,0,0,1,0,0,0,0,0,630.0366,722.8327,489.8657,553.8462,552.8694,579.7314,639.8046,732.6007,523.5654,603.663,664.7131,592.9182,540.7361,564.591,513.0021,623.6874,3.37,0.39,20,21
2018-06-20 9:54,0,0,0,0,0,0,0,0,0,0,0,0,0,1,0,0,0,0,0,630.0366,722.8327,489.8657,553.8462,552.8694,579.7314,639.8046,732.6007,523.5654,603.663,664.7131,588.0342,540.7361,564.591,484.0817,623.6874,3.37,0.39,21,21
2018-06-20 9:59,0,0,0,0,0,0,0,0,0,0,0,0,0,1,0,0,0,0,0,630.0366,722.8327,489.8657,553.8462,552.8694,579.7314,639.8046,732.6007,523.5654,603.663,664.7131,588.0342,540.7361,564.591,484.0817,623.6874,3.36,0.38,20,21
2018-06-20 10:04,0,0,0,0,0,0,0,0,0,0,0,0,0,1,0,0,0,0,0,637.8511,730.6472,481.5629,559.707,547.9854,585.5922,638.8278,735.5311,526.0073,602.6862,694.0171,588.0342,539.7164,576.3243,484.0817,625.641,3.36,0.38,21,21
2018-06-20 10:09,0,0,0,0,0,0,0,0,1,0,0,0,0,1,0,0,0,0,0,637.8511,730.6472,481.5629,559.707,547.9854,585.5922,638.8278,735.5311,526.0073,602.6862,694.0171,588.0342,539.7164,576.3243,484.0817,625.641,3.37,0.38,21,23
2018-06-20 10:14,0,0,0,0,0,0,0,0,0,0,0,0,0,1,0,0,0,0,0,637.8511,730.6472,481.5629,559.707,547.9854,585.5922,638.8278,735.5311,526.0073,602.6862,694.0171,588.0342,539.7164,576.3243,484.0817,625.641,3.37,0.38,22,22
2018-06-20 10:19,0,0,0,0,0,0,0,0,0,0,0,0,0,1,0,0,1,0,0,634.9207,711.5995,491.8193,565.5678,551.8926,588.0342,641.7582,738.4615,540.6594,604.6398,701.8315,588.0342,547.0853,573.8565,484.0817,632.967,3.37,0.38,24,23
2018-06-20 10:24,0,0,0,0,0,0,0,0,0,0,0,0,0,1,0,0,1,0,0,634.9207,711.5995,491.8193,565.5678,551.8926,588.0342,641.7582,738.4615,540.6594,604.6398,701.8315,596.8254,547.0853,573.8565,488.9657,632.967,3.37,0.39,21,24
2018-06-20 10:29,0,0,0,0,0,0,0,0,0,0,0,0,1,1,0,0,0,0,0,634.9207,711.5995,491.8193,565.5678,551.8926,588.0342,641.7582,738.4615,540.6594,604.6398,701.8315,596.8254,547.0853,573.8565,488.9657,632.967,3.45,0.39,21,28
2018-06-20 10:34,0,0,0,0,0,0,0,0,0,0,0,0,0,0,0,0,0,0,0,639.8046,702.8083,493.7729,568.9866,561.6606,599.7558,645.6655,738.4615,538.7057,612.9426,703.7851,596.8254,550.2111,589.9878,488.9657,645.6655,3.59,0.39,26,28
2018-06-20 10:39,0,0,0,0,0,0,0,0,0,0,0,0,0,1,0,0,0,0,0,639.8046,702.8083,493.7729,568.9866,561.6606,599.7558,645.6655,738.4615,538.7057,612.9426,703.7851,596.8254,550.2111,589.9878,488.9657,645.6655,3.6,0.4,28,26
2018-06-20 10:44,0,0,0,0,0,0,0,0,0,0,0,0,0,1,0,0,0,0,0,639.8046,702.8083,493.7729,568.9866,561.6606,599.7558,645.6655,738.4615,538.7057,612.9426,703.7851,596.8254,550.2111,589.9878,488.9657,645.6655,3.38,0.41,28,26
2018-06-20 10:49,0,0,0,0,0,0,0,0,0,0,0,0,0,1,0,0,0,0,0,814.652,678.8767,507.9365,576.801,563.6142,637.8511,651.0378,738.4615,547.9854,611.9658,705.7387,596.8254,556.8533,598.779,488.9657,641.7582,3.29,0.44,30,27
2018-06-20 10:54,0,0,0,0,0,0,0,0,0,0,0,0,0,0,0,0,0,0,0,814.652,678.8767,507.9365,576.801,563.6142,637.8511,651.0378,738.4615,547.9854,611.9658,705.7387,604.6398,556.8533,598.779,497.7569,641.7582,3.99,0.43,30,24
2018-06-20 10:59,0,0,0,0,0,0,0,0,0,0,0,0,0,1,0,0,0,0,0,814.652,678.8767,507.9365,576.801,563.6142,637.8511,651.0378,738.4615,547.9854,611.9658,705.7387,604.6398,556.8533,598.779,497.7569,641.7582,4.01,0.56,30,24
2018-06-20 11:04,0,0,0,0,0,0,0,0,0,0,0,0,0,1,0,0,0,0,0,825.8852,694.0171,513.7973,581.685,568.0098,668.6202,656.8986,738.4615,549.939,621.7338,624.6837,604.6398,564.6678,588.139,497.7569,648.5959,4,0.45,30,25
2018-06-20 11:09,0,0,0,0,0,0,0,0,0,0,0,0,0,1,0,0,0,0,0,825.8852,694.0171,513.7973,581.685,568.0098,668.6202,656.8986,738.4615,549.939,621.7338,624.6837,604.6398,564.6678,588.139,497.7569,648.5959,3.98,0.44,32,24
2018-06-20 11:14,0,0,0,0,0,0,0,0,0,0,0,0,0,1,0,0,0,0,0,825.8852,694.0171,513.7973,581.685,568.0098,668.6202,656.8986,738.4615,549.939,621.7338,624.6837,604.6398,564.6678,588.139,497.7569,648.5959,3.99,0.44,34,24
2018-06-20 11:19,0,0,0,0,0,0,0,0,0,0,0,0,0,1,0,0,0,0,0,842.9792,701.8315,515.7509,586.569,572.8937,662.7595,662.7595,738.4615,553.8462,619.7802,627.5946,604.6398,566.1329,592.9182,497.7569,647.6191,3.98,0.43,31,25
2018-06-20 11:24,0,0,0,0,0,0,0,0,0,0,0,0,0,1,0,0,0,0,0,842.9792,701.8315,515.7509,586.569,572.8937,662.7595,662.7595,738.4615,553.8462,619.7802,627.5946,605.8727,566.1329,592.9182,503.0287,647.6191,3.99,0.43,32,24
2018-06-20 11:29,0,0,0,0,0,0,0,0,0,0,0,0,0,1,0,0,0,0,0,842.9792,701.8315,515.7509,586.569,572.8937,662.7595,662.7595,738.4615,553.8462,619.7802,627.5946,605.8727,566.1329,592.9182,503.0287,647.6191,3.98,0.44,34,25
2018-06-20 11:34,0,0,0,0,0,0,0,0,0,0,0,0,0,1,0,0,0,0,0,830.7692,703.7851,517.7045,586.569,569.9634,657.8754,662.7595,738.4615,562.6374,628.5714,686.6911,605.8727,569.0634,609.0354,503.0287,651.0378,3.99,0.44,34,28
2018-06-20 11:39,0,1,0,0,0,0,0,0,0,0,0,0,0,1,0,0,0,0,0,830.7692,703.7851,517.7045,586.569,569.9634,657.8754,662.7595,738.4615,562.6374,628.5714,686.6911,605.8727,569.0634,609.0354,503.0287,651.0378,3.98,0.44,32,28
