Time,PIR_B112,PIR_B203,PIR_B204,PIR_B201,PIR_B202,PIR_B207,PIR_B208,PIR_B205,PIR_B206,PIR_B209,CO2_B105A,CO2_B112,CO2_B203,CO2_B203A,CO2_B201,CO2_B202,CO2 _B207,CO2_B208,CO2_B205,CO2_B206,CO2_B209,CO2_B301A,CO2_B301B,light,plug,devices,groundtruth
2018-02-13 7:18,0,0,0,0,0,0,0,0,0,0,537.7289,663.7363,580.7082,564.591,604.6398,498.6569,570.9402,630.0014,609.0354,576.868,476.574,609.0354,610.989,1.76,0.52,3,2
2018-02-13 7:23,0,0,0,0,0,0,0,0,0,0,537.7289,663.7363,580.7082,564.591,604.6398,498.6569,570.9402,630.0014,609.0354,576.868,476.574,609.0354,610.989,1.76,0.52,4,2
2018-02-13 7:28,0,0,0,0,0,0,0,0,0,0,541.6361,663.7363,580.7082,564.591,610.0122,498.6569,570.9402,630.0014,609.0354,576.868,476.574,614.7008,609.0354,1.76,0.51,4,2
2018-02-13 7:33,0,0,0,0,0,0,0,0,0,0,542.6129,665.6899,580.7082,564.591,610.0122,505.0061,570.9402,630.0014,611.9568,559.707,476.574,612.9426,610.0122,1.76,0.51,6,2
2018-02-13 7:38,0,0,0,0,0,0,0,0,0,0,542.6129,665.6899,580.7082,564.591,610.0122,505.0061,570.9402,630.0014,611.9568,559.707,476.574,612.9426,610.0122,1.77,0.51,6,2
2018-02-13 7:43,0,0,0,0,0,0,0,0,0,0,542.6129,669.597,580.7082,564.591,610.0122,505.0061,570.9402,630.0014,611.9568,559.707,476.574,612.9426,610.0122,1.79,0.5,6,2
2018-02-13 7:48,0,0,0,0,0,0,0,0,0,0,547.9854,673.9927,580.7082,564.591,610.0122,505.0061,570.9402,630.0014,611.9568,559.707,476.574,622.7106,619.7802,1.79,0.49,5,2
2018-02-13 7:53,0,0,0,0,0,0,0,0,0,0,547.9854,673.9927,580.7082,564.591,610.0122,505.0061,570.9402,630.0014,611.9568,559.707,476.574,622.7106,619.7802,1.79,0.49,5,2
2018-02-13 7:58,0,0,0,0,0,0,0,0,0,0,547.9854,678.8767,586.569,570.9402,609.0354,505.0061,563.6142,626.6178,611.9568,559.707,487.9121,622.7106,619.7802,1.79,0.48,5,2
2018-02-13 8:03,0,0,0,0,0,0,0,0,0,0,562.6374,674.9695,586.569,570.9402,609.0354,506.9597,563.6142,626.6178,610.989,547.0085,487.9121,619.7802,609.9451,1.79,0.48,6,2
2018-02-13 8:08,0,0,0,0,0,0,0,0,0,0,562.6374,677.8999,586.569,570.9402,609.0354,506.9597,563.6142,626.6178,610.989,547.0085,487.9121,619.7802,609.9451,1.79,0.49,5,2
2018-02-13 8:13,0,0,0,0,0,0,0,0,0,0,562.6374,675.9463,586.569,570.9402,609.0354,506.9597,563.6142,626.6178,610.989,547.0085,487.9121,619.7802,609.9451,1.79,0.48,6,3
2018-02-13 8:18,0,0,0,0,0,0,0,0,0,0,556.7766,678.8767,586.569,570.9402,609.0354,506.9597,563.6142,626.6178,610.989,547.0085,487.9121,622.7106,615.873,1.79,0.48,6,3
2018-02-13 8:23,0,0,0,0,0,0,0,0,0,0,556.7766,678.8767,586.569,570.9402,609.0354,506.9597,563.6142,626.6178,610.989,547.0085,487.9121,622.7106,615.873,1.79,0.48,7,6
2018-02-13 8:28,0,0,0,0,0,0,0,0,0,0,556.7766,676.9231,586.569,568.9866,612.9426,506.9597,561.6606,626.6178,610.989,547.0085,486.9353,622.7106,615.873,1.79,0.49,10,8
2018-02-13 8:33,0,0,0,0,0,0,0,0,0,0,561.6606,678.8767,586.569,568.9866,612.9426,508.9133,561.6606,626.6178,611.9658,541.6361,486.9353,622.7106,614.8962,1.79,0.49,13,13
2018-02-13 8:38,0,0,0,0,0,0,0,0,0,0,561.6606,673.0159,586.569,568.9866,612.9426,508.9133,561.6606,626.6178,611.9658,541.6361,486.9353,622.7106,614.8962,1.79,0.52,16,16
2018-02-13 8:43,0,0,0,0,0,0,0,0,0,0,561.6606,679.8535,586.569,568.9866,612.9426,508.9133,561.6606,626.6178,611.9658,541.6361,486.9353,622.7106,614.8962,3.14,0.51,21,16
2018-02-13 8:48,0,0,0,0,0,0,0,0,0,0,554.823,682.7839,586.569,568.9866,612.9426,508.9133,561.6606,626.6178,611.9658,541.6361,486.9353,624.7953,615.2162,3.12,0.52,23,17
2018-02-13 8:53,0,0,0,0,0,0,0,0,1,0,554.823,681.7534,586.569,568.9866,612.9426,508.9133,561.6606,626.6178,611.9658,541.6361,486.9353,624.7953,615.2162,3.12,0.54,23,19
2018-02-13 8:58,0,0,0,0,0,0,0,0,1,0,554.823,681.8071,589.011,571.917,615.873,508.9133,572.6377,622.7106,611.9658,541.6361,488.8889,624.7953,615.2162,4.44,0.53,22,19
2018-02-13 9:03,0,0,0,0,0,0,0,0,1,0,552.8694,680.8303,589.011,571.917,615.873,510.8669,572.6377,622.7106,616.8498,648.5959,488.8889,627.5946,621.7338,4.41,0.54,24,20
2018-02-13 9:08,0,0,0,0,0,0,0,0,1,0,552.8694,687.6679,589.011,571.917,615.873,510.8669,572.6377,622.7106,616.8498,648.5959,488.8889,627.5946,621.7338,4.4,0.53,26,21
2018-02-13 9:13,0,0,0,0,0,0,0,0,1,0,552.8694,688.6876,589.011,571.917,615.873,510.8669,572.6377,622.7106,616.8498,648.5959,488.8889,627.5946,621.7338,4.4,0.54,27,21
2018-02-13 9:18,0,0,0,0,0,0,0,0,1,0,547.0085,685.4583,589.011,571.917,615.873,510.8669,572.6377,622.7106,616.8498,648.5959,488.8889,630.0366,621.7338,4.4,0.53,28,24
2018-02-13 9:23,0,0,0,0,0,0,0,0,1,0,547.0085,689.6215,589.011,571.917,615.873,510.8669,572.6377,622.7106,616.8498,648.5959,488.8889,630.0366,621.7338,4.4,0.53,30,25
2018-02-13 9:28,0,0,0,0,0,0,0,0,1,0,547.0085,694.0171,596.8254,578.7546,620.757,510.8669,589.011,634.9207,616.8498,648.5959,494.7497,630.0366,621.7338,4.4,0.53,32,26
2018-02-13 9:33,0,0,0,0,0,0,0,0,1,0,560.6838,698.9011,596.8254,578.7546,620.757,517.7045,589.011,634.9207,627.5946,631.7949,494.7497,646.6423,631.9902,4.47,0.53,33,27
2018-02-13 9:38,0,0,0,0,0,0,0,0,1,0,560.6838,694.7891,596.8254,578.7546,620.757,517.7045,589.011,634.9207,627.5946,631.7949,494.7497,646.6423,631.9902,4.92,0.54,34,26
2018-02-13 9:43,0,1,0,0,0,0,0,0,1,0,560.6838,700.8547,596.8254,578.7546,620.757,517.7045,589.011,634.9207,627.5946,631.7949,494.7497,646.6423,631.9902,5.12,0.56,34,24
2018-02-13 9:48,0,0,0,0,0,0,0,0,1,0,557.7534,701.8315,596.8254,578.7546,620.757,517.7045,589.011,634.9207,627.5946,631.7949,494.7497,667.6434,653.9683,5.11,0.55,32,27
2018-02-13 9:53,0,0,0,0,0,0,0,0,1,0,557.7534,701.8315,596.8254,578.7546,620.757,517.7045,589.011,634.9207,627.5946,631.7949,494.7497,667.6434,653.9683,5.11,0.69,35,26
2018-02-13 9:58,0,0,0,0,0,0,0,0,1,0,557.7534,707.6923,639.8046,597.7881,634.9207,517.7045,591.9414,641.7582,627.5946,631.7949,506.9597,667.6434,653.9683,5.11,0.55,35,27
2018-02-13 10:03,0,0,0,0,0,0,0,0,1,0,556.7766,707.6923,639.8046,597.7881,634.9207,531.8681,591.9414,641.7582,642.735,594.8718,506.9597,686.6911,664.7131,5.11,0.55,35,32
2018-02-13 10:08,0,0,0,0,0,0,0,0,1,0,556.7766,708.6691,639.8046,597.7881,634.9207,531.8681,591.9414,641.7582,642.735,594.8718,506.9597,686.6911,664.7131,5.1,0.54,37,33
2018-02-13 10:13,0,0,0,0,0,0,0,0,1,0,556.7766,708.6691,639.8046,597.7881,634.9207,531.8681,591.9414,641.7582,642.735,594.8718,506.9597,686.6911,664.7131,5.1,0.55,37,34
2018-02-13 10:18,0,0,0,0,0,0,0,0,1,0,561.6606,717.9487,639.8046,597.7881,634.9207,531.8681,591.9414,641.7582,642.735,594.8718,506.9597,694.9939,684.7375,5.1,0.56,39,35
2018-02-13 10:23,0,0,0,0,0,0,0,0,1,0,561.6606,717.9487,639.8046,597.7881,634.9207,531.8681,591.9414,641.7582,642.735,594.8718,506.9597,694.9939,684.7375,5.1,0.56,39,37
2018-02-13 10:28,0,0,0,0,0,0,0,0,1,0,561.6606,718.9255,927.7562,618.8034,654.9451,531.8681,606.5934,654.9451,642.735,594.8718,521.6118,694.9939,684.7375,5.1,0.57,42,37
2018-02-13 10:33,0,0,0,0,0,0,0,0,1,0,562.6374,724.7723,927.7562,618.8034,654.9451,546.2271,606.5934,654.9451,664.7131,651.0378,521.6118,709.6459,708.6691,5.1,0.57,44,39
2018-02-13 10:38,0,0,0,0,0,0,0,0,1,0,562.6374,725.7631,927.7562,618.8034,654.9451,546.2271,606.5934,654.9451,664.7131,651.0378,521.6118,709.6459,708.6691,5.1,0.58,44,37
2018-02-13 10:43,0,0,0,0,0,0,0,0,1,0,562.6374,731.624,927.7562,618.8034,654.9451,546.2271,606.5934,654.9451,664.7131,651.0378,521.6118,709.6459,708.6691,5.11,0.58,46,41
2018-02-13 10:48,0,0,0,0,0,0,0,0,1,0,565.5678,726.7399,927.7562,618.8034,654.9451,546.2271,606.5934,654.9451,664.7131,651.0378,521.6118,717.9213,726.7399,5.1,0.58,49,41
2018-02-13 10:53,0,1,0,0,0,0,0,0,1,0,565.5678,728.6935,927.7562,618.8034,654.9451,546.2271,606.5934,654.9451,664.7131,651.0378,521.6118,717.9213,726.7399,5.1,0.59,50,36
2018-02-13 10:58,0,1,0,0,0,0,0,0,1,0,565.5678,736.9963,1067.6434,628.5714,666.6666,546.2271,621.7338,671.1013,664.7131,651.0378,542.6129,717.9213,726.7399,5.09,0.6,48,42
2018-02-13 11:03,0,0,0,0,0,0,0,0,1,0,560.6838,738.9499,1067.6434,628.5714,666.6666,560.6838,621.7338,671.1013,685.7143,682.7839,542.6129,739.9267,729.6703,5.08,0.59,49,49
2018-02-13 11:08,0,0,0,0,0,0,0,0,1,0,560.6838,741.8803,1067.6434,628.5714,666.6666,560.6838,621.7338,671.1013,685.7143,682.7839,542.6129,739.9267,729.6703,5.08,0.6,48,49
2018-02-16 7:33,0,0,0,0,0,0,0,0,0,0,544.5665,636.8743,557.7534,517.7045,579.7314,463.9805,534.7985,578.7546,568.0098,534.4468,450.7936,573.898,579.7314,2.59,0.48,5,3
2018-02-16 7:38,0,0,0,0,0,0,0,0,0,0,544.5665,647.6191,557.7534,517.7045,579.7314,463.9805,534.7985,578.7546,568.0098,534.4468,450.7936,573.898,579.7314,2.6,0.47,5,3
2018-02-16 7:43,0,0,0,0,0,0,0,0,0,0,544.5665,641.7582,557.7534,517.7045,579.7314,463.9805,534.7985,578.7546,568.0098,534.4468,450.7936,573.898,579.7314,2.61,0.48,5,3
2018-02-16 7:48,0,0,0,0,0,0,0,0,0,0,532.8449,647.6191,557.7534,517.7045,579.7314,463.9805,534.7985,578.7546,568.0098,534.4468,450.7936,580.7082,585.5922,2.31,0.47,5,3
2018-02-16 7:53,0,0,0,0,0,0,0,0,0,0,532.8449,652.9915,557.7534,517.7045,579.7314,463.9805,534.7985,578.7546,568.0098,534.4468,450.7936,580.7082,585.5922,2.31,0.46,5,3
2018-02-16 7:58,0,0,0,0,0,0,0,0,0,0,532.8449,642.735,560.6838,518.6813,582.4604,468.8645,529.9146,589.9878,568.0098,534.4468,467.8877,580.7082,585.5922,2.31,0.46,6,3
2018-02-16 8:03,0,0,0,0,0,0,0,0,0,0,520.6349,643.7119,560.6838,518.6813,582.4604,468.8645,529.9146,589.9878,577.9826,514.7741,467.8877,581.685,584.6154,2.64,0.46,7,4
2018-02-16 8:08,0,0,0,0,0,0,0,0,0,0,520.6349,643.7119,560.6838,518.6813,582.4604,468.8645,529.9146,589.9878,577.9826,514.7741,467.8877,581.685,584.6154,2.63,0.48,10,6
2018-02-16 8:13,0,0,0,0,0,0,0,0,0,0,520.6349,646.6423,560.6838,518.6813,582.4604,468.8645,529.9146,589.9878,577.9826,514.7741,467.8877,581.685,584.6154,2.63,0.48,9,8
2018-02-16 8:18,0,0,0,0,0,0,0,0,1,0,525.0305,645.6655,560.6838,518.6813,582.4604,468.8645,529.9146,589.9878,577.9826,514.7741,467.8877,590.9646,586.569,2.63,0.49,13,8
2018-02-16 8:23,0,0,0,0,0,0,0,0,0,0,525.0305,640.7814,560.6838,518.6813,582.4604,468.8645,529.9146,589.9878,577.9826,514.7741,467.8877,590.9646,586.569,2.63,0.49,13,10
2018-02-16 8:28,0,0,0,0,0,0,0,0,0,0,525.0305,641.7582,560.6838,523.5654,575.8242,471.7949,531.8681,595.8486,577.9826,514.7741,467.8877,590.9646,586.569,2.63,0.5,14,9
2018-02-16 8:33,0,0,0,0,0,0,0,0,0,0,527.9609,639.8046,560.6838,523.5654,575.8242,471.7949,531.8681,595.8486,582.6617,523.5654,467.8877,584.6154,580.7082,2.63,0.5,16,11
2018-02-16 8:38,0,0,0,0,0,0,0,0,1,0,527.9609,634.9207,560.6838,523.5654,575.8242,471.7949,531.8681,595.8486,582.6617,523.5654,467.8877,584.6154,580.7082,2.63,0.49,19,12
2018-02-16 8:43,0,0,0,0,0,0,0,0,0,0,527.9609,640.7814,560.6838,523.5654,575.8242,471.7949,531.8681,595.8486,582.6617,523.5654,467.8877,584.6154,580.7082,3.48,0.49,20,12
2018-02-16 8:48,0,0,0,0,0,0,0,0,1,0,526.9841,640.7814,560.6838,523.5654,575.8242,471.7949,531.8681,595.8486,582.6617,523.5654,467.8877,631.9902,584.6154,3.95,0.5,20,15
2018-02-16 8:53,0,0,0,0,0,0,0,0,0,0,526.9841,638.8278,560.6838,523.5654,575.8242,471.7949,531.8681,595.8486,582.6617,523.5654,467.8877,631.9902,584.6154,3.93,0.48,21,17
2018-02-16 8:58,0,0,0,0,0,0,0,0,0,0,526.9841,641.7582,561.6606,522.5886,579.7314,474.7253,537.7289,594.8718,582.6617,523.5654,475.7021,631.9902,584.6154,5.37,0.49,22,18
2018-02-16 9:03,0,0,0,0,0,0,0,0,0,0,528.9377,643.7119,561.6606,522.5886,579.7314,474.7253,537.7289,594.8718,585.5922,598.779,475.7021,594.8718,594.8718,5.35,0.49,22,17
2018-02-16 9:08,0,0,0,0,0,0,0,0,0,0,528.9377,644.6887,561.6606,522.5886,579.7314,474.7253,537.7289,594.8718,585.5922,598.779,475.7021,594.8718,594.8718,5.34,0.49,22,20
2018-02-16 9:13,0,0,0,0,0,0,1,0,1,0,528.9377,639.8046,561.6606,522.5886,579.7314,474.7253,537.7289,594.8718,585.5922,598.779,475.7021,594.8718,594.8718,5.33,0.49,25,21
2018-02-16 9:18,0,0,0,0,0,0,0,0,0,0,525.0305,646.6423,561.6606,522.5886,579.7314,474.7253,537.7289,594.8718,585.5922,598.779,475.7021,593.895,590.9646,5.33,0.49,25,21
2018-02-16 9:23,0,0,0,0,0,0,0,0,0,0,525.0305,652.9915,561.6606,522.5886,579.7314,474.7253,537.7289,594.8718,585.5922,598.779,475.7021,593.895,590.9646,5.22,0.51,30,23
2018-02-16 9:28,0,0,0,0,0,0,0,0,0,0,525.0305,652.0146,569.9634,534.1734,589.011,481.5629,549.939,687.6679,585.5922,598.779,488.8614,593.895,590.9646,5.22,0.51,32,25
2018-02-16 9:33,0,0,0,0,0,0,0,0,0,0,536.7521,655.9218,569.9634,534.1734,589.011,481.5629,549.939,687.6679,597.8022,638.1711,488.8614,606.5934,596.8254,5.21,0.5,31,26
2018-02-16 9:38,0,0,0,0,0,0,0,0,0,0,536.7521,655.9218,569.9634,534.1734,589.011,481.5629,549.939,687.6679,597.8022,638.1711,488.8614,606.5934,596.8254,5.2,0.51,35,29
2018-02-16 9:43,0,0,0,0,0,0,0,0,0,0,536.7521,660.8058,569.9634,534.1734,589.011,481.5629,549.939,687.6679,597.8022,638.1711,488.8614,606.5934,596.8254,5.77,0.51,35,32
2018-02-16 9:48,0,0,0,0,0,0,0,0,0,0,543.5897,660.7629,569.9634,534.1734,589.011,481.5629,549.939,687.6679,597.8022,638.1711,488.8614,646.6423,622.7106,5.55,0.52,39,36
2018-02-16 9:53,0,0,0,0,0,0,0,0,0,0,543.5897,664.457,569.9634,534.1734,589.011,481.5629,549.939,687.6679,597.8022,638.1711,488.8614,646.6423,622.7106,5.54,0.51,43,39
2018-02-16 9:58,0,0,0,0,0,0,0,0,0,0,543.5897,662.7595,591.9414,553.8462,612.9426,502.5641,567.033,674.9695,597.8022,638.1711,512.8206,646.6423,622.7106,5.55,0.55,44,43
2018-02-16 10:03,0,0,0,0,0,0,0,0,0,0,548.9622,665.6899,591.9414,553.8462,612.9426,502.5641,567.033,674.9695,628.4666,584.6154,512.8206,678.8767,686.6911,5.54,0.68,50,49
2018-02-16 10:08,0,0,0,0,0,0,0,0,0,0,548.9622,665.6899,591.9414,553.8462,612.9426,502.5641,567.033,674.9695,628.4666,584.6154,512.8206,678.8767,686.6911,5.54,0.58,57,49
2018-02-16 10:13,0,0,0,0,0,0,0,0,0,0,548.9622,666.6666,591.9414,553.8462,612.9426,502.5641,567.033,674.9695,628.4666,584.6154,512.8206,678.8767,686.6911,5.54,0.73,63,51
2018-02-16 10:18,0,0,0,0,0,0,0,0,0,0,552.8694,665.6899,591.9414,553.8462,612.9426,502.5641,567.033,674.9695,628.4666,584.6154,512.8206,778.9988,790.7204,5.55,0.6,62,56
2018-02-16 10:23,0,0,0,0,0,0,0,0,0,0,552.8694,667.6434,591.9414,553.8462,612.9426,502.5641,567.033,674.9695,628.4666,584.6154,512.8206,778.9988,790.7204,5.56,0.59,63,54
2018-02-16 10:28,0,0,0,0,0,0,0,0,0,0,552.8694,673.9927,625.641,679.8535,637.8511,585.5922,610.0122,666.6666,628.4666,584.6154,534.7809,778.9988,790.7204,5.56,0.61,64,53
2018-02-16 10:33,0,0,0,0,0,0,0,0,0,0,554.823,673.0695,625.641,679.8535,637.8511,585.5922,610.0122,666.6666,705.7387,612.2219,534.7809,805.8608,826.0806,5.55,0.62,65,52
2018-02-16 10:38,0,0,0,0,0,0,0,0,0,0,554.823,677.8999,625.641,679.8535,637.8511,585.5922,610.0122,666.6666,705.7387,612.2219,534.7809,805.8608,826.0806,5.55,0.61,65,52
2018-02-16 10:43,0,0,0,0,0,0,0,0,0,0,554.823,674.9695,625.641,679.8535,637.8511,585.5922,610.0122,666.6666,705.7387,612.2219,534.7809,805.8608,826.0806,5.55,0.62,62,56
2018-02-16 10:48,0,0,0,0,0,0,0,0,0,0,562.6374,678.8767,625.641,679.8535,637.8511,585.5922,610.0122,666.6666,705.7387,612.2219,534.7809,810.7449,802.9305,5.55,0.61,64,63
2018-02-16 10:53,0,0,0,0,0,0,0,0,0,0,562.6374,684.7032,625.641,679.8535,637.8511,585.5922,610.0122,666.6666,705.7387,612.2219,534.7809,810.7449,802.9305,5.55,0.61,70,61
2018-02-16 10:58,0,0,0,0,0,0,0,0,0,0,562.6374,685.3942,675.9463,760.928,667.6709,645.6655,638.8278,681.8071,705.7387,612.2219,553.8462,810.7449,802.9305,5.55,0.64,75,64
2018-02-16 11:03,0,0,0,0,0,0,0,0,0,0,559.707,678.8767,675.9463,760.928,667.6709,645.6655,638.8278,681.8071,740.9035,643.7119,553.8462,796.5812,795.6044,5.55,0.64,76,62
2018-02-16 11:08,0,0,0,0,0,0,0,0,0,0,559.707,682.7839,675.9463,760.928,667.6709,645.6655,638.8278,681.8071,740.9035,643.7119,553.8462,796.5812,795.6044,5.55,0.65,76,61
2018-02-16 11:13,0,0,0,0,0,0,0,0,0,0,559.707,700.8547,675.9463,760.928,667.6709,645.6655,638.8278,681.8071,740.9035,643.7119,553.8462,796.5812,795.6044,5.55,0.66,76,62
2018-02-26 7:28,0,0,0,0,0,0,1,0,1,0,542.6129,624.6642,536.7521,500.6105,558.7302,456.6544,651.6476,568.9866,543.7536,490.8425,435.6533,568.0098,568.9866,2.51,0.53,3,3
2018-02-26 7:33,0,0,0,0,0,0,0,0,0,0,543.5897,622.7106,536.7521,500.6105,558.7302,456.6544,651.6476,568.9866,543.7536,490.8425,435.6533,569.9634,567.289,2.51,0.53,4,3
2018-02-26 7:38,0,0,0,0,0,0,0,0,0,0,543.5897,618.8034,536.7521,500.6105,558.7302,456.6544,651.6476,568.9866,543.7536,490.8425,435.6533,569.9634,567.289,2.52,0.52,7,4
2018-02-26 7:43,0,0,0,0,0,0,0,0,0,0,543.5897,626.5637,536.7521,500.6105,558.7302,456.6544,651.6476,568.9866,543.7536,490.8425,435.6533,569.9634,567.289,2.53,0.52,7,4
2018-02-26 7:48,0,0,0,0,0,0,0,0,0,0,535.7753,630.0366,536.7521,500.6105,558.7302,456.6544,651.6476,568.9866,543.7536,490.8425,435.6533,570.9402,570.9402,2.53,0.53,7,6
2018-02-26 7:53,0,0,0,0,0,1,0,0,0,0,535.7753,633.9438,541.6361,511.8437,558.7302,456.6544,631.0134,581.685,543.7536,490.8425,437.5978,570.9402,570.9402,2.54,0.53,7,6
2018-02-26 7:58,0,0,0,0,0,1,0,0,0,0,535.7753,635.8975,541.6361,511.8437,569.9634,463.9805,631.0134,581.685,548.9622,530.9089,437.5978,570.9402,570.9402,2.54,0.51,7,8
2018-02-26 8:03,0,0,0,0,0,0,0,0,1,0,511.8437,633.9438,541.6361,511.8437,569.9634,463.9805,631.0134,581.685,548.9622,530.9089,437.5978,574.6835,569.9634,2.54,0.52,8,8
2018-02-26 8:08,0,0,0,0,0,0,0,0,0,0,511.8437,631.0134,541.6361,511.8437,569.9634,463.9805,631.0134,581.685,548.9622,530.9089,437.5978,574.6835,569.9634,2.54,0.55,10,10
2018-02-26 8:13,0,0,0,0,0,0,0,0,0,0,511.8437,631.0134,541.6361,511.8437,569.9634,463.9805,631.0134,581.685,548.9622,530.9089,437.5978,574.6835,569.9634,3.12,0.56,16,14
2018-02-26 8:18,0,0,0,0,0,0,0,0,0,0,520.6349,631.9902,541.6361,511.8437,569.9634,463.9805,631.0134,581.685,548.9622,530.9089,437.5978,571.917,568.9866,3.4,0.55,20,15
2018-02-26 8:23,0,0,0,0,0,0,0,0,0,0,520.6349,630.0366,544.5665,513.7973,569.9634,463.9805,573.9376,580.7082,548.9622,530.9089,444.9328,571.917,568.9866,3.4,0.54,21,22
2018-02-26 8:28,0,0,0,0,0,0,0,0,0,0,520.6349,631.0134,544.5665,513.7973,578.7546,467.8877,573.9376,580.7082,552.8694,570.9402,444.9328,571.917,568.9866,3.4,0.56,25,26
2018-02-26 8:33,0,0,0,0,0,0,0,0,0,0,528.9377,642.735,544.5665,513.7973,578.7546,467.8877,573.9376,580.7082,552.8694,570.9402,444.9328,570.9402,571.917,3.34,0.59,31,30
2018-02-26 8:38,0,0,0,0,0,0,0,0,0,0,528.9377,637.8511,544.5665,513.7973,578.7546,467.8877,573.9376,580.7082,552.8694,570.9402,444.9328,570.9402,571.917,3.46,0.58,35,30
2018-02-26 8:43,0,0,0,0,0,0,0,0,0,0,528.9377,642.735,544.5665,513.7973,578.7546,467.8877,573.9376,580.7082,552.8694,570.9402,444.9328,570.9402,571.917,3.47,0.59,37,32
2018-02-26 8:48,0,0,0,0,0,0,0,0,0,0,535.7753,640.7814,544.5665,513.7973,578.7546,467.8877,573.9376,580.7082,552.8694,570.9402,444.9328,575.8242,576.801,3.46,0.58,38,41
2018-02-26 8:53,0,0,0,0,0,0,0,0,0,0,535.7753,642.1583,555.7997,518.6813,578.7546,467.8877,536.7521,586.569,552.8694,570.9402,449.8168,575.8242,576.801,3.46,0.62,46,44
2018-02-26 8:58,0,0,0,0,0,0,0,0,0,0,535.7753,633.9438,555.7997,518.6813,600.7326,488.8889,536.7521,586.569,557.7534,522.5886,449.8168,575.8242,576.801,3.46,0.71,47,43
2018-02-26 9:03,0,0,0,0,0,0,0,0,0,0,536.7521,633.9438,555.7997,518.6813,600.7326,488.8889,536.7521,586.569,557.7534,522.5886,449.8168,583.5074,584.6154,3.46,0.63,52,44
2018-02-26 9:08,0,0,0,0,0,0,0,0,1,0,536.7521,630.0366,555.7997,518.6813,600.7326,488.8889,536.7521,586.569,557.7534,522.5886,449.8168,583.5074,584.6154,3.46,0.64,54,44
2018-02-26 9:13,0,0,0,0,0,0,0,0,1,0,536.7521,626.2177,555.7997,518.6813,600.7326,488.8889,536.7521,586.569,557.7534,522.5886,449.8168,583.5074,584.6154,3.46,0.65,55,47
2018-02-26 9:18,0,0,0,0,0,0,0,0,1,0,541.6361,631.9902,555.7997,518.6813,600.7326,488.8889,536.7521,586.569,557.7534,522.5886,449.8168,589.011,592.9182,4.65,0.64,58,46
2018-02-26 9:23,0,0,0,0,0,0,0,0,1,0,541.6361,638.8278,567.033,531.8681,600.7326,488.8889,547.9854,595.8486,557.7534,522.5886,457.6313,589.011,592.9182,4.64,0.65,58,47
2018-02-26 9:28,0,0,0,0,0,0,0,0,1,0,541.6361,636.8743,567.033,531.8681,723.8095,502.5641,547.9854,595.8486,568.9866,606.5934,457.6313,589.011,592.9182,4.64,0.65,57,46
2018-02-26 9:33,0,0,0,0,0,0,0,0,1,0,540.6594,641.7582,567.033,531.8681,723.8095,502.5641,547.9854,595.8486,568.9866,606.5934,457.6313,592.9182,593.895,4.64,0.78,54,48
2018-02-26 9:38,0,0,0,1,0,0,0,0,1,0,540.6594,641.7582,567.033,531.8681,723.8095,502.5641,547.9854,595.8486,568.9866,606.5934,457.6313,592.9182,593.895,4.64,0.65,52,48
2018-02-26 9:43,0,0,0,0,0,0,0,0,1,0,540.6594,642.735,567.033,531.8681,723.8095,502.5641,547.9854,595.8486,568.9866,606.5934,457.6313,592.9182,593.895,4.64,0.65,52,46
2018-02-26 9:48,0,0,0,1,0,0,0,0,0,0,538.7057,649.5726,567.033,531.8681,723.8095,502.5641,547.9854,595.8486,568.9866,606.5934,457.6313,594.8718,600.7326,4.64,0.63,50,49
2018-02-26 9:53,0,0,0,1,0,0,0,0,0,0,538.7057,646.6423,582.6617,544.5665,723.8095,502.5641,557.7534,605.6166,568.9866,606.5934,475.7021,594.8718,600.7326,4.63,0.64,50,55
2018-02-26 9:58,0,0,0,0,0,0,0,0,0,0,538.7057,648.5959,582.6617,544.5665,695.9707,522.5886,557.7534,605.6166,576.801,637.8511,475.7021,594.8718,600.7326,4.64,0.66,55,52
2018-02-26 10:03,0,0,0,0,0,0,0,0,0,0,540.6594,648.5959,582.6617,544.5665,695.9707,522.5886,557.7534,605.6166,576.801,637.8511,475.7021,620.7034,616.8498,4.64,0.64,64,55
2018-02-26 10:08,0,0,0,0,0,0,0,0,1,0,540.6594,651.0378,582.6617,544.5665,695.9707,522.5886,557.7534,605.6166,576.801,637.8511,475.7021,620.7034,616.8498,4.64,0.67,67,54
2018-02-26 10:13,0,0,0,0,0,0,0,0,1,0,540.6594,652.9915,582.6617,544.5665,695.9707,522.5886,557.7534,605.6166,576.801,637.8511,475.7021,620.7034,616.8498,4.76,0.65,66,55
2018-02-26 10:18,0,0,0,0,0,0,0,0,1,0,546.0317,664.7131,582.6617,544.5665,695.9707,522.5886,557.7534,605.6166,576.801,637.8511,475.7021,636.8743,631.9902,4.75,0.66,67,60
2018-02-26 10:23,0,0,0,0,0,0,0,0,0,0,546.0317,676.9231,701.8315,567.033,695.9707,522.5886,571.917,631.0134,576.801,637.8511,494.7497,636.8743,631.9902,4.75,0.68,70,59
2018-02-26 10:28,0,0,0,0,0,0,0,0,0,0,546.0317,690.5894,701.8315,567.033,677.8999,539.5515,571.917,631.0134,612.9426,615.873,494.7497,636.8743,631.9902,4.75,0.7,74,64
2018-02-26 10:33,0,0,0,0,0,0,0,0,0,0,556.7766,694.9939,701.8315,567.033,677.8999,539.5515,571.917,631.0134,612.9426,615.873,494.7497,676.9231,655.8943,4.74,0.72,75,66
2018-02-26 10:38,0,0,0,0,0,0,0,0,0,0,556.7766,696.9475,701.8315,567.033,677.8999,539.5515,571.917,631.0134,612.9426,615.873,494.7497,676.9231,655.8943,4.74,0.71,77,64
2018-02-26 10:43,0,0,0,0,0,0,0,0,0,0,556.7766,700.8547,701.8315,567.033,677.8999,539.5515,571.917,631.0134,612.9426,615.873,494.7497,676.9231,655.8943,4.73,0.7,78,63
2018-02-26 10:48,0,0,0,0,0,0,0,0,0,0,571.917,698.9011,701.8315,567.033,677.8999,539.5515,571.917,631.0134,612.9426,615.873,494.7497,729.1937,694.9939,4.73,0.72,77,66
2018-02-26 10:53,0,0,0,0,0,0,0,0,0,0,571.917,701.8315,651.0378,589.9878,677.8999,539.5515,602.6862,648.5959,612.9426,615.873,499.6337,729.1937,694.9939,4.62,0.71,80,60
2018-02-26 10:58,0,0,0,0,0,0,0,0,0,0,571.917,699.8779,651.0378,589.9878,663.7363,547.9854,602.6862,648.5959,653.9683,632.0015,499.6337,729.1937,694.9939,4.61,0.72,83,66
2018-02-26 11:03,0,0,0,0,0,0,0,0,0,0,570.9402,704.7619,651.0378,589.9878,663.7363,547.9854,602.6862,648.5959,653.9683,632.0015,499.6337,761.9048,741.8803,4.61,0.72,85,69
2018-02-26 11:08,0,0,0,0,0,0,0,0,0,0,570.9402,699.8779,651.0378,589.9878,663.7363,547.9854,602.6862,648.5959,653.9683,632.0015,499.6337,761.9048,741.8803,4.61,0.72,85,65
2018-02-26 11:13,0,0,0,0,0,0,0,0,0,0,570.9402,705.7387,651.0378,589.9878,663.7363,547.9854,602.6862,648.5959,653.9683,632.0015,499.6337,761.9048,741.8803,4.62,0.74,82,57
2018-02-26 11:18,0,0,0,0,0,0,0,0,0,0,556.7766,705.2386,651.0378,589.9878,663.7363,547.9854,602.6862,648.5959,653.9683,632.0015,499.6337,778.022,794.3715,4.61,0.74,81,45
2018-02-26 11:23,0,0,0,0,0,0,0,0,0,0,556.7766,704.7619,661.2825,736.9963,663.7363,547.9854,630.0366,662.7595,653.9683,632.0015,502.5641,778.022,794.3715,4.61,0.7,71,48
2018-02-26 11:28,0,0,0,0,0,0,0,0,0,0,556.7766,708.6691,661.2825,736.9963,678.8767,568.0098,630.0366,662.7595,690.5983,684.7375,502.5641,778.022,794.3715,6.01,0.7,63,59
2018-02-26 11:33,0,0,0,0,0,0,0,0,0,0,551.8926,703.7851,661.2825,736.9963,678.8767,568.0098,630.0366,662.7595,690.5983,684.7375,502.5641,730.6472,732.6007,5.99,0.7,63,55
2018-02-26 11:38,0,0,0,0,0,0,0,0,0,0,551.8926,696.3708,661.2825,736.9963,678.8767,568.0098,630.0366,662.7595,690.5983,684.7375,502.5641,730.6472,732.6007,5.99,0.69,74,58
2018-02-26 11:43,0,0,0,0,0,0,0,0,0,0,551.8926,688.6447,661.2825,736.9963,678.8767,568.0098,630.0366,662.7595,690.5983,684.7375,502.5641,730.6472,732.6007,6,0.82,74,64
2018-02-26 11:48,0,0,0,0,0,0,0,0,0,0,546.0317,703.7851,661.2825,736.9963,678.8767,568.0098,630.0366,662.7595,690.5983,684.7375,502.5641,715.0183,717.9487,6.23,0.68,67,70
2018-02-26 11:53,0,0,0,0,0,0,0,0,0,0,546.0317,709.482,736.9963,765.7449,678.8767,568.0098,628.5714,675.0366,690.5983,684.7375,514.7741,715.0183,717.9487,5.35,0.68,77,67
2018-02-26 11:58,0,0,0,0,0,0,0,0,0,0,546.0317,712.5763,736.9963,765.7449,675.9892,570.9402,628.5714,675.0366,687.6679,634.9207,514.7741,715.0183,717.9487,5.35,0.79,89,68
2018-02-26 12:03,0,0,1,0,0,0,0,0,0,0,570.9402,716.9719,736.9963,765.7449,675.9892,570.9402,628.5714,675.0366,687.6679,634.9207,514.7741,721.856,717.9487,5.35,0.66,90,72
2018-02-26 12:08,0,0,0,0,0,0,0,0,0,0,570.9402,716.9719,736.9963,765.7449,675.9892,570.9402,628.5714,675.0366,687.6679,634.9207,514.7741,721.856,717.9487,5.35,0.66,88,71
2018-02-26 12:13,0,0,0,0,0,0,0,0,0,0,570.9402,716.9719,736.9963,765.7449,675.9892,570.9402,628.5714,675.0366,687.6679,634.9207,514.7741,721.856,717.9487,5.34,0.65,88,70
2018-02-26 12:18,0,0,1,0,0,0,0,0,0,0,579.7314,716.9719,736.9963,765.7449,675.9892,570.9402,628.5714,675.0366,687.6679,634.9207,514.7741,712.5763,704.7619,5.34,0.66,90,65
2018-02-26 12:23,0,0,0,0,0,0,0,0,0,0,579.7314,715.9951,834.1644,763.8583,675.9892,570.9402,609.0354,664.7131,687.6679,634.9207,519.2581,712.5763,704.7619,5.35,0.64,92,65
2018-02-26 12:28,0,0,1,0,0,0,0,0,0,0,579.7314,716.9719,834.1644,763.8583,672.0391,574.8474,609.0354,664.7131,674.9695,599.7558,519.2581,712.5763,704.7619,5.35,0.64,90,64
2018-02-26 12:33,0,0,0,0,0,0,0,0,0,0,579.7314,718.9396,834.1644,763.8583,672.0391,574.8474,609.0354,664.7131,674.9695,599.7558,519.2581,704.7619,693.0403,5.35,0.79,88,62
2018-02-26 12:38,0,1,0,0,0,0,0,0,0,0,579.7314,716.9719,834.1644,763.8583,672.0391,574.8474,609.0354,664.7131,674.9695,599.7558,519.2581,704.7619,693.0403,5.22,0.66,85,59
