Time,Valid kBTU,kWh
2019-08-18 0:00,0,0
2019-08-18 1:00,421.76,123.6056414
2019-08-18 2:00,305.21,89.44821181
2019-08-18 3:00,265.79,77.89535146
2019-08-18 4:00,232.57,68.15953154
2019-08-18 5:00,157.56,46.1762729
2019-08-18 6:00,149.26,43.74378328
2019-08-18 7:00,168.27,49.31506373
2019-08-18 8:00,196.81,57.67931119
2019-08-18 9:00,580.47,170.118946
2019-08-18 10:00,587.01,172.0356306
2019-08-18 11:00,707.58,207.3712058
2019-08-18 12:00,516.82,151.4649744
2019-08-18 13:00,549.68,161.0952887
2019-08-18 14:00,570.23,167.1178986
2019-08-18 15:00,630.97,184.9190335
2019-08-18 16:00,605.75,177.5277819
2019-08-18 17:00,0,0
2019-08-18 18:00,0,0
2019-08-18 19:00,0,0
2019-08-18 20:00,0,0
2019-08-18 21:00,0,0
2019-08-18 22:00,0,0
2019-08-18 23:00,289.04,84.70925311
2019-08-19 0:00,303.32,88.89430755
2019-08-19 1:00,267.83,78.49321638
2019-08-19 2:00,203.63,59.67805567
2019-08-19 3:00,169.17,49.57882767
2019-08-19 4:00,186.17,54.56103533
2019-08-19 5:00,209.57,61.41889764
2019-08-19 6:00,205.05,60.09421655
2019-08-19 7:00,222.03,65.07056279
2019-08-19 8:00,830.74,243.4658349
2019-08-19 9:00,617.86,181.0768722
2019-08-19 10:00,643.14,188.485708
2019-08-19 11:00,734.66,215.3075695
2019-08-19 12:00,741.41,217.285799
2019-08-19 13:00,668.99,196.0615944
2019-08-19 14:00,663.24,194.3764359
2019-08-19 15:00,599.33,175.6462658
2019-08-19 16:00,692.88,203.0630615
2019-08-19 17:00,586.88,171.9975314
2019-08-19 18:00,732.88,214.7859031
2019-08-19 19:00,591.11,173.2372219
2019-08-19 20:00,505,148.0008747
2019-08-19 21:00,0,0
2019-08-19 22:00,0,0
2019-08-19 23:00,0,0
2019-08-20 0:00,0,0
2019-08-20 1:00,0,0
2019-08-20 2:00,0,0
2019-08-20 3:00,0,0
2019-08-20 4:00,0,0
2019-08-20 5:00,0,0
2019-08-20 6:00,0,0
2019-08-20 7:00,0,0
2019-08-20 8:00,153.42,44.9629588
2019-08-20 9:00,302,88.50745378
2019-08-20 10:00,557.51,163.390035
2019-08-20 11:00,568.92,166.7339755
2019-08-20 12:00,534.29,156.5849254
2019-08-20 13:00,603.58,176.8918177
2019-08-20 14:00,642,188.151607
2019-08-20 15:00,664.96,194.8805181
2019-08-20 16:00,673.25,197.310077
2019-08-20 17:00,709.63,207.9720014
2019-08-20 18:00,686.94,201.3222195
2019-08-20 19:00,555.92,162.924052
2019-08-20 20:00,508.96,149.161436
2019-08-20 21:00,0,0
2019-08-20 22:00,0,0
2019-08-20 23:00,0,0
2019-08-21 0:00,0,0
2019-08-21 1:00,0,0
2019-08-21 2:00,0,0
2019-08-21 3:00,0,0
2019-08-21 4:00,0,0
2019-08-21 5:00,0,0
2019-08-21 6:00,0,0
2019-08-21 7:00,0,0
2019-08-21 8:00,201.25,58.9805466
2019-08-21 9:00,404.9,118.6644637
2019-08-21 10:00,458.39,134.3408336
2019-08-21 11:00,659.33,193.2305281
2019-08-21 12:00,663.02,194.3119603
2019-08-21 13:00,0,0
2019-08-21 14:00,706.92,207.1777789
2019-08-21 15:00,699.24,204.9269933
2019-08-21 16:00,791.95,232.0976093
2019-08-21 17:00,774.22,226.9014598
2019-08-21 18:00,688.79,201.864401
2019-08-21 19:00,752.75,220.6092246
2019-08-21 20:00,601.67,176.332052
2019-08-21 21:00,0,0
2019-08-21 22:00,0,0
2019-08-21 23:00,0,0
2019-08-22 0:00,0,0
2019-08-22 1:00,0,0
2019-08-22 2:00,0,0
2019-08-22 3:00,0,0
2019-08-22 4:00,233.64,68.47311755
2019-08-22 5:00,0,0
2019-08-22 6:00,0,0
2019-08-22 7:00,0,0
2019-08-22 8:00,482.09,141.2866172
2019-08-22 9:00,417.5,122.3571588
2019-08-22 10:00,508.58,149.050069
2019-08-22 11:00,601.67,176.332052
2019-08-22 12:00,606.84,177.8472293
2019-08-22 13:00,561.68,164.6121412
2019-08-22 14:00,602.3,176.5166868
2019-08-22 15:00,583.59,171.0333277
2019-08-22 16:00,529.65,155.2250758
2019-08-22 17:00,534.4,156.6171632
2019-08-22 18:00,572.71,167.8447147
2019-08-22 19:00,572.27,167.7157635
2019-08-22 20:00,337.28,98.84700003
2019-08-22 21:00,0,0
2019-08-22 22:00,0,0
2019-08-22 23:00,0,0
2019-08-23 0:00,0,0
2019-08-23 1:00,0,0
2019-08-23 2:00,39.11,11.46200834
2019-08-23 3:00,0,0
2019-08-23 4:00,0,0
2019-08-23 5:00,799.36,234.2692657
2019-08-23 6:00,0,0
2019-08-23 7:00,451.09,132.201415
2019-08-23 8:00,89.4,26.20055089
2019-08-23 9:00,128.09,37.53946939
2019-08-23 10:00,272.84,79.96150228
2019-08-23 11:00,290.59,85.16351322
2019-08-23 12:00,308.88,90.52378253
2019-08-23 13:00,325.06,95.26567194
2019-08-23 14:00,301.04,88.22610558
2019-08-23 15:00,269.38,78.94747649
2019-08-23 16:00,489.61,143.4905114
2019-08-23 17:00,332.49,97.44318976
2019-08-23 18:00,361.99,106.0887854
2019-08-23 19:00,260.75,76.41827342
2019-08-23 20:00,230.73,67.62028083
2019-08-23 21:00,0,0
2019-08-23 22:00,0,0
2019-08-23 23:00,0,0
2019-08-24 0:00,0,0
2019-08-24 1:00,0,0
2019-08-24 2:00,0,0
2019-08-24 3:00,0,0
2019-08-24 4:00,239.33,70.14069176
2019-08-24 5:00,0,0
2019-08-24 6:00,0,0
2019-08-24 7:00,267.46,78.38478009
2019-08-24 8:00,291.33,85.38038579
2019-08-24 9:00,230.31,67.49719099
2019-08-24 10:00,242.62,71.10489548
2019-08-24 11:00,285.04,83.53696896
2019-08-24 12:00,498.99,146.2395178
2019-08-24 13:00,539.72,158.1763012
2019-08-24 14:00,514.32,150.7322968
2019-08-24 15:00,463.74,135.9087636
2019-08-24 16:00,547.01,160.312789
2019-08-24 17:00,539.09,157.9916664
2019-08-24 18:00,466.32,136.6648869
2019-08-24 19:00,508.53,149.0354155
2019-08-24 20:00,0,0
2019-08-24 21:00,0,0
2019-08-24 22:00,0,0
2019-08-24 23:00,0,0
2019-08-25 0:00,0,0
2019-08-25 1:00,0,0
2019-08-25 2:00,0,0
2019-08-25 3:00,0,0
2019-08-25 4:00,0,0
2019-08-25 5:00,0,0
2019-08-25 6:00,0,0
2019-08-25 7:00,0,0
2019-08-25 8:00,589.17,172.668664
2019-08-25 9:00,295.11,86.48819432
2019-08-25 10:00,331.66,97.19994079
2019-08-25 11:00,507.03,148.5958089
2019-08-25 12:00,598.92,175.5261067
2019-08-25 13:00,546.57,160.1838378
2019-08-25 14:00,564.47,165.4298094
2019-08-25 15:00,625.66,183.3628263
2019-08-25 16:00,566.92,166.1478334
2019-08-25 17:00,0,0
2019-08-25 18:00,207.32,60.75948781
2019-08-25 19:00,152.91,44.81349257
2019-08-25 20:00,0,0
2019-08-25 21:00,0,0
2019-08-25 22:00,0,0
2019-08-25 23:00,0,0
2019-08-26 0:00,0,0
2019-08-26 1:00,0,0
2019-08-26 2:00,246.41,72.21563472
2019-08-26 3:00,211.35,61.94056409
2019-08-26 4:00,209.32,61.34562988
2019-08-26 5:00,199.97,58.60541567
2019-08-26 6:00,205.36,60.18506857
2019-08-26 7:00,349.74,102.4986652
2019-08-26 8:00,112.31,32.91480839
2019-08-26 9:00,304.54,89.25185422
2019-08-26 10:00,398.49,116.7858783
2019-08-26 11:00,566.06,165.8957923
2019-08-26 12:00,640.18,187.6182177
2019-08-26 13:00,549.84,161.1421801
2019-08-26 14:00,588.57,172.4928214
2019-08-26 15:00,641.99,188.1486763
2019-08-26 16:00,634.03,185.8158309
2019-08-26 17:00,744.55,218.2060421
2019-08-26 18:00,587.85,172.2818103
2019-08-26 19:00,598.14,175.2975113
2019-08-26 20:00,481.48,141.1078439
2019-08-26 21:00,0,0
2019-08-26 22:00,0,0
2019-08-26 23:00,0,0
2019-08-27 0:00,0,0
2019-08-27 1:00,0,0
2019-08-27 2:00,0,0
2019-08-27 3:00,0,0
2019-08-27 4:00,0,0
2019-08-27 5:00,209.72,61.4628583
2019-08-27 6:00,178.59,52.33955686
2019-08-27 7:00,346.4,101.5198079
2019-08-27 8:00,66.42,19.46577841
2019-08-27 9:00,354.4,103.8643762
2019-08-27 10:00,446.47,130.8474268
2019-08-27 11:00,555.16,162.701318
2019-08-27 12:00,553.67,162.2646422
2019-08-27 13:00,606.14,177.6420796
2019-08-27 14:00,623.07,182.6037723
2019-08-27 15:00,525.25,153.9355632
2019-08-27 16:00,588.03,172.3345631
2019-08-27 17:00,608.99,178.477332
2019-08-27 18:00,522.65,153.1735785
2019-08-27 19:00,512.41,150.1725311
2019-08-27 20:00,463.81,135.9292786
2019-08-27 21:00,0,0
2019-08-27 22:00,0,0
2019-08-27 23:00,0,0
2019-08-28 0:00,0,0
2019-08-28 1:00,0,0
2019-08-28 2:00,0,0
2019-08-28 3:00,0,0
2019-08-28 4:00,0,0
2019-08-28 5:00,867.46,254.2274035
2019-08-28 6:00,281.93,82.62551803
2019-08-28 7:00,1449.07,424.6804505
2019-08-28 8:00,703.75,206.2487437
2019-08-28 9:00,619.63,181.5956079
2019-08-28 10:00,659.13,193.1719139
2019-08-28 11:00,740.36,216.9780744
2019-08-28 12:00,748.37,219.3255735
2019-08-28 13:00,793.92,232.6749593
2019-08-28 14:00,957.3,280.5569056
2019-08-28 15:00,609.52,178.6326597
2019-08-28 16:00,655.62,192.1432346
2019-08-28 17:00,499.22,146.3069241
2019-08-28 18:00,592.66,173.691482
2019-08-28 19:00,555.84,162.9006063
2019-08-28 20:00,552.4,161.8924419
2019-08-28 21:00,0,0
2019-08-28 22:00,0,0
2019-08-28 23:00,0,0
2019-08-29 0:00,0,0
2019-08-29 1:00,0,0
2019-08-29 2:00,0,0
2019-08-29 3:00,0,0
2019-08-29 4:00,0,0
2019-08-29 5:00,0,0
2019-08-29 6:00,0,0
2019-08-29 7:00,1083.58,317.5659164
2019-08-29 8:00,156.08,45.74252777
2019-08-29 9:00,335.56,98.34291785
2019-08-29 10:00,363.59,106.5576991
2019-08-29 11:00,423.42,124.0921393
2019-08-29 12:00,664.36,194.7046755
2019-08-29 13:00,544.28,159.5127051
2019-08-29 14:00,591.15,173.2489447
2019-08-29 15:00,556.33,163.0442111
2019-08-29 16:00,541.46,158.6862448
2019-08-29 17:00,546.3,160.1047086
2019-08-29 18:00,547.98,160.597068
2019-08-29 19:00,594.94,174.3596839
2019-08-29 20:00,459.43,134.6456274
2019-08-29 21:00,0,0
2019-08-29 22:00,0,0
2019-08-29 23:00,0,0
2019-08-30 0:00,0,0
2019-08-30 1:00,0,0
2019-08-30 2:00,0,0
2019-08-30 3:00,0,0
2019-08-30 4:00,0,0
2019-08-30 5:00,0,0
2019-08-30 6:00,0,0
2019-08-30 7:00,1255.42,367.9272438
2019-08-30 8:00,434.06,127.2104152
2019-08-30 9:00,359.81,105.4498905
2019-08-30 10:00,374.94,109.8840554
2019-08-30 11:00,336.12,98.50703763
2019-08-30 12:00,437.98,128.3592537
2019-08-30 13:00,517.47,151.6554706
2019-08-30 14:00,465.87,136.5330049
2019-08-30 15:00,474.51,139.0651387
2019-08-30 16:00,474.05,138.930326
2019-08-30 17:00,429.02,125.7333372
2019-08-30 18:00,433.37,127.0081962
2019-08-30 19:00,377.73,110.7017236
2019-08-30 20:00,316.01,92.61337903
2019-08-30 21:00,0,0
2019-08-30 22:00,0,0
2019-08-30 23:00,0,0
2019-08-31 0:00,0,0
2019-08-31 1:00,0,0
2019-08-31 2:00,0,0
2019-08-31 3:00,0,0
2019-08-31 4:00,0,0
2019-08-31 5:00,0,0
2019-08-31 6:00,0,0
2019-08-31 7:00,0,0
2019-08-31 8:00,156.52,45.87147902
2019-08-31 9:00,108.94,31.92715899
2019-08-31 10:00,159.88,46.85619772
2019-08-31 11:00,138.66,40.63723027
2019-08-31 12:00,215.62,63.19197743
2019-08-31 13:00,301.33,88.31109618
2019-08-31 14:00,265.11,77.69606315
2019-08-31 15:00,287.73,84.32533005
2019-08-31 16:00,414.65,121.5219063
2019-08-31 17:00,475.67,139.4051011
2019-08-31 18:00,311.09,91.17146952
2019-08-31 19:00,0,0
2019-08-31 20:00,0,0
2019-08-31 21:00,0,0
2019-08-31 22:00,0,0
2019-08-31 23:00,0,0
2019-09-01 0:00,0,0
2019-09-01 1:00,0,0
2019-09-01 2:00,0,0
2019-09-01 3:00,0,0
2019-09-01 4:00,0,0
2019-09-01 5:00,0,0
2019-09-01 6:00,0,0
2019-09-01 7:00,0,0
2019-09-01 8:00,0,0
2019-09-01 9:00,0,0
2019-09-01 10:00,0,0
2019-09-01 11:00,0,0
2019-09-01 12:00,0,0
2019-09-01 13:00,314.62,92.20601029
2019-09-01 14:00,158.44,46.43417542
2019-09-01 15:00,0,0
2019-09-01 16:00,0,0
2019-09-01 17:00,922.9,270.4752619
2019-09-01 18:00,0,0
2019-09-01 19:00,0,0
2019-09-01 20:00,245.04,71.8141274
2019-09-01 21:00,0,0
2019-09-01 22:00,0,0
2019-09-01 23:00,0,0
2019-09-02 0:00,248.12,72.7167862
2019-09-02 1:00,0,0
2019-09-02 2:00,0,0
2019-09-02 3:00,0,0
2019-09-02 4:00,274.94,80.57695146
2019-09-02 5:00,239.9,70.30774226
2019-09-02 6:00,0,0
2019-09-02 7:00,0,0
2019-09-02 8:00,1439.11,421.7614629
2019-09-02 9:00,934.06,273.7459347
2019-09-02 10:00,735.92,215.676839
2019-09-02 11:00,740.15,216.9165295
2019-09-02 12:00,681.3,199.6692989
2019-09-02 13:00,722.98,211.8844998
2019-09-02 14:00,586.37,171.8480651
2019-09-02 15:00,712.8,208.9010366
2019-09-02 16:00,728.59,213.5286283
2019-09-02 17:00,657.15,192.5916333
2019-09-02 18:00,596.69,174.8725583
2019-09-02 19:00,504.62,147.8895077
2019-09-02 20:00,447.73,131.2166963
2019-09-02 21:00,391.04,114.6024991
2019-09-02 22:00,0,0
2019-09-02 23:00,0,0
2019-09-03 0:00,0,0
2019-09-03 1:00,0,0
2019-09-03 2:00,0,0
2019-09-03 3:00,0,0
2019-09-03 4:00,0,0
2019-09-03 5:00,0,0
2019-09-03 6:00,0,0
2019-09-03 7:00,0,0
2019-09-03 8:00,206.86,60.62467513
2019-09-03 9:00,262.67,76.98096981
2019-09-03 10:00,363.72,106.5957983
2019-09-03 11:00,409.44,119.9950062
2019-09-03 12:00,393.16,115.2238097
2019-09-03 13:00,395.23,115.8304667
2019-09-03 14:00,599.95,175.8279698
2019-09-03 15:00,600.9,176.1063873
2019-09-03 16:00,527.16,154.4953289
2019-09-03 17:00,321.46,94.2106162
2019-09-03 18:00,272.32,79.80910534
2019-09-03 19:00,200.15,58.65816846
2019-09-03 20:00,162.93,47.75006438
2019-09-03 21:00,128.7,37.71824272
2019-09-03 22:00,0,0
2019-09-03 23:00,0,0
2019-09-04 0:00,172.16,50.45511007
2019-09-04 1:00,147.39,43.19574044
2019-09-04 2:00,185.1,54.24744932
2019-09-04 3:00,210.46,61.67973087
2019-09-04 4:00,182.97,53.62320801
2019-09-04 5:00,215.4,63.1275018
2019-09-04 6:00,187.1,54.8335914
2019-09-04 7:00,0,0
2019-09-04 8:00,1433.54,420.1290572
2019-09-04 9:00,898.49,263.3213978
2019-09-04 10:00,771.19,226.0134546
2019-09-04 11:00,716.93,210.11142
2019-09-04 12:00,674.23,197.5972866
2019-09-04 13:00,603.59,176.8947484
2019-09-04 14:00,478.88,140.3458592
2019-09-04 15:00,367.54,107.7153297
2019-09-04 16:00,246.11,72.12771341
2019-09-04 17:00,217.14,63.63744541
2019-09-04 18:00,150.41,44.08081498
2019-09-04 19:00,150.88,44.21855836
2019-09-04 20:00,155.35,45.52858591
2019-09-04 21:00,123.08,36.07118348
2019-09-04 22:00,0,0
2019-09-04 23:00,0,0
2019-09-05 0:00,0,0
2019-09-05 1:00,0,0
2019-09-05 2:00,0,0
2019-09-05 3:00,0,0
2019-09-05 4:00,0,0
2019-09-05 5:00,0,0
2019-09-05 6:00,0,0
2019-09-05 7:00,0,0
2019-09-05 8:00,84.91,24.88466192
2019-09-05 9:00,122.2,35.81328097
2019-09-05 10:00,206.85,60.62174442
2019-09-05 11:00,295.15,86.49991716
2019-09-05 12:00,387.65,113.6089883
2019-09-05 13:00,585.82,171.6868761
2019-09-05 14:00,536.6,157.2619195
2019-09-05 15:00,632.54,185.379155
2019-09-05 16:00,657.8,192.7821295
2019-09-05 17:00,580.14,170.0222326
2019-09-05 18:00,654.66,191.8618864
2019-09-05 19:00,516.62,151.4063602
2019-09-05 20:00,353.24,103.5244138
2019-09-05 21:00,274.73,80.51540654
2019-09-05 22:00,0,0
2019-09-05 23:00,0,0
2019-09-06 0:00,0,0
2019-09-06 1:00,0,0
2019-09-06 2:00,0,0
2019-09-06 3:00,0,0
2019-09-06 4:00,0,0
2019-09-06 5:00,0,0
2019-09-06 6:00,0,0
2019-09-06 7:00,0,0
2019-09-06 8:00,310.27,90.93115127
2019-09-06 9:00,157.01,46.01508383
2019-09-06 10:00,391.99,114.8809166
2019-09-06 11:00,412.01,120.7481988
2019-09-06 12:00,443.39,129.944768
2019-09-06 13:00,598.58,175.4264625
2019-09-06 14:00,620.84,181.9502239
2019-09-06 15:00,574.58,168.3927576
2019-09-06 16:00,395.48,115.9037345
2019-09-06 17:00,370.38,108.5476514
2019-09-06 18:00,253.18,74.19972565
2019-09-06 19:00,229.44,67.24221919
2019-09-06 20:00,215.81,63.24766093
2019-09-06 21:00,165.38,48.46808843
2019-09-06 22:00,0,0
2019-09-06 23:00,0,0
2019-09-07 0:00,0,0
2019-09-07 1:00,0,0
2019-09-07 2:00,0,0
2019-09-07 3:00,0,0
2019-09-07 4:00,0,0
2019-09-07 5:00,0,0
2019-09-07 6:00,0,0
2019-09-07 7:00,0,0
2019-09-07 8:00,0,0
2019-09-07 9:00,0,0
2019-09-07 10:00,99.21,29.07557778
2019-09-07 11:00,83.05,24.33954979
2019-09-07 12:00,177.44,52.00252516
2019-09-07 13:00,162.24,47.54784537
2019-09-07 14:00,208.29,61.04376671
2019-09-07 15:00,192.72,56.48065064
2019-09-07 16:00,193.18,56.61546331
2019-09-07 17:00,239.55,70.20516739
2019-09-07 18:00,0,0
2019-09-07 19:00,0,0
2019-09-07 20:00,0,0
2019-09-07 21:00,0,0
2019-09-07 22:00,0,0
2019-09-07 23:00,0,0
2019-09-08 0:00,0,0
2019-09-08 1:00,0,0
2019-09-08 2:00,0,0
2019-09-08 3:00,0,0
2019-09-08 4:00,0,0
2019-09-08 5:00,0,0
2019-09-08 6:00,0,0
2019-09-08 7:00,0,0
2019-09-08 8:00,0,0
2019-09-08 9:00,0,0
2019-09-08 10:00,0,0
2019-09-08 11:00,0,0
2019-09-08 12:00,0,0
2019-09-08 13:00,235.4,68.98892258
2019-09-08 14:00,0,0
2019-09-08 15:00,0,0
2019-09-08 16:00,0,0
2019-09-08 17:00,201.89,59.16811206
2019-09-08 18:00,0,0
2019-09-08 19:00,0,0
2019-09-08 20:00,202.8,59.43480671
2019-09-08 21:00,0,0
2019-09-08 22:00,0,0
2019-09-08 23:00,0,0
2019-09-09 0:00,0,0
2019-09-09 1:00,0,0
2019-09-09 2:00,0,0
2019-09-09 3:00,0,0
2019-09-09 4:00,0,0
2019-09-09 5:00,0,0
2019-09-09 6:00,0,0
2019-09-09 7:00,0,0
2019-09-09 8:00,0,0
2019-09-09 9:00,18.65,5.465774877
2019-09-09 10:00,97.26,28.50408925
2019-09-09 11:00,136.51,40.00712753
2019-09-09 12:00,229.68,67.31255624
2019-09-09 13:00,217.89,63.85724869
2019-09-09 14:00,253.18,74.19972565
2019-09-09 15:00,329.87,96.67534363
2019-09-09 16:00,568.12,166.4995187
2019-09-09 17:00,622.11,182.3224241
2019-09-09 18:00,413.09,121.0647155
2019-09-09 19:00,273.1,80.03770075
2019-09-09 20:00,148.09,43.40089017
2019-09-09 21:00,60.22,17.64873797
2019-09-09 22:00,0,0
2019-09-09 23:00,0,0
2019-09-10 0:00,0,0
2019-09-10 1:00,0,0
2019-09-10 2:00,0,0
2019-09-10 3:00,0,0
2019-09-10 4:00,0,0
2019-09-10 5:00,0,0
2019-09-10 6:00,0,0
2019-09-10 7:00,0,0
2019-09-10 8:00,24.13,7.071804171
2019-09-10 9:00,69.48,20.36257579
2019-09-10 10:00,59.44,17.42014256
2019-09-10 11:00,204.41,59.90665108
2019-09-10 12:00,225.92,66.21060913
2019-09-10 13:00,337.89,99.02577337
2019-09-10 14:00,370.15,108.4802451
2019-09-10 15:00,356.93,104.605846
2019-09-10 16:00,398.77,116.8679382
2019-09-10 17:00,374.48,109.7492427
2019-09-10 18:00,344.69,101.0186564
2019-09-10 19:00,333.68,97.79194429
2019-09-10 20:00,246.5,72.24201111
2019-09-10 21:00,170.06,49.83966089
2019-09-10 22:00,0,0
2019-09-10 23:00,0,0
2019-09-11 0:00,0,0
2019-09-11 1:00,0,0
2019-09-11 2:00,0,0
2019-09-11 3:00,0,0
2019-09-11 4:00,0,0
2019-09-11 5:00,0,0
2019-09-11 6:00,0,0
2019-09-11 7:00,0,0
2019-09-11 8:00,1335.41,391.3699962
2019-09-11 9:00,981.73,287.7166311
2019-09-11 10:00,1228.78,360.1198313
2019-09-11 11:00,885.75,259.5876728
2019-09-11 12:00,836.29,245.0923792
2019-09-11 13:00,920.33,269.7220693
2019-09-11 14:00,890.77,261.0588894
2019-09-11 15:00,887.04,259.9657344
2019-09-11 16:00,808.09,236.8277759
2019-09-11 17:00,674.72,197.7408914
2019-09-11 18:00,463.84,135.9380707
2019-09-11 19:00,199.26,58.39733523
2019-09-11 20:00,151.37,44.36216317
2019-09-11 21:00,121.32,35.55537845
2019-09-11 22:00,0,0
2019-09-11 23:00,0,0
2019-09-12 0:00,0,0
2019-09-12 1:00,0,0
2019-09-12 2:00,0,0
2019-09-12 3:00,0,0
2019-09-12 4:00,0,0
2019-09-12 5:00,0,0
2019-09-12 6:00,0,0
2019-09-12 7:00,0,0
2019-09-12 8:00,154.19,45.1886235
2019-09-12 9:00,115.11,33.7354073
2019-09-12 10:00,255.19,74.78879844
2019-09-12 11:00,290.38,85.1019683
2019-09-12 12:00,291.42,85.40676219
2019-09-12 13:00,404.12,118.4358683
2019-09-12 14:00,363.08,106.4082328
2019-09-12 15:00,422.49,123.8195833
2019-09-12 16:00,562.34,164.8055681
2019-09-12 17:00,612.31,179.4503279
2019-09-12 18:00,485.98,142.4266635
2019-09-12 19:00,287.31,84.20224022
2019-09-12 20:00,209.56,61.41596693
2019-09-12 21:00,136.96,40.1390095
2019-09-12 22:00,0,0
2019-09-12 23:00,0,0
2019-09-13 0:00,0,0
2019-09-13 1:00,0,0
2019-09-13 2:00,0,0
2019-09-13 3:00,0,0
2019-09-13 4:00,0,0
2019-09-13 5:00,0,0
2019-09-13 6:00,0,0
2019-09-13 7:00,0,0
2019-09-13 8:00,9.35,2.740214215
2019-09-13 9:00,0,0
2019-09-13 10:00,90.78,26.60498892
2019-09-13 11:00,211.29,61.92297983
2019-09-13 12:00,330.31,96.80429489
2019-09-13 13:00,352.61,103.3397791
2019-09-13 14:00,402.21,117.8761026
2019-09-13 15:00,552.02,161.7810749
2019-09-13 16:00,483.69,141.7555309
2019-09-13 17:00,557.96,163.5219169
2019-09-13 18:00,430.57,126.1875973
2019-09-13 19:00,353.05,103.4687303
2019-09-13 20:00,306,89.67973793
2019-09-13 21:00,288.41,84.52461836
2019-09-13 22:00,0,0
2019-09-13 23:00,0,0
2019-09-14 0:00,0,0
2019-09-14 1:00,0,0
2019-09-14 2:00,0,0
2019-09-14 3:00,0,0
2019-09-14 4:00,0,0
2019-09-14 5:00,0,0
2019-09-14 6:00,0,0
2019-09-14 7:00,0,0
2019-09-14 8:00,0,0
2019-09-14 9:00,0,0
2019-09-14 10:00,592.2,173.5566693
2019-09-14 11:00,630.72,184.8457657
2019-09-14 12:00,433.96,127.1811081
2019-09-14 13:00,503.51,147.5641988
2019-09-14 14:00,466.07,136.5916191
2019-09-14 15:00,451.17,132.2248607
2019-09-14 16:00,432.41,126.726848
2019-09-14 17:00,376.14,110.2357406
2019-09-14 18:00,0,0
2019-09-14 19:00,0,0
2019-09-14 20:00,0,0
2019-09-14 21:00,0,0
2019-09-14 22:00,0,0
2019-09-14 23:00,0,0
2019-09-15 0:00,0,0
2019-09-15 1:00,0,0
2019-09-15 2:00,0,0
2019-09-15 3:00,0,0
2019-09-15 4:00,0,0
2019-09-15 5:00,0,0
2019-09-15 6:00,0,0
2019-09-15 7:00,0,0
2019-09-15 8:00,0,0
2019-09-15 9:00,0,0
2019-09-15 10:00,199.45,58.45301873
2019-09-15 11:00,0,0
2019-09-15 12:00,215.32,63.10405612
2019-09-15 13:00,200.61,58.79298113
2019-09-15 14:00,0,0
2019-09-15 15:00,0,0
2019-09-15 16:00,0,0
2019-09-15 17:00,0,0
2019-09-15 18:00,0,0
2019-09-15 19:00,0,0
2019-09-15 20:00,0,0
2019-09-15 21:00,0,0
2019-09-15 22:00,248.65,72.87211385
2019-09-15 23:00,134.67,39.46787682
2019-09-16 0:00,0,0
2019-09-16 1:00,0,0
2019-09-16 2:00,0,0
2019-09-16 3:00,139.05,40.75152797
2019-09-16 4:00,0,0
2019-09-16 5:00,153.98,45.12707859
2019-09-16 6:00,0,0
2019-09-16 7:00,1.94,0.568557816
2019-09-16 8:00,80.19,23.50136662
2019-09-16 9:00,83.49,24.46850105
2019-09-16 10:00,280.8,82.29434775
2019-09-16 11:00,427.03,125.1501258
2019-09-16 12:00,419.47,122.9345087
2019-09-16 13:00,584.12,171.1886553
2019-09-16 14:00,691.41,202.6322471
2019-09-16 15:00,698.53,204.7189129
2019-09-16 16:00,758.04,222.1595704
2019-09-16 17:00,711.57,208.5405592
2019-09-16 18:00,760.25,222.8072574
2019-09-16 19:00,591.02,173.2108455
2019-09-16 20:00,329.54,96.57863019
2019-09-16 21:00,222.68,65.26105896
2019-09-16 22:00,0,0
2019-09-16 23:00,0,0
2019-09-17 0:00,0,0
2019-09-17 1:00,0,0
2019-09-17 2:00,0,0
2019-09-17 3:00,0,0
2019-09-17 4:00,0,0
2019-09-17 5:00,0,0
2019-09-17 6:00,0,0
2019-09-17 7:00,0,0
2019-09-17 8:00,202.75,59.42015316
2019-09-17 9:00,129.66,37.99959092
2019-09-17 10:00,324.05,94.96967019
2019-09-17 11:00,404.37,118.509136
2019-09-17 12:00,515.79,151.1631112
2019-09-17 13:00,640.68,187.7647533
2019-09-17 14:00,701.47,205.5805417
2019-09-17 15:00,735.95,215.6856312
2019-09-17 16:00,790.31,231.6169728
2019-09-17 17:00,700.61,205.3285006
2019-09-17 18:00,594.12,174.1193657
2019-09-17 19:00,522.82,153.2234006
2019-09-17 20:00,331.37,97.11495019
2019-09-17 21:00,211.94,62.11347601
2019-09-17 22:00,0,0
2019-09-17 23:00,0,0
2019-09-18 0:00,0,0
2019-09-18 1:00,0,0
2019-09-18 2:00,0,0
2019-09-18 3:00,0,0
2019-09-18 4:00,0,0
2019-09-18 5:00,0,0
2019-09-18 6:00,0,0
2019-09-18 7:00,316.41,92.73060745
2019-09-18 8:00,188.55,55.2585444
2019-09-18 9:00,51.21,15.00816791
2019-09-18 10:00,253.94,74.42245964
2019-09-18 11:00,333.3,97.6805773
2019-09-18 12:00,401.58,117.6914678
2019-09-18 13:00,457.61,134.1122382
2019-09-18 14:00,691.39,202.6263857
2019-09-18 15:00,690.15,202.2629776
2019-09-18 16:00,668.01,195.7743848
2019-09-18 17:00,620.78,181.9326396
2019-09-18 18:00,638.92,187.2489482
2019-09-18 19:00,363.97,106.6690661
2019-09-18 20:00,242.23,70.99059778
2019-09-18 21:00,139.06,40.75445868
2019-09-18 22:00,0,0
2019-09-18 23:00,0,0
2019-09-19 0:00,0,0
2019-09-19 1:00,0,0
2019-09-19 2:00,0,0
2019-09-19 3:00,0,0
2019-09-19 4:00,0,0
2019-09-19 5:00,0,0
2019-09-19 6:00,0,0
2019-09-19 7:00,0,0
2019-09-19 8:00,122.5,35.90120228
2019-09-19 9:00,74.79,21.91878301
2019-09-19 10:00,208.07,60.97929108
2019-09-19 11:00,353.95,103.7324943
2019-09-19 12:00,612.8,179.5939327
2019-09-19 13:00,664.35,194.7017448
2019-09-19 14:00,708.4,207.611524
2019-09-19 15:00,726.93,213.0421304
2019-09-19 16:00,798.1,233.8999962
2019-09-19 17:00,839.27,245.9657309
2019-09-19 18:00,768.66,225.2719848
2019-09-19 19:00,502.55,147.2828506
2019-09-19 20:00,395.35,115.8656353
2019-09-19 21:00,309.49,90.70255586
2019-09-19 22:00,0,0
2019-09-19 23:00,0,0
2019-09-20 0:00,0,0
2019-09-20 1:00,0,0
2019-09-20 2:00,0,0
2019-09-20 3:00,0,0
2019-09-20 4:00,0,0
2019-09-20 5:00,0,0
2019-09-20 6:00,0,0
2019-09-20 7:00,0,0
2019-09-20 8:00,356.08,104.3567356
2019-09-20 9:00,199.86,58.57317785
2019-09-20 10:00,456.64,133.8279592
2019-09-20 11:00,455.71,133.5554032
2019-09-20 12:00,709.95,208.0657841
2019-09-20 13:00,717.51,210.2814012
2019-09-20 14:00,621.6,182.1729578
2019-09-20 15:00,692.5,202.9516945
2019-09-20 16:00,727.47,213.2003887
2019-09-20 17:00,761.05,223.0417142
2019-09-20 18:00,700.07,205.1702423
2019-09-20 19:00,525.28,153.9443554
2019-09-20 20:00,435.93,127.758458
2019-09-20 21:00,394.19,115.5256729
2019-09-20 22:00,0,0
2019-09-20 23:00,0,0
2019-09-21 0:00,0,0
2019-09-21 1:00,0,0
2019-09-21 2:00,0,0
2019-09-21 3:00,0,0
2019-09-21 4:00,0,0
2019-09-21 5:00,0,0
2019-09-21 6:00,0,0
2019-09-21 7:00,0,0
2019-09-21 8:00,0,0
2019-09-21 9:00,0,0
2019-09-21 10:00,746.74,218.8478677
2019-09-21 11:00,727.7,213.2677951
2019-09-21 12:00,710.01,208.0833684
2019-09-21 13:00,695.74,203.9012447
2019-09-21 14:00,714.41,209.372881
2019-09-21 15:00,654.14,191.7094895
2019-09-21 16:00,663.08,194.3295445
2019-09-21 17:00,608.76,178.4099257
2019-09-21 18:00,0,0
2019-09-21 19:00,0,0
2019-09-21 20:00,0,0
2019-09-21 21:00,0,0
2019-09-21 22:00,0,0
2019-09-21 23:00,0,0
2019-09-22 0:00,0,0
2019-09-22 1:00,0,0
2019-09-22 2:00,0,0
2019-09-22 3:00,0,0
2019-09-22 4:00,0,0
2019-09-22 5:00,307.77,90.19847367
2019-09-22 6:00,0,0
2019-09-22 7:00,0,0
2019-09-22 8:00,0,0
2019-09-22 9:00,0,0
2019-09-22 10:00,0,0
2019-09-22 11:00,293.77,86.09547913
2019-09-22 12:00,283.93,83.2116601
2019-09-22 13:00,246.11,72.12771341
2019-09-22 14:00,301.95,88.49280023
2019-09-22 15:00,246.86,72.34751669
2019-09-22 16:00,313.57,91.8982857
2019-09-22 17:00,312.84,91.68434384
2019-09-22 18:00,0,0
2019-09-22 19:00,332.92,97.5692103
2019-09-22 20:00,328.99,96.41744112
2019-09-22 21:00,995.99,291.8958241
2019-09-22 22:00,280.04,82.07161376
2019-09-22 23:00,266.28,78.03895626
2019-09-23 0:00,0,0
2019-09-23 1:00,0,0
2019-09-23 2:00,0,0
2019-09-23 3:00,0,0
2019-09-23 4:00,0,0
2019-09-23 5:00,281.45,82.48484393
2019-09-23 6:00,463.47,135.8296344
2019-09-23 7:00,0,0
2019-09-23 8:00,1863.2,546.0499599
2019-09-23 9:00,1165.13,341.4658597
2019-09-23 10:00,1184.44,347.1250614
2019-09-23 11:00,1327.46,389.0400814
2019-09-23 12:00,981.46,287.6375019
2019-09-23 13:00,936.68,274.5137808
2019-09-23 14:00,1018.34,298.4459619
2019-09-23 15:00,1061.8,311.1828292
2019-09-23 16:00,1126.53,330.1533176
2019-09-23 17:00,954.98,279.8769808
2019-09-23 18:00,863.38,253.0316737
2019-09-23 19:00,761.11,223.0592985
2019-09-23 20:00,555.07,162.6749416
2019-09-23 21:00,343.59,100.6962783
2019-09-23 22:00,0,0
2019-09-23 23:00,0,0
2019-09-24 0:00,0,0
2019-09-24 1:00,0,0
2019-09-24 2:00,0,0
2019-09-24 3:00,0,0
2019-09-24 4:00,302.51,88.65692001
2019-09-24 5:00,0,0
2019-09-24 6:00,0,0
2019-09-24 7:00,0,0
2019-09-24 8:00,375.59,110.0745515
2019-09-24 9:00,80.43,23.57170367
2019-09-24 10:00,180.37,52.8612233
2019-09-24 11:00,206.37,60.48107032
2019-09-24 12:00,204.17,59.83631403
2019-09-24 13:00,306.08,89.70318362
2019-09-24 14:00,319.33,93.58637488
2019-09-24 15:00,224.1,65.67721984
2019-09-24 16:00,146.49,42.9319765
2019-09-24 17:00,104.71,30.68746849
2019-09-24 18:00,116.57,34.16329102
2019-09-24 19:00,100.76,29.52983789
2019-09-24 20:00,107.64,31.54616664
2019-09-24 21:00,48.39,14.18170758
2019-09-24 22:00,0,0
2019-09-24 23:00,0,0
2019-09-25 0:00,0,0
2019-09-25 1:00,0,0
2019-09-25 2:00,0,0
2019-09-25 3:00,0,0
2019-09-25 4:00,0,0
2019-09-25 5:00,0,0
2019-09-25 6:00,0,0
2019-09-25 7:00,0,0
2019-09-25 8:00,56.37,16.52041447
2019-09-25 9:00,32.82,9.6185915
2019-09-25 10:00,186.95,54.78963074
2019-09-25 11:00,341.53,100.0925519
2019-09-25 12:00,461.73,135.3196908
2019-09-25 13:00,580.66,170.1746295
2019-09-25 14:00,718.89,210.6858392
2019-09-25 15:00,750.74,220.0201518
2019-09-25 16:00,778.34,228.1089125
2019-09-25 17:00,753.73,220.8964342
2019-09-25 18:00,669.97,196.348804
2019-09-25 19:00,536.52,157.2384738
2019-09-25 20:00,425.62,124.7368956
2019-09-25 21:00,512.83,150.2956209
2019-09-25 22:00,449.68,131.7881848
2019-09-25 23:00,412.76,120.9680021
2019-09-26 0:00,184.86,54.17711227
2019-09-26 1:00,0,0
2019-09-26 2:00,0,0
2019-09-26 3:00,0,0
2019-09-26 4:00,0,0
2019-09-26 5:00,0,0
2019-09-26 6:00,0,0
2019-09-26 7:00,0,0
2019-09-26 8:00,715.5,209.6923284
2019-09-26 9:00,170.8,50.05653346
2019-09-26 10:00,275.09,80.62091212
2019-09-26 11:00,171.72,50.32615882
2019-09-26 12:00,202.38,59.31171687
2019-09-26 13:00,209.86,61.50388824
2019-09-26 14:00,324.82,95.19533489
2019-09-26 15:00,400.46,117.3632283
2019-09-26 16:00,401.58,117.6914678
2019-09-26 17:00,352.59,103.3339176
2019-09-26 18:00,204.29,59.87148256
2019-09-26 19:00,143.15,41.95311923
2019-09-26 20:00,77.58,22.73645121
2019-09-26 21:00,64.39,18.8708442
2019-09-26 22:00,0,0
2019-09-26 23:00,0,0
2019-09-27 0:00,0,0
2019-09-27 1:00,0,0
2019-09-27 2:00,0,0
2019-09-27 3:00,0,0
2019-09-27 4:00,0,0
2019-09-27 5:00,0,0
2019-09-27 6:00,0,0
2019-09-27 7:00,0,0
2019-09-27 8:00,34.07,9.984930299
2019-09-27 9:00,0,0
2019-09-27 10:00,100.6,29.48294652
2019-09-27 11:00,225.06,65.95856804
2019-09-27 12:00,403.99,118.397769
2019-09-27 13:00,552.89,162.0360468
2019-09-27 14:00,557.88,163.4984712
2019-09-27 15:00,565.26,165.6613355
2019-09-27 16:00,541.6,158.7272747
2019-09-27 17:00,499.65,146.4329446
2019-09-27 18:00,288.5,84.55099475
2019-09-27 19:00,229.14,67.15429788
2019-09-27 20:00,236.87,69.41973701
2019-09-27 21:00,182.31,53.42978112
2019-09-27 22:00,0,0
2019-09-27 23:00,0,0
2019-09-28 0:00,0,0
2019-09-28 1:00,0,0
2019-09-28 2:00,0,0
2019-09-28 3:00,0,0
2019-09-28 4:00,0,0
2019-09-28 5:00,0,0
2019-09-28 6:00,0,0
2019-09-28 7:00,0,0
2019-09-28 8:00,0,0
2019-09-28 9:00,0,0
2019-09-28 10:00,481.87,141.2221416
2019-09-28 11:00,441.96,129.5256764
2019-09-28 12:00,529.88,155.2924821
2019-09-28 13:00,407.45,119.4117948
2019-09-28 14:00,409.38,119.9774219
2019-09-28 15:00,380.59,111.5399067
2019-09-28 16:00,415.88,121.8823837
2019-09-28 17:00,354.31,103.8379998
2019-09-28 18:00,0,0
2019-09-28 19:00,0,0
2019-09-28 20:00,0,0
2019-09-28 21:00,0,0
2019-09-28 22:00,0,0
2019-09-28 23:00,0,0
2019-09-29 0:00,0,0
2019-09-29 1:00,0,0
2019-09-29 2:00,0,0
2019-09-29 3:00,0,0
2019-09-29 4:00,0,0
2019-09-29 5:00,0,0
2019-09-29 6:00,0,0
2019-09-29 7:00,0,0
2019-09-29 8:00,0,0
2019-09-29 9:00,0,0
2019-09-29 10:00,0,0
2019-09-29 11:00,0,0
2019-09-29 12:00,0,0
2019-09-29 13:00,0,0
2019-09-29 14:00,30.11,8.824368984
2019-09-29 15:00,0,0
2019-09-29 16:00,0,0
2019-09-29 17:00,231.16,67.74630138
2019-09-29 18:00,0,0
2019-09-29 19:00,110.38,32.34918128
2019-09-29 20:00,0,0
2019-09-29 21:00,0,0
2019-09-29 22:00,0,0
2019-09-29 23:00,187.32,54.89806703
2019-09-30 0:00,0,0
2019-09-30 1:00,0,0
2019-09-30 2:00,265.55,77.82501441
2019-09-30 3:00,0,0
2019-09-30 4:00,0,0
2019-09-30 5:00,0,0
2019-09-30 6:00,0,0
2019-09-30 7:00,21.87,6.409463623
2019-09-30 8:00,0,0
2019-09-30 9:00,0,0
2019-09-30 10:00,0,0
2019-09-30 11:00,17.07,5.002722636
2019-09-30 12:00,32.76,9.601007238
2019-09-30 13:00,105.95,31.05087658
2019-09-30 14:00,226.98,66.52126443
2019-09-30 15:00,267.28,78.3320273
2019-09-30 16:00,278.62,81.65545289
2019-09-30 17:00,293.71,86.07789486
2019-09-30 18:00,185.77,54.44380692
2019-09-30 19:00,115.61,33.88194282
2019-09-30 20:00,73.93,21.66674191
2019-09-30 21:00,0,0
2019-09-30 22:00,0,0
2019-09-30 23:00,0,0
2019-10-01 0:00,0,0
2019-10-01 1:00,0,0
2019-10-01 2:00,0,0
2019-10-01 3:00,0,0
2019-10-01 4:00,0,0
2019-10-01 5:00,0,0
2019-10-01 6:00,0,0
2019-10-01 7:00,0,0
2019-10-01 8:00,0,0
2019-10-01 9:00,0,0
2019-10-01 10:00,0,0
2019-10-01 11:00,21.59,6.327403732
2019-10-01 12:00,21.57,6.321542311
2019-10-01 13:00,18.57,5.442329194
2019-10-01 14:00,65.41,19.16977666
2019-10-01 15:00,132.23,38.75278349
2019-10-01 16:00,151.51,44.40319312
2019-10-01 17:00,186.77,54.73687795
2019-10-01 18:00,182.74,53.55580167
2019-10-01 19:00,201.93,59.17983491
2019-10-01 20:00,232.37,68.10091733
2019-10-01 21:00,301.14,88.25541268
2019-10-01 22:00,0,0
2019-10-01 23:00,0,0
2019-10-02 0:00,0,0
2019-10-02 1:00,0,0
2019-10-02 2:00,0,0
2019-10-02 3:00,0,0
2019-10-02 4:00,0,0
2019-10-02 5:00,0,0
2019-10-02 6:00,0,0
2019-10-02 7:00,0,0
2019-10-02 8:00,47.47,13.91208222
2019-10-02 9:00,0,0
2019-10-02 10:00,0,0
2019-10-02 11:00,0,0
2019-10-02 12:00,0,0
2019-10-02 13:00,0,0
2019-10-02 14:00,13.33,3.90663695
2019-10-02 15:00,11.85,3.472891812
2019-10-02 16:00,5.33,1.562068638
2019-10-02 17:00,0,0
2019-10-02 18:00,0,0
2019-10-02 19:00,0,0
2019-10-02 20:00,0,0
2019-10-02 21:00,0,0
2019-10-02 22:00,0,0
2019-10-02 23:00,0,0
2019-10-03 0:00,0,0
2019-10-03 1:00,0,0
2019-10-03 2:00,0,0
2019-10-03 3:00,0,0
2019-10-03 4:00,0,0
2019-10-03 5:00,0,0
2019-10-03 6:00,0,0
2019-10-03 7:00,0,0
2019-10-03 8:00,0,0
2019-10-03 9:00,0,0
2019-10-03 10:00,0,0
2019-10-03 11:00,0,0
2019-10-03 12:00,0,0
2019-10-03 13:00,0,0
2019-10-03 14:00,0,0
2019-10-03 15:00,0,0
2019-10-03 16:00,0,0
2019-10-03 17:00,0,0
2019-10-03 18:00,0,0
2019-10-03 19:00,0,0
2019-10-03 20:00,0,0
2019-10-03 21:00,0,0
2019-10-03 22:00,0,0
2019-10-03 23:00,0,0
2019-10-04 0:00,0,0
2019-10-04 1:00,0,0
2019-10-04 2:00,0,0
2019-10-04 3:00,0,0
2019-10-04 4:00,0,0
2019-10-04 5:00,0,0
2019-10-04 6:00,0,0
2019-10-04 7:00,0,0
2019-10-04 8:00,0,0
2019-10-04 9:00,0,0
2019-10-04 10:00,0,0
2019-10-04 11:00,0,0
2019-10-04 12:00,0,0
2019-10-04 13:00,0,0
2019-10-04 14:00,0,0
2019-10-04 15:00,0,0
2019-10-04 16:00,0,0
2019-10-04 17:00,0,0
2019-10-04 18:00,0,0
2019-10-04 19:00,0,0
2019-10-04 20:00,0,0
2019-10-04 21:00,0,0
2019-10-04 22:00,0,0
2019-10-04 23:00,0,0
2019-10-05 0:00,0,0
2019-10-05 1:00,0,0
2019-10-05 2:00,0,0
2019-10-05 3:00,0,0
2019-10-05 4:00,0,0
2019-10-05 5:00,0,0
2019-10-05 6:00,0,0
2019-10-05 7:00,0,0
2019-10-05 8:00,0,0
2019-10-05 9:00,0,0
2019-10-05 10:00,0,0
2019-10-05 11:00,0,0
2019-10-05 12:00,0,0
2019-10-05 13:00,0,0
2019-10-05 14:00,0,0
2019-10-05 15:00,62.88,18.42830693
2019-10-05 16:00,78.76,23.08227503
2019-10-05 17:00,62.81,18.40779196
2019-10-05 18:00,0,0
2019-10-05 19:00,0,0
2019-10-05 20:00,0,0
2019-10-05 21:00,251.14,73.60186073
2019-10-05 22:00,0,0
2019-10-05 23:00,0,0
2019-10-06 0:00,0,0
2019-10-06 1:00,0,0
2019-10-06 2:00,0,0
2019-10-06 3:00,0,0
2019-10-06 4:00,0,0
2019-10-06 5:00,0,0
2019-10-06 6:00,0,0
2019-10-06 7:00,0,0
2019-10-06 8:00,0,0
2019-10-06 9:00,0,0
2019-10-06 10:00,0,0
2019-10-06 11:00,0,0
2019-10-06 12:00,0,0
2019-10-06 13:00,0,0
2019-10-06 14:00,421.91,123.6496021
2019-10-06 15:00,289.27,84.77665945
2019-10-06 16:00,0,0
2019-10-06 17:00,0,0
2019-10-06 18:00,0,0
2019-10-06 19:00,228.38,66.93156389
2019-10-06 20:00,0,0
2019-10-06 21:00,0,0
2019-10-06 22:00,367.9,107.8208352
2019-10-06 23:00,0,0
2019-10-07 0:00,0,0
2019-10-07 1:00,0,0
2019-10-07 2:00,0,0
2019-10-07 3:00,0,0
2019-10-07 4:00,0,0
2019-10-07 5:00,175.44,51.41638308
2019-10-07 6:00,0,0
2019-10-07 7:00,30.17,8.841953247
2019-10-07 8:00,262.52,76.93700916
2019-10-07 9:00,74.51,21.83672312
2019-10-07 10:00,130.88,38.35713758
2019-10-07 11:00,210.72,61.75592934
2019-10-07 12:00,343.9,100.7871303
2019-10-07 13:00,384.7,112.7444287
2019-10-07 14:00,377.27,110.5669109
2019-10-07 15:00,367.16,107.6039627
2019-10-07 16:00,375.16,109.948531
2019-10-07 17:00,364.51,106.8273244
2019-10-07 18:00,245.29,71.88739516
2019-10-07 19:00,209.05,61.2665007
2019-10-07 20:00,164.49,48.20725521
2019-10-07 21:00,67.52,19.78815655
2019-10-07 22:00,0,0
2019-10-07 23:00,0,0
2019-10-08 0:00,0,0
2019-10-08 1:00,0,0
2019-10-08 2:00,0,0
2019-10-08 3:00,0,0
2019-10-08 4:00,0,0
2019-10-08 5:00,0,0
2019-10-08 6:00,0,0
2019-10-08 7:00,0,0
2019-10-08 8:00,0,0
2019-10-08 9:00,13.17,3.859745584
2019-10-08 10:00,0,0
2019-10-08 11:00,57.41,16.82520835
2019-10-08 12:00,124.1,36.37011594
2019-10-08 13:00,184.32,54.01885391
2019-10-08 14:00,262.33,76.88132566
2019-10-08 15:00,305.62,89.56837094
2019-10-08 16:00,276.01,80.89053747
2019-10-08 17:00,281.63,82.53759671
2019-10-08 18:00,254.82,74.68036216
2019-10-08 19:00,103.78,30.41491243
2019-10-08 20:00,39.27,11.5088997
2019-10-08 21:00,0,0
2019-10-08 22:00,0,0
2019-10-08 23:00,0,0
2019-10-09 0:00,0,0
2019-10-09 1:00,0,0
2019-10-09 2:00,0,0
2019-10-09 3:00,0,0
2019-10-09 4:00,0,0
2019-10-09 5:00,0,0
2019-10-09 6:00,0,0
2019-10-09 7:00,0,0
2019-10-09 8:00,14.72,4.314005694
2019-10-09 9:00,0,0
2019-10-09 10:00,0,0
2019-10-09 11:00,0,0
2019-10-09 12:00,0,0
2019-10-09 13:00,0,0
2019-10-09 14:00,0,0
2019-10-09 15:00,0,0
2019-10-09 16:00,0,0
2019-10-09 17:00,0,0
2019-10-09 18:00,0,0
2019-10-09 19:00,0,0
2019-10-09 20:00,0,0
2019-10-09 21:00,0,0
2019-10-09 22:00,0,0
2019-10-09 23:00,0,0
2019-10-10 0:00,0,0
2019-10-10 1:00,0,0
2019-10-10 2:00,0,0
2019-10-10 3:00,0,0
2019-10-10 4:00,0,0
2019-10-10 5:00,0,0
2019-10-10 6:00,0,0
2019-10-10 7:00,0,0
2019-10-10 8:00,0,0
2019-10-10 9:00,0,0
2019-10-10 10:00,0,0
2019-10-10 11:00,0,0
2019-10-10 12:00,0,0
2019-10-10 13:00,0,0
2019-10-10 14:00,0,0
2019-10-10 15:00,0,0
2019-10-10 16:00,0,0
2019-10-10 17:00,0,0
2019-10-10 18:00,0,0
2019-10-10 19:00,0,0
2019-10-10 20:00,0,0
2019-10-10 21:00,0,0
2019-10-10 22:00,0,0
2019-10-10 23:00,0,0
2019-10-11 0:00,0,0
2019-10-11 1:00,0,0
2019-10-11 2:00,0,0
2019-10-11 3:00,0,0
2019-10-11 4:00,0,0
2019-10-11 5:00,0,0
2019-10-11 6:00,0,0
2019-10-11 7:00,0,0
2019-10-11 8:00,0,0
2019-10-11 9:00,0,0
2019-10-11 10:00,0,0
2019-10-11 11:00,0,0
2019-10-11 12:00,0,0
2019-10-11 13:00,0,0
2019-10-11 14:00,0,0
2019-10-11 15:00,0,0
2019-10-11 16:00,0,0
2019-10-11 17:00,0,0
2019-10-11 18:00,0,0
2019-10-11 19:00,0,0
2019-10-11 20:00,0,0
2019-10-11 21:00,0,0
2019-10-11 22:00,0,0
2019-10-11 23:00,0,0
2019-10-12 0:00,0,0
2019-10-12 1:00,0,0
2019-10-12 2:00,0,0
2019-10-12 3:00,0,0
2019-10-12 4:00,0,0
2019-10-12 5:00,0,0
2019-10-12 6:00,0,0
2019-10-12 7:00,0,0
2019-10-12 8:00,0,0
2019-10-12 9:00,0,0
2019-10-12 10:00,0,0
2019-10-12 11:00,0,0
2019-10-12 12:00,0,0
2019-10-12 13:00,0,0
2019-10-12 14:00,0,0
2019-10-12 15:00,0,0
2019-10-12 16:00,0,0
2019-10-12 17:00,0,0
2019-10-12 18:00,0,0
2019-10-12 19:00,0,0
2019-10-12 20:00,0,0
2019-10-12 21:00,0,0
2019-10-12 22:00,0,0
2019-10-12 23:00,0,0
2019-10-13 0:00,0,0
2019-10-13 1:00,0,0
2019-10-13 2:00,0,0
2019-10-13 3:00,0,0
2019-10-13 4:00,0,0
2019-10-13 5:00,0,0
2019-10-13 6:00,0,0
2019-10-13 7:00,0,0
2019-10-13 8:00,0,0
2019-10-13 9:00,0,0
2019-10-13 10:00,0,0
2019-10-13 11:00,0,0
2019-10-13 12:00,0,0
2019-10-13 13:00,0,0
2019-10-13 14:00,0,0
2019-10-13 15:00,0,0
2019-10-13 16:00,0,0
2019-10-13 17:00,0,0
2019-10-13 18:00,0,0
2019-10-13 19:00,0,0
2019-10-13 20:00,0,0
2019-10-13 21:00,0,0
2019-10-13 22:00,0,0
2019-10-13 23:00,0,0
2019-10-14 0:00,0,0
2019-10-14 1:00,0,0
2019-10-14 2:00,0,0
2019-10-14 3:00,0,0
2019-10-14 4:00,0,0
2019-10-14 5:00,0,0
2019-10-14 6:00,0,0
2019-10-14 7:00,0,0
2019-10-14 8:00,0,0
2019-10-14 9:00,0,0
2019-10-14 10:00,0,0
2019-10-14 11:00,0,0
2019-10-14 12:00,0,0
2019-10-14 13:00,0,0
2019-10-14 14:00,0,0
2019-10-14 15:00,0,0
2019-10-14 16:00,0,0
2019-10-14 17:00,0,0
2019-10-14 18:00,0,0
2019-10-14 19:00,0,0
2019-10-14 20:00,0,0
2019-10-14 21:00,0,0
2019-10-14 22:00,0,0
2019-10-14 23:00,0,0
2019-10-15 0:00,0,0
2019-10-15 1:00,0,0
2019-10-15 2:00,0,0
2019-10-15 3:00,0,0
2019-10-15 4:00,0,0
2019-10-15 5:00,0,0
2019-10-15 6:00,0,0
2019-10-15 7:00,0,0
2019-10-15 8:00,0,0
2019-10-15 9:00,0,0
2019-10-15 10:00,0,0
2019-10-15 11:00,0,0
2019-10-15 12:00,0,0
2019-10-15 13:00,0,0
2019-10-15 14:00,0,0
2019-10-15 15:00,0,0
2019-10-15 16:00,0,0
2019-10-15 17:00,0,0
2019-10-15 18:00,0,0
2019-10-15 19:00,0,0
2019-10-15 20:00,0,0
2019-10-15 21:00,0,0
2019-10-15 22:00,0,0
2019-10-15 23:00,0,0
2019-10-16 0:00,0,0
2019-10-16 1:00,0,0
2019-10-16 2:00,0,0
2019-10-16 3:00,0,0
2019-10-16 4:00,0,0
2019-10-16 5:00,0,0
2019-10-16 6:00,0,0
2019-10-16 7:00,0,0
2019-10-16 8:00,0,0
2019-10-16 9:00,0,0
2019-10-16 10:00,0,0
2019-10-16 11:00,0,0
2019-10-16 12:00,0,0
2019-10-16 13:00,0,0
2019-10-16 14:00,0,0
2019-10-16 15:00,0,0
2019-10-16 16:00,0,0
2019-10-16 17:00,0,0
2019-10-16 18:00,0,0
2019-10-16 19:00,0,0
2019-10-16 20:00,0,0
2019-10-16 21:00,0,0
2019-10-16 22:00,0,0
2019-10-16 23:00,0,0
2019-10-17 0:00,0,0
2019-10-17 1:00,0,0
2019-10-17 2:00,0,0
2019-10-17 3:00,0,0
2019-10-17 4:00,0,0
2019-10-17 5:00,0,0
2019-10-17 6:00,0,0
2019-10-17 7:00,0,0
2019-10-17 8:00,0,0
2019-10-17 9:00,0,0
2019-10-17 10:00,0,0
2019-10-17 11:00,0,0
2019-10-17 12:00,0,0
2019-10-17 13:00,0,0
2019-10-17 14:00,0,0
2019-10-17 15:00,0,0
2019-10-17 16:00,0,0
2019-10-17 17:00,0,0
2019-10-17 18:00,0,0
2019-10-17 19:00,0,0
2019-10-17 20:00,0,0
2019-10-17 21:00,0,0
2019-10-17 22:00,0,0
2019-10-17 23:00,0,0
2019-10-18 0:00,0,0
2019-10-18 1:00,0,0
2019-10-18 2:00,0,0
2019-10-18 3:00,0,0
2019-10-18 4:00,0,0
2019-10-18 5:00,0,0
2019-10-18 6:00,0,0
2019-10-18 7:00,0,0
2019-10-18 8:00,0,0
2019-10-18 9:00,0,0
2019-10-18 10:00,0,0
2019-10-18 11:00,0,0
2019-10-18 12:00,0,0
2019-10-18 13:00,0,0
2019-10-18 14:00,0,0
2019-10-18 15:00,0,0
2019-10-18 16:00,0,0
2019-10-18 17:00,0,0
2019-10-18 18:00,0,0
2019-10-18 19:00,0,0
2019-10-18 20:00,0,0
2019-10-18 21:00,0,0
2019-10-18 22:00,0,0
2019-10-18 23:00,0,0
2019-10-19 0:00,0,0
2019-10-19 1:00,0,0
2019-10-19 2:00,0,0
2019-10-19 3:00,0,0
2019-10-19 4:00,0,0
2019-10-19 5:00,0,0
2019-10-19 6:00,0,0
2019-10-19 7:00,0,0
2019-10-19 8:00,0,0
2019-10-19 9:00,0,0
2019-10-19 10:00,0,0
2019-10-19 11:00,0,0
2019-10-19 12:00,0,0
2019-10-19 13:00,0,0
2019-10-19 14:00,0,0
2019-10-19 15:00,0,0
2019-10-19 16:00,0,0
2019-10-19 17:00,0,0
2019-10-19 18:00,0,0
2019-10-19 19:00,0,0
2019-10-19 20:00,0,0
2019-10-19 21:00,0,0
2019-10-19 22:00,0,0
2019-10-19 23:00,0,0
2019-10-20 0:00,0,0
2019-10-20 1:00,0,0
2019-10-20 2:00,0,0
2019-10-20 3:00,0,0
2019-10-20 4:00,0,0
2019-10-20 5:00,0,0
2019-10-20 6:00,0,0
2019-10-20 7:00,0,0
2019-10-20 8:00,0,0
2019-10-20 9:00,0,0
2019-10-20 10:00,0,0
2019-10-20 11:00,0,0
2019-10-20 12:00,0,0
2019-10-20 13:00,0,0
2019-10-20 14:00,0,0
2019-10-20 15:00,0,0
2019-10-20 16:00,0,0
2019-10-20 17:00,0,0
2019-10-20 18:00,0,0
2019-10-20 19:00,0,0
2019-10-20 20:00,0,0
2019-10-20 21:00,0,0
2019-10-20 22:00,0,0
2019-10-20 23:00,0,0
2019-10-21 0:00,0,0
2019-10-21 1:00,0,0
2019-10-21 2:00,0,0
2019-10-21 3:00,0,0
2019-10-21 4:00,0,0
2019-10-21 5:00,0,0
2019-10-21 6:00,0,0
2019-10-21 7:00,0,0
2019-10-21 8:00,0,0
2019-10-21 9:00,0,0
2019-10-21 10:00,0,0
2019-10-21 11:00,0,0
2019-10-21 12:00,0,0
2019-10-21 13:00,0,0
2019-10-21 14:00,0,0
2019-10-21 15:00,0,0
2019-10-21 16:00,0,0
2019-10-21 17:00,0,0
2019-10-21 18:00,0,0
2019-10-21 19:00,0,0
2019-10-21 20:00,0,0
2019-10-21 21:00,0,0
2019-10-21 22:00,0,0
2019-10-21 23:00,0,0
2019-10-22 0:00,0,0
2019-10-22 1:00,0,0
2019-10-22 2:00,0,0
2019-10-22 3:00,0,0
2019-10-22 4:00,0,0
2019-10-22 5:00,0,0
2019-10-22 6:00,0,0
2019-10-22 7:00,0,0
2019-10-22 8:00,0,0
2019-10-22 9:00,0,0
2019-10-22 10:00,0,0
2019-10-22 11:00,0,0
2019-10-22 12:00,0,0
2019-10-22 13:00,0,0
2019-10-22 14:00,0,0
2019-10-22 15:00,0,0
2019-10-22 16:00,0,0
2019-10-22 17:00,0,0
2019-10-22 18:00,0,0
2019-10-22 19:00,0,0
2019-10-22 20:00,0,0
2019-10-22 21:00,0,0
2019-10-22 22:00,0,0
2019-10-22 23:00,0,0
2019-10-23 0:00,0,0
2019-10-23 1:00,0,0
2019-10-23 2:00,0,0
2019-10-23 3:00,0,0
2019-10-23 4:00,0,0
2019-10-23 5:00,0,0
2019-10-23 6:00,0,0
2019-10-23 7:00,0,0
2019-10-23 8:00,0,0
2019-10-23 9:00,0,0
2019-10-23 10:00,0,0
2019-10-23 11:00,0,0
2019-10-23 12:00,0,0
2019-10-23 13:00,0,0
2019-10-23 14:00,0,0
2019-10-23 15:00,0,0
2019-10-23 16:00,0,0
2019-10-23 17:00,0,0
2019-10-23 18:00,0,0
2019-10-23 19:00,0,0
2019-10-23 20:00,0,0
2019-10-23 21:00,0,0
2019-10-23 22:00,0,0
2019-10-23 23:00,0,0
2019-10-24 0:00,0,0
2019-10-24 1:00,0,0
2019-10-24 2:00,0,0
2019-10-24 3:00,0,0
2019-10-24 4:00,0,0
2019-10-24 5:00,0,0
2019-10-24 6:00,0,0
2019-10-24 7:00,0,0
2019-10-24 8:00,0,0
2019-10-24 9:00,0,0
2019-10-24 10:00,0,0
2019-10-24 11:00,0,0
2019-10-24 12:00,0,0
2019-10-24 13:00,0,0
2019-10-24 14:00,0,0
2019-10-24 15:00,0,0
2019-10-24 16:00,0,0
2019-10-24 17:00,0,0
2019-10-24 18:00,0,0
2019-10-24 19:00,0,0
2019-10-24 20:00,0,0
2019-10-24 21:00,0,0
2019-10-24 22:00,0,0
2019-10-24 23:00,0,0
2019-10-25 0:00,0,0
2019-10-25 1:00,0,0
2019-10-25 2:00,0,0
2019-10-25 3:00,0,0
2019-10-25 4:00,0,0
2019-10-25 5:00,0,0
2019-10-25 6:00,0,0
2019-10-25 7:00,0,0
2019-10-25 8:00,0,0
2019-10-25 9:00,0,0
2019-10-25 10:00,0,0
2019-10-25 11:00,0,0
2019-10-25 12:00,0,0
2019-10-25 13:00,0,0
2019-10-25 14:00,0,0
2019-10-25 15:00,0,0
2019-10-25 16:00,0,0
2019-10-25 17:00,0,0
2019-10-25 18:00,0,0
2019-10-25 19:00,0,0
2019-10-25 20:00,0,0
2019-10-25 21:00,0,0
2019-10-25 22:00,0,0
2019-10-25 23:00,0,0
2019-10-26 0:00,0,0
2019-10-26 1:00,0,0
2019-10-26 2:00,0,0
2019-10-26 3:00,0,0
2019-10-26 4:00,0,0
2019-10-26 5:00,0,0
2019-10-26 6:00,0,0
2019-10-26 7:00,0,0
2019-10-26 8:00,0,0
2019-10-26 9:00,0,0
2019-10-26 10:00,0,0
2019-10-26 11:00,0,0
2019-10-26 12:00,0,0
2019-10-26 13:00,0,0
2019-10-26 14:00,0,0
2019-10-26 15:00,0,0
2019-10-26 16:00,0,0
2019-10-26 17:00,0,0
2019-10-26 18:00,0,0
2019-10-26 19:00,0,0
2019-10-26 20:00,0,0
2019-10-26 21:00,0,0
2019-10-26 22:00,0,0
2019-10-26 23:00,0,0
2019-10-27 0:00,0,0
2019-10-27 1:00,0,0
2019-10-27 2:00,0,0
2019-10-27 3:00,0,0
2019-10-27 4:00,0,0
2019-10-27 5:00,0,0
2019-10-27 6:00,0,0
2019-10-27 7:00,0,0
2019-10-27 8:00,0,0
2019-10-27 9:00,0,0
2019-10-27 10:00,0,0
2019-10-27 11:00,0,0
2019-10-27 12:00,0,0
2019-10-27 13:00,0,0
2019-10-27 14:00,0,0
2019-10-27 15:00,0,0
2019-10-27 16:00,0,0
2019-10-27 17:00,0,0
2019-10-27 18:00,0,0
2019-10-27 19:00,0,0
2019-10-27 20:00,0,0
2019-10-27 21:00,0,0
2019-10-27 22:00,0,0
2019-10-27 23:00,0,0
2019-10-28 0:00,0,0
2019-10-28 1:00,0,0
2019-10-28 2:00,0,0
2019-10-28 3:00,0,0
2019-10-28 4:00,0,0
2019-10-28 5:00,0,0
2019-10-28 6:00,0,0
2019-10-28 7:00,0,0
2019-10-28 8:00,0,0
2019-10-28 9:00,0,0
2019-10-28 10:00,0,0
2019-10-28 11:00,0,0
2019-10-28 12:00,0,0
2019-10-28 13:00,0,0
2019-10-28 14:00,0,0
2019-10-28 15:00,0,0
2019-10-28 16:00,0,0
2019-10-28 17:00,0,0
2019-10-28 18:00,0,0
2019-10-28 19:00,0,0
2019-10-28 20:00,0,0
2019-10-28 21:00,0,0
2019-10-28 22:00,0,0
2019-10-28 23:00,0,0
2019-10-29 0:00,0,0
2019-10-29 1:00,0,0
2019-10-29 2:00,0,0
2019-10-29 3:00,0,0
2019-10-29 4:00,0,0
2019-10-29 5:00,0,0
2019-10-29 6:00,0,0
2019-10-29 7:00,0,0
2019-10-29 8:00,0,0
2019-10-29 9:00,0,0
2019-10-29 10:00,0,0
2019-10-29 11:00,0,0
2019-10-29 12:00,0,0
2019-10-29 13:00,0,0
2019-10-29 14:00,0,0
2019-10-29 15:00,0,0
2019-10-29 16:00,0,0
2019-10-29 17:00,0,0
2019-10-29 18:00,0,0
2019-10-29 19:00,0,0
2019-10-29 20:00,0,0
2019-10-29 21:00,0,0
2019-10-29 22:00,0,0
2019-10-29 23:00,0,0
2019-10-30 0:00,0,0
2019-10-30 1:00,0,0
2019-10-30 2:00,0,0
2019-10-30 3:00,0,0
2019-10-30 4:00,0,0
2019-10-30 5:00,0,0
2019-10-30 6:00,0,0
2019-10-30 7:00,0,0
2019-10-30 8:00,0,0
2019-10-30 9:00,0,0
2019-10-30 10:00,0,0
2019-10-30 11:00,0,0
2019-10-30 12:00,0,0
2019-10-30 13:00,0,0
2019-10-30 14:00,0,0
2019-10-30 15:00,0,0
2019-10-30 16:00,0,0
2019-10-30 17:00,0,0
2019-10-30 18:00,0,0
2019-10-30 19:00,0,0
2019-10-30 20:00,0,0
2019-10-30 21:00,0,0
2019-10-30 22:00,0,0
2019-10-30 23:00,0,0
2019-10-31 0:00,0,0
2019-10-31 1:00,0,0
2019-10-31 2:00,0,0
2019-10-31 3:00,0,0
2019-10-31 4:00,0,0
2019-10-31 5:00,0,0
2019-10-31 6:00,0,0
2019-10-31 7:00,0,0
2019-10-31 8:00,0,0
2019-10-31 9:00,0,0
2019-10-31 10:00,0,0
2019-10-31 11:00,0,0
2019-10-31 12:00,0,0
2019-10-31 13:00,0,0
2019-10-31 14:00,0,0
2019-10-31 15:00,0,0
2019-10-31 16:00,0,0
2019-10-31 17:00,0,0
2019-10-31 18:00,0,0
2019-10-31 19:00,0,0
2019-10-31 20:00,0,0
2019-10-31 21:00,0,0
2019-10-31 22:00,0,0
2019-10-31 23:00,0,0
2019-11-01 0:00,0,0
2019-11-01 1:00,0,0
2019-11-01 2:00,0,0
2019-11-01 3:00,0,0
2019-11-01 4:00,0,0
2019-11-01 5:00,0,0
2019-11-01 6:00,0,0
2019-11-01 7:00,0,0
2019-11-01 8:00,0,0
2019-11-01 9:00,0,0
2019-11-01 10:00,0,0
2019-11-01 11:00,0,0
2019-11-01 12:00,0,0
2019-11-01 13:00,0,0
2019-11-01 14:00,0,0
2019-11-01 15:00,0,0
2019-11-01 16:00,0,0
2019-11-01 17:00,0,0
2019-11-01 18:00,0,0
2019-11-01 19:00,0,0
2019-11-01 20:00,0,0
2019-11-01 21:00,0,0
2019-11-01 22:00,0,0
2019-11-01 23:00,0,0
2019-11-02 0:00,0,0
2019-11-02 1:00,0,0
2019-11-02 2:00,0,0
2019-11-02 3:00,0,0
2019-11-02 4:00,0,0
2019-11-02 5:00,0,0
2019-11-02 6:00,0,0
2019-11-02 7:00,0,0
2019-11-02 8:00,0,0
2019-11-02 9:00,0,0
2019-11-02 10:00,0,0
2019-11-02 11:00,0,0
2019-11-02 12:00,0,0
2019-11-02 13:00,0,0
2019-11-02 14:00,0,0
2019-11-02 15:00,0,0
2019-11-02 16:00,0,0
2019-11-02 17:00,0,0
2019-11-02 18:00,0,0
2019-11-02 19:00,0,0
2019-11-02 20:00,0,0
2019-11-02 21:00,0,0
2019-11-02 22:00,0,0
2019-11-02 23:00,0,0
2019-11-03 0:00,0,0
2019-11-03 1:00,0,0
2019-11-03 2:00,0,0
2019-11-03 3:00,0,0
2019-11-03 4:00,0,0
2019-11-03 5:00,0,0
2019-11-03 6:00,0,0
2019-11-03 7:00,0,0
2019-11-03 8:00,0,0
2019-11-03 9:00,0,0
2019-11-03 10:00,0,0
2019-11-03 11:00,0,0
2019-11-03 12:00,0,0
2019-11-03 13:00,0,0
2019-11-03 14:00,0,0
2019-11-03 15:00,0,0
2019-11-03 16:00,0,0
2019-11-03 17:00,0,0
2019-11-03 18:00,0,0
2019-11-03 19:00,0,0
2019-11-03 20:00,0,0
2019-11-03 21:00,0,0
2019-11-03 22:00,0,0
2019-11-03 23:00,0,0
2019-11-04 0:00,0,0
2019-11-04 1:00,0,0
2019-11-04 2:00,0,0
2019-11-04 3:00,0,0
2019-11-04 4:00,0,0
2019-11-04 5:00,0,0
2019-11-04 6:00,0,0
2019-11-04 7:00,0,0
2019-11-04 8:00,0,0
2019-11-04 9:00,0,0
2019-11-04 10:00,0,0
2019-11-04 11:00,0,0
2019-11-04 12:00,0,0
2019-11-04 13:00,0,0
2019-11-04 14:00,0,0
2019-11-04 15:00,0,0
2019-11-04 16:00,0,0
2019-11-04 17:00,0,0
2019-11-04 18:00,0,0
2019-11-04 19:00,0,0
2019-11-04 20:00,0,0
2019-11-04 21:00,0,0
2019-11-04 22:00,0,0
2019-11-04 23:00,0,0
2019-11-05 0:00,0,0
2019-11-05 1:00,0,0
2019-11-05 2:00,0,0
2019-11-05 3:00,0,0
2019-11-05 4:00,0,0
2019-11-05 5:00,0,0
2019-11-05 6:00,0,0
2019-11-05 7:00,0,0
2019-11-05 8:00,0,0
2019-11-05 9:00,0,0
2019-11-05 10:00,0,0
2019-11-05 11:00,0,0
2019-11-05 12:00,0,0
2019-11-05 13:00,0,0
2019-11-05 14:00,0,0
2019-11-05 15:00,0,0
2019-11-05 16:00,0,0
2019-11-05 17:00,0,0
2019-11-05 18:00,0,0
2019-11-05 19:00,0,0
2019-11-05 20:00,0,0
2019-11-05 21:00,0,0
2019-11-05 22:00,0,0
2019-11-05 23:00,0,0
2019-11-06 0:00,0,0
2019-11-06 1:00,0,0
2019-11-06 2:00,0,0
2019-11-06 3:00,0,0
2019-11-06 4:00,0,0
2019-11-06 5:00,0,0
2019-11-06 6:00,0,0
2019-11-06 7:00,0,0
2019-11-06 8:00,0,0
2019-11-06 9:00,0,0
2019-11-06 10:00,0,0
2019-11-06 11:00,0,0
2019-11-06 12:00,0,0
2019-11-06 13:00,0,0
2019-11-06 14:00,0,0
2019-11-06 15:00,0,0
2019-11-06 16:00,0,0
2019-11-06 17:00,0,0
2019-11-06 18:00,0,0
2019-11-06 19:00,0,0
2019-11-06 20:00,0,0
2019-11-06 21:00,0,0
2019-11-06 22:00,0,0
2019-11-06 23:00,0,0
2019-11-07 0:00,0,0
2019-11-07 1:00,0,0
2019-11-07 2:00,0,0
2019-11-07 3:00,0,0
2019-11-07 4:00,0,0
2019-11-07 5:00,0,0
2019-11-07 6:00,0,0
2019-11-07 7:00,0,0
2019-11-07 8:00,0,0
2019-11-07 9:00,0,0
2019-11-07 10:00,0,0
2019-11-07 11:00,0,0
2019-11-07 12:00,0,0
2019-11-07 13:00,0,0
2019-11-07 14:00,0,0
2019-11-07 15:00,0,0
2019-11-07 16:00,0,0
2019-11-07 17:00,0,0
2019-11-07 18:00,0,0
2019-11-07 19:00,0,0
2019-11-07 20:00,0,0
2019-11-07 21:00,0,0
2019-11-07 22:00,0,0
2019-11-07 23:00,0,0
2019-11-08 0:00,0,0
2019-11-08 1:00,0,0
2019-11-08 2:00,0,0
2019-11-08 3:00,0,0
2019-11-08 4:00,0,0
2019-11-08 5:00,0,0
2019-11-08 6:00,0,0
2019-11-08 7:00,0,0
2019-11-08 8:00,0,0
2019-11-08 9:00,0,0
2019-11-08 10:00,0,0
2019-11-08 11:00,0,0
2019-11-08 12:00,0,0
2019-11-08 13:00,0,0
2019-11-08 14:00,0,0
2019-11-08 15:00,0,0
2019-11-08 16:00,0,0
2019-11-08 17:00,0,0
2019-11-08 18:00,0,0
2019-11-08 19:00,0,0
2019-11-08 20:00,0,0
2019-11-08 21:00,0,0
2019-11-08 22:00,0,0
2019-11-08 23:00,0,0
2019-11-09 0:00,0,0
2019-11-09 1:00,0,0
2019-11-09 2:00,0,0
2019-11-09 3:00,0,0
2019-11-09 4:00,0,0
2019-11-09 5:00,0,0
2019-11-09 6:00,0,0
2019-11-09 7:00,0,0
2019-11-09 8:00,0,0
2019-11-09 9:00,0,0
2019-11-09 10:00,0,0
2019-11-09 11:00,0,0
2019-11-09 12:00,0,0
2019-11-09 13:00,0,0
2019-11-09 14:00,0,0
2019-11-09 15:00,0,0
2019-11-09 16:00,0,0
2019-11-09 17:00,0,0
2019-11-09 18:00,0,0
2019-11-09 19:00,0,0
2019-11-09 20:00,0,0
2019-11-09 21:00,0,0
2019-11-09 22:00,0,0
2019-11-09 23:00,0,0
2019-11-10 0:00,0,0
2019-11-10 1:00,0,0
2019-11-10 2:00,0,0
2019-11-10 3:00,0,0
2019-11-10 4:00,0,0
2019-11-10 5:00,0,0
2019-11-10 6:00,0,0
2019-11-10 7:00,0,0
2019-11-10 8:00,0,0
2019-11-10 9:00,0,0
2019-11-10 10:00,0,0
2019-11-10 11:00,0,0
2019-11-10 12:00,0,0
2019-11-10 13:00,0,0
2019-11-10 14:00,0,0
2019-11-10 15:00,0,0
2019-11-10 16:00,0,0
2019-11-10 17:00,0,0
2019-11-10 18:00,0,0
2019-11-10 19:00,0,0
2019-11-10 20:00,0,0
2019-11-10 21:00,0,0
2019-11-10 22:00,0,0
2019-11-10 23:00,0,0
2019-11-11 0:00,0,0
2019-11-11 1:00,0,0
2019-11-11 2:00,0,0
2019-11-11 3:00,0,0
2019-11-11 4:00,0,0
2019-11-11 5:00,0,0
2019-11-11 6:00,0,0
2019-11-11 7:00,0,0
2019-11-11 8:00,0,0
2019-11-11 9:00,0,0
2019-11-11 10:00,0,0
2019-11-11 11:00,0,0
2019-11-11 12:00,0,0
2019-11-11 13:00,0,0
2019-11-11 14:00,0,0
2019-11-11 15:00,0,0
2019-11-11 16:00,0,0
2019-11-11 17:00,0,0
2019-11-11 18:00,0,0
2019-11-11 19:00,0,0
2019-11-11 20:00,0,0
2019-11-11 21:00,0,0
2019-11-11 22:00,0,0
2019-11-11 23:00,0,0
2019-11-12 0:00,0,0
2019-11-12 1:00,0,0
2019-11-12 2:00,0,0
2019-11-12 3:00,0,0
2019-11-12 4:00,0,0
2019-11-12 5:00,0,0
2019-11-12 6:00,0,0
2019-11-12 7:00,0,0
2019-11-12 8:00,0,0
2019-11-12 9:00,0,0
2019-11-12 10:00,0,0
2019-11-12 11:00,0,0
2019-11-12 12:00,0,0
2019-11-12 13:00,0,0
2019-11-12 14:00,0,0
2019-11-12 15:00,0,0
2019-11-12 16:00,0,0
2019-11-12 17:00,0,0
2019-11-12 18:00,0,0
2019-11-12 19:00,0,0
2019-11-12 20:00,0,0
2019-11-12 21:00,0,0
2019-11-12 22:00,0,0
2019-11-12 23:00,0,0
2019-11-13 0:00,0,0
2019-11-13 1:00,0,0
2019-11-13 2:00,0,0
2019-11-13 3:00,0,0
2019-11-13 4:00,0,0
2019-11-13 5:00,0,0
2019-11-13 6:00,0,0
2019-11-13 7:00,0,0
2019-11-13 8:00,0,0
2019-11-13 9:00,0,0
2019-11-13 10:00,0,0
2019-11-13 11:00,0,0
2019-11-13 12:00,0,0
2019-11-13 13:00,0,0
2019-11-13 14:00,0,0
2019-11-13 15:00,0,0
2019-11-13 16:00,0,0
2019-11-13 17:00,0,0
2019-11-13 18:00,0,0
2019-11-13 19:00,0,0
2019-11-13 20:00,0,0
2019-11-13 21:00,0,0
2019-11-13 22:00,0,0
2019-11-13 23:00,0,0
2019-11-14 0:00,0,0
2019-11-14 1:00,0,0
2019-11-14 2:00,0,0
2019-11-14 3:00,0,0
2019-11-14 4:00,0,0
2019-11-14 5:00,0,0
2019-11-14 6:00,0,0
2019-11-14 7:00,0,0
2019-11-14 8:00,0,0
2019-11-14 9:00,0,0
2019-11-14 10:00,0,0
2019-11-14 11:00,0,0
2019-11-14 12:00,0,0
2019-11-14 13:00,0,0
2019-11-14 14:00,0,0
2019-11-14 15:00,0,0
2019-11-14 16:00,0,0
2019-11-14 17:00,0,0
2019-11-14 18:00,0,0
2019-11-14 19:00,0,0
2019-11-14 20:00,0,0
2019-11-14 21:00,0,0
2019-11-14 22:00,0,0
2019-11-14 23:00,0,0
2019-11-15 0:00,0,0
2019-11-15 1:00,0,0
2019-11-15 2:00,0,0
2019-11-15 3:00,0,0
2019-11-15 4:00,0,0
2019-11-15 5:00,0,0
2019-11-15 6:00,0,0
2019-11-15 7:00,0,0
2019-11-15 8:00,0,0
2019-11-15 9:00,0,0
2019-11-15 10:00,0,0
2019-11-15 11:00,0,0
2019-11-15 12:00,0,0
2019-11-15 13:00,0,0
2019-11-15 14:00,0,0
2019-11-15 15:00,0,0
2019-11-15 16:00,0,0
2019-11-15 17:00,0,0
2019-11-15 18:00,0,0
2019-11-15 19:00,0,0
2019-11-15 20:00,0,0
2019-11-15 21:00,0,0
2019-11-15 22:00,0,0
2019-11-15 23:00,0,0
2019-11-16 0:00,0,0
2019-11-16 1:00,0,0
2019-11-16 2:00,0,0
2019-11-16 3:00,0,0
2019-11-16 4:00,0,0
2019-11-16 5:00,0,0
2019-11-16 6:00,0,0
2019-11-16 7:00,0,0
2019-11-16 8:00,0,0
2019-11-16 9:00,0,0
2019-11-16 10:00,0,0
2019-11-16 11:00,0,0
2019-11-16 12:00,0,0
2019-11-16 13:00,0,0
2019-11-16 14:00,0,0
2019-11-16 15:00,0,0
2019-11-16 16:00,0,0
2019-11-16 17:00,0,0
2019-11-16 18:00,0,0
2019-11-16 19:00,0,0
2019-11-16 20:00,0,0
2019-11-16 21:00,0,0
2019-11-16 22:00,0,0
2019-11-16 23:00,0,0
2019-11-17 0:00,0,0
2019-11-17 1:00,0,0
2019-11-17 2:00,0,0
2019-11-17 3:00,0,0
2019-11-17 4:00,0,0
2019-11-17 5:00,0,0
2019-11-17 6:00,0,0
2019-11-17 7:00,0,0
2019-11-17 8:00,0,0
2019-11-17 9:00,0,0
2019-11-17 10:00,0,0
2019-11-17 11:00,0,0
2019-11-17 12:00,0,0
2019-11-17 13:00,0,0
2019-11-17 14:00,0,0
2019-11-17 15:00,0,0
2019-11-17 16:00,0,0
2019-11-17 17:00,0,0
2019-11-17 18:00,0,0
2019-11-17 19:00,0,0
2019-11-17 20:00,0,0
2019-11-17 21:00,0,0
2019-11-17 22:00,0,0
2019-11-17 23:00,0,0
2019-11-18 0:00,0,0
2019-11-18 1:00,0,0
2019-11-18 2:00,0,0
2019-11-18 3:00,0,0
2019-11-18 4:00,0,0
2019-11-18 5:00,0,0
2019-11-18 6:00,0,0
2019-11-18 7:00,0,0
2019-11-18 8:00,0,0
2019-11-18 9:00,0,0
2019-11-18 10:00,0,0
2019-11-18 11:00,0,0
2019-11-18 12:00,0,0
2019-11-18 13:00,0,0
2019-11-18 14:00,0,0
2019-11-18 15:00,0,0
2019-11-18 16:00,0,0
2019-11-18 17:00,0,0
2019-11-18 18:00,0,0
2019-11-18 19:00,0,0
2019-11-18 20:00,0,0
2019-11-18 21:00,0,0
2019-11-18 22:00,0,0
2019-11-18 23:00,0,0
2019-11-19 0:00,0,0
2019-11-19 1:00,0,0
2019-11-19 2:00,0,0
2019-11-19 3:00,0,0
2019-11-19 4:00,0,0
2019-11-19 5:00,0,0
2019-11-19 6:00,0,0
2019-11-19 7:00,0,0
2019-11-19 8:00,0,0
2019-11-19 9:00,0,0
2019-11-19 10:00,0,0
2019-11-19 11:00,0,0
2019-11-19 12:00,0,0
2019-11-19 13:00,0,0
2019-11-19 14:00,0,0
2019-11-19 15:00,0,0
2019-11-19 16:00,0,0
2019-11-19 17:00,0,0
2019-11-19 18:00,0,0
2019-11-19 19:00,0,0
2019-11-19 20:00,0,0
2019-11-19 21:00,0,0
2019-11-19 22:00,0,0
2019-11-19 23:00,0,0
2019-11-20 0:00,0,0
2019-11-20 1:00,0,0
2019-11-20 2:00,0,0
2019-11-20 3:00,0,0
2019-11-20 4:00,0,0
2019-11-20 5:00,0,0
2019-11-20 6:00,0,0
2019-11-20 7:00,0,0
2019-11-20 8:00,0,0
2019-11-20 9:00,0,0
2019-11-20 10:00,0,0
2019-11-20 11:00,0,0
2019-11-20 12:00,0,0
2019-11-20 13:00,0,0
2019-11-20 14:00,0,0
2019-11-20 15:00,0,0
2019-11-20 16:00,0,0
2019-11-20 17:00,0,0
2019-11-20 18:00,0,0
2019-11-20 19:00,0,0
2019-11-20 20:00,0,0
2019-11-20 21:00,0,0
2019-11-20 22:00,0,0
2019-11-20 23:00,0,0
2019-11-21 0:00,0,0
2019-11-21 1:00,0,0
2019-11-21 2:00,0,0
2019-11-21 3:00,0,0
2019-11-21 4:00,0,0
2019-11-21 5:00,0,0
2019-11-21 6:00,0,0
2019-11-21 7:00,0,0
2019-11-21 8:00,0,0
2019-11-21 9:00,0,0
2019-11-21 10:00,0,0
2019-11-21 11:00,0,0
2019-11-21 12:00,0,0
2019-11-21 13:00,0,0
2019-11-21 14:00,0,0
2019-11-21 15:00,0,0
2019-11-21 16:00,0,0
2019-11-21 17:00,0,0
2019-11-21 18:00,0,0
2019-11-21 19:00,0,0
2019-11-21 20:00,0,0
2019-11-21 21:00,0,0
2019-11-21 22:00,0,0
2019-11-21 23:00,0,0
2019-11-22 0:00,0,0
2019-11-22 1:00,0,0
2019-11-22 2:00,0,0
2019-11-22 3:00,0,0
2019-11-22 4:00,0,0
2019-11-22 5:00,0,0
2019-11-22 6:00,0,0
2019-11-22 7:00,0,0
2019-11-22 8:00,0,0
2019-11-22 9:00,0,0
2019-11-22 10:00,0,0
2019-11-22 11:00,0,0
2019-11-22 12:00,0,0
2019-11-22 13:00,0,0
2019-11-22 14:00,0,0
2019-11-22 15:00,0,0
2019-11-22 16:00,0,0
2019-11-22 17:00,0,0
2019-11-22 18:00,0,0
2019-11-22 19:00,0,0
2019-11-22 20:00,0,0
2019-11-22 21:00,0,0
2019-11-22 22:00,0,0
2019-11-22 23:00,0,0
2019-11-23 0:00,0,0
2019-11-23 1:00,0,0
2019-11-23 2:00,0,0
2019-11-23 3:00,0,0
2019-11-23 4:00,0,0
2019-11-23 5:00,0,0
2019-11-23 6:00,0,0
2019-11-23 7:00,0,0
2019-11-23 8:00,0,0
2019-11-23 9:00,0,0
2019-11-23 10:00,0,0
2019-11-23 11:00,0,0
2019-11-23 12:00,0,0
2019-11-23 13:00,0,0
2019-11-23 14:00,0,0
2019-11-23 15:00,0,0
2019-11-23 16:00,0,0
2019-11-23 17:00,0,0
2019-11-23 18:00,0,0
2019-11-23 19:00,0,0
2019-11-23 20:00,0,0
2019-11-23 21:00,0,0
2019-11-23 22:00,0,0
2019-11-23 23:00,0,0
2019-11-24 0:00,0,0
2019-11-24 1:00,0,0
2019-11-24 2:00,0,0
2019-11-24 3:00,0,0
2019-11-24 4:00,0,0
2019-11-24 5:00,0,0
2019-11-24 6:00,0,0
2019-11-24 7:00,0,0
2019-11-24 8:00,0,0
2019-11-24 9:00,0,0
2019-11-24 10:00,0,0
2019-11-24 11:00,0,0
2019-11-24 12:00,0,0
2019-11-24 13:00,0,0
2019-11-24 14:00,0,0
2019-11-24 15:00,0,0
2019-11-24 16:00,0,0
2019-11-24 17:00,0,0
2019-11-24 18:00,0,0
2019-11-24 19:00,0,0
2019-11-24 20:00,0,0
2019-11-24 21:00,0,0
2019-11-24 22:00,0,0
2019-11-24 23:00,0,0
2019-11-25 0:00,0,0
2019-11-25 1:00,0,0
2019-11-25 2:00,0,0
2019-11-25 3:00,0,0
2019-11-25 4:00,0,0
2019-11-25 5:00,0,0
2019-11-25 6:00,0,0
2019-11-25 7:00,0,0
2019-11-25 8:00,0,0
2019-11-25 9:00,0,0
2019-11-25 10:00,0,0
2019-11-25 11:00,0,0
2019-11-25 12:00,0,0
2019-11-25 13:00,0,0
2019-11-25 14:00,0,0
2019-11-25 15:00,0,0
2019-11-25 16:00,0,0
2019-11-25 17:00,0,0
2019-11-25 18:00,0,0
2019-11-25 19:00,0,0
2019-11-25 20:00,0,0
2019-11-25 21:00,0,0
2019-11-25 22:00,0,0
2019-11-25 23:00,0,0
2019-11-26 0:00,0,0
2019-11-26 1:00,0,0
2019-11-26 2:00,0,0
2019-11-26 3:00,0,0
2019-11-26 4:00,0,0
2019-11-26 5:00,0,0
2019-11-26 6:00,0,0
2019-11-26 7:00,0,0
2019-11-26 8:00,0,0
2019-11-26 9:00,0,0
2019-11-26 10:00,0,0
2019-11-26 11:00,0,0
2019-11-26 12:00,0,0
2019-11-26 13:00,0,0
2019-11-26 14:00,0,0
2019-11-26 15:00,0,0
2019-11-26 16:00,0,0
2019-11-26 17:00,0,0
2019-11-26 18:00,0,0
2019-11-26 19:00,0,0
2019-11-26 20:00,0,0
2019-11-26 21:00,0,0
2019-11-26 22:00,0,0
2019-11-26 23:00,0,0
2019-11-27 0:00,0,0
2019-11-27 1:00,0,0
2019-11-27 2:00,0,0
2019-11-27 3:00,0,0
2019-11-27 4:00,0,0
2019-11-27 5:00,0,0
2019-11-27 6:00,0,0
2019-11-27 7:00,0,0
2019-11-27 8:00,0,0
2019-11-27 9:00,0,0
2019-11-27 10:00,0,0
2019-11-27 11:00,0,0
2019-11-27 12:00,0,0
2019-11-27 13:00,0,0
2019-11-27 14:00,0,0
2019-11-27 15:00,0,0
2019-11-27 16:00,0,0
2019-11-27 17:00,0,0
2019-11-27 18:00,0,0
2019-11-27 19:00,0,0
2019-11-27 20:00,0,0
2019-11-27 21:00,0,0
2019-11-27 22:00,0,0
2019-11-27 23:00,0,0
2019-11-28 0:00,0,0
2019-11-28 1:00,0,0
2019-11-28 2:00,0,0
2019-11-28 3:00,0,0
2019-11-28 4:00,0,0
2019-11-28 5:00,0,0
2019-11-28 6:00,0,0
2019-11-28 7:00,0,0
2019-11-28 8:00,0,0
2019-11-28 9:00,0,0
2019-11-28 10:00,0,0
2019-11-28 11:00,0,0
2019-11-28 12:00,0,0
2019-11-28 13:00,0,0
2019-11-28 14:00,0,0
2019-11-28 15:00,0,0
2019-11-28 16:00,0,0
2019-11-28 17:00,0,0
2019-11-28 18:00,0,0
2019-11-28 19:00,0,0
2019-11-28 20:00,0,0
2019-11-28 21:00,0,0
2019-11-28 22:00,0,0
2019-11-28 23:00,0,0
2019-11-29 0:00,0,0
2019-11-29 1:00,0,0
2019-11-29 2:00,0,0
2019-11-29 3:00,0,0
2019-11-29 4:00,0,0
2019-11-29 5:00,0,0
2019-11-29 6:00,0,0
2019-11-29 7:00,0,0
2019-11-29 8:00,0,0
2019-11-29 9:00,0,0
2019-11-29 10:00,0,0
2019-11-29 11:00,0,0
2019-11-29 12:00,0,0
2019-11-29 13:00,0,0
2019-11-29 14:00,0,0
2019-11-29 15:00,0,0
2019-11-29 16:00,0,0
2019-11-29 17:00,0,0
2019-11-29 18:00,0,0
2019-11-29 19:00,0,0
2019-11-29 20:00,0,0
2019-11-29 21:00,0,0
2019-11-29 22:00,0,0
2019-11-29 23:00,0,0
2019-11-30 0:00,0,0
2019-11-30 1:00,0,0
2019-11-30 2:00,0,0
2019-11-30 3:00,0,0
2019-11-30 4:00,0,0
2019-11-30 5:00,0,0
2019-11-30 6:00,0,0
2019-11-30 7:00,0,0
2019-11-30 8:00,0,0
2019-11-30 9:00,0,0
2019-11-30 10:00,0,0
2019-11-30 11:00,0,0
2019-11-30 12:00,0,0
2019-11-30 13:00,0,0
2019-11-30 14:00,0,0
2019-11-30 15:00,0,0
2019-11-30 16:00,0,0
2019-11-30 17:00,0,0
2019-11-30 18:00,0,0
2019-11-30 19:00,0,0
2019-11-30 20:00,0,0
2019-11-30 21:00,0,0
2019-11-30 22:00,0,0
2019-11-30 23:00,0,0
2019-12-01 0:00,0,0
2019-12-01 1:00,0,0
2019-12-01 2:00,0,0
2019-12-01 3:00,0,0
2019-12-01 4:00,0,0
2019-12-01 5:00,0,0
2019-12-01 6:00,0,0
2019-12-01 7:00,0,0
2019-12-01 8:00,0,0
2019-12-01 9:00,0,0
2019-12-01 10:00,0,0
2019-12-01 11:00,0,0
2019-12-01 12:00,0,0
2019-12-01 13:00,0,0
2019-12-01 14:00,0,0
2019-12-01 15:00,0,0
2019-12-01 16:00,0,0
2019-12-01 17:00,0,0
2019-12-01 18:00,0,0
2019-12-01 19:00,0,0
2019-12-01 20:00,0,0
2019-12-01 21:00,0,0
2019-12-01 22:00,0,0
2019-12-01 23:00,0,0
2019-12-02 0:00,0,0
2019-12-02 1:00,0,0
2019-12-02 2:00,0,0
2019-12-02 3:00,0,0
2019-12-02 4:00,0,0
2019-12-02 5:00,0,0
2019-12-02 6:00,0,0
2019-12-02 7:00,0,0
2019-12-02 8:00,0,0
2019-12-02 9:00,0,0
2019-12-02 10:00,0,0
2019-12-02 11:00,0,0
2019-12-02 12:00,0,0
2019-12-02 13:00,0,0
2019-12-02 14:00,0,0
2019-12-02 15:00,0,0
2019-12-02 16:00,0,0
2019-12-02 17:00,0,0
2019-12-02 18:00,0,0
2019-12-02 19:00,0,0
2019-12-02 20:00,0,0
2019-12-02 21:00,0,0
2019-12-02 22:00,0,0
2019-12-02 23:00,0,0
2019-12-03 0:00,0,0
2019-12-03 1:00,0,0
2019-12-03 2:00,0,0
2019-12-03 3:00,0,0
2019-12-03 4:00,0,0
2019-12-03 5:00,0,0
2019-12-03 6:00,0,0
2019-12-03 7:00,0,0
2019-12-03 8:00,0,0
2019-12-03 9:00,0,0
2019-12-03 10:00,0,0
2019-12-03 11:00,0,0
2019-12-03 12:00,0,0
2019-12-03 13:00,0,0
2019-12-03 14:00,0,0
2019-12-03 15:00,0,0
2019-12-03 16:00,0,0
2019-12-03 17:00,0,0
2019-12-03 18:00,0,0
2019-12-03 19:00,0,0
2019-12-03 20:00,0,0
2019-12-03 21:00,0,0
2019-12-03 22:00,0,0
2019-12-03 23:00,0,0
2019-12-04 0:00,0,0
2019-12-04 1:00,0,0
2019-12-04 2:00,0,0
2019-12-04 3:00,0,0
2019-12-04 4:00,0,0
2019-12-04 5:00,0,0
2019-12-04 6:00,0,0
2019-12-04 7:00,0,0
2019-12-04 8:00,0,0
2019-12-04 9:00,0,0
2019-12-04 10:00,0,0
2019-12-04 11:00,0,0
2019-12-04 12:00,0,0
2019-12-04 13:00,0,0
2019-12-04 14:00,0,0
2019-12-04 15:00,0,0
2019-12-04 16:00,0,0
2019-12-04 17:00,0,0
2019-12-04 18:00,0,0
2019-12-04 19:00,0,0
2019-12-04 20:00,0,0
2019-12-04 21:00,0,0
2019-12-04 22:00,0,0
2019-12-04 23:00,0,0
2019-12-05 0:00,0,0
2019-12-05 1:00,0,0
2019-12-05 2:00,0,0
2019-12-05 3:00,0,0
2019-12-05 4:00,0,0
2019-12-05 5:00,0,0
2019-12-05 6:00,0,0
2019-12-05 7:00,0,0
2019-12-05 8:00,0,0
2019-12-05 9:00,0,0
2019-12-05 10:00,0,0
2019-12-05 11:00,0,0
2019-12-05 12:00,0,0
2019-12-05 13:00,0,0
2019-12-05 14:00,0,0
2019-12-05 15:00,0,0
2019-12-05 16:00,0,0
2019-12-05 17:00,0,0
2019-12-05 18:00,0,0
2019-12-05 19:00,0,0
2019-12-05 20:00,0,0
2019-12-05 21:00,0,0
2019-12-05 22:00,0,0
2019-12-05 23:00,0,0
2019-12-06 0:00,0,0
2019-12-06 1:00,0,0
2019-12-06 2:00,0,0
2019-12-06 3:00,0,0
2019-12-06 4:00,0,0
2019-12-06 5:00,0,0
2019-12-06 6:00,0,0
2019-12-06 7:00,0,0
2019-12-06 8:00,0,0
2019-12-06 9:00,0,0
2019-12-06 10:00,0,0
2019-12-06 11:00,0,0
2019-12-06 12:00,0,0
2019-12-06 13:00,0,0
2019-12-06 14:00,0,0
2019-12-06 15:00,0,0
2019-12-06 16:00,0,0
2019-12-06 17:00,0,0
2019-12-06 18:00,0,0
2019-12-06 19:00,0,0
2019-12-06 20:00,0,0
2019-12-06 21:00,0,0
2019-12-06 22:00,0,0
2019-12-06 23:00,0,0
2019-12-07 0:00,0,0
2019-12-07 1:00,0,0
2019-12-07 2:00,0,0
2019-12-07 3:00,0,0
2019-12-07 4:00,0,0
2019-12-07 5:00,0,0
2019-12-07 6:00,0,0
2019-12-07 7:00,0,0
2019-12-07 8:00,0,0
2019-12-07 9:00,0,0
2019-12-07 10:00,0,0
2019-12-07 11:00,0,0
2019-12-07 12:00,0,0
2019-12-07 13:00,0,0
2019-12-07 14:00,0,0
2019-12-07 15:00,0,0
2019-12-07 16:00,0,0
2019-12-07 17:00,0,0
2019-12-07 18:00,0,0
2019-12-07 19:00,0,0
2019-12-07 20:00,0,0
2019-12-07 21:00,0,0
2019-12-07 22:00,0,0
2019-12-07 23:00,0,0
2019-12-08 0:00,0,0
2019-12-08 1:00,0,0
2019-12-08 2:00,0,0
2019-12-08 3:00,0,0
2019-12-08 4:00,0,0
2019-12-08 5:00,0,0
2019-12-08 6:00,0,0
2019-12-08 7:00,0,0
2019-12-08 8:00,0,0
2019-12-08 9:00,0,0
2019-12-08 10:00,0,0
2019-12-08 11:00,0,0
2019-12-08 12:00,0,0
2019-12-08 13:00,0,0
2019-12-08 14:00,0,0
2019-12-08 15:00,0,0
2019-12-08 16:00,0,0
2019-12-08 17:00,0,0
2019-12-08 18:00,0,0
2019-12-08 19:00,0,0
2019-12-08 20:00,0,0
2019-12-08 21:00,0,0
2019-12-08 22:00,0,0
2019-12-08 23:00,0,0
2019-12-09 0:00,0,0
2019-12-09 1:00,0,0
2019-12-09 2:00,0,0
2019-12-09 3:00,0,0
2019-12-09 4:00,0,0
2019-12-09 5:00,0,0
2019-12-09 6:00,0,0
2019-12-09 7:00,0,0
2019-12-09 8:00,0,0
2019-12-09 9:00,0,0
2019-12-09 10:00,0,0
2019-12-09 11:00,0,0
2019-12-09 12:00,0,0
2019-12-09 13:00,0,0
2019-12-09 14:00,0,0
2019-12-09 15:00,0,0
2019-12-09 16:00,0,0
2019-12-09 17:00,0,0
2019-12-09 18:00,0,0
2019-12-09 19:00,0,0
2019-12-09 20:00,0,0
2019-12-09 21:00,0,0
2019-12-09 22:00,0,0
2019-12-09 23:00,0,0
2019-12-10 0:00,0,0
2019-12-10 1:00,0,0
2019-12-10 2:00,0,0
2019-12-10 3:00,0,0
2019-12-10 4:00,0,0
2019-12-10 5:00,0,0
2019-12-10 6:00,0,0
2019-12-10 7:00,0,0
2019-12-10 8:00,0,0
2019-12-10 9:00,0,0
2019-12-10 10:00,0,0
2019-12-10 11:00,0,0
2019-12-10 12:00,0,0
2019-12-10 13:00,0,0
2019-12-10 14:00,0,0
2019-12-10 15:00,0,0
2019-12-10 16:00,0,0
2019-12-10 17:00,0,0
2019-12-10 18:00,0,0
2019-12-10 19:00,0,0
2019-12-10 20:00,0,0
2019-12-10 21:00,0,0
2019-12-10 22:00,0,0
2019-12-10 23:00,0,0
2019-12-11 0:00,0,0
2019-12-11 1:00,0,0
2019-12-11 2:00,0,0
2019-12-11 3:00,0,0
2019-12-11 4:00,0,0
2019-12-11 5:00,0,0
2019-12-11 6:00,0,0
2019-12-11 7:00,0,0
2019-12-11 8:00,0,0
2019-12-11 9:00,0,0
2019-12-11 10:00,0,0
2019-12-11 11:00,0,0
2019-12-11 12:00,0,0
2019-12-11 13:00,0,0
2019-12-11 14:00,0,0
2019-12-11 15:00,0,0
2019-12-11 16:00,0,0
2019-12-11 17:00,0,0
2019-12-11 18:00,0,0
2019-12-11 19:00,0,0
2019-12-11 20:00,0,0
2019-12-11 21:00,0,0
2019-12-11 22:00,0,0
2019-12-11 23:00,0,0
2019-12-12 0:00,0,0
2019-12-12 1:00,0,0
2019-12-12 2:00,0,0
2019-12-12 3:00,0,0
2019-12-12 4:00,0,0
2019-12-12 5:00,0,0
2019-12-12 6:00,0,0
2019-12-12 7:00,0,0
2019-12-12 8:00,0,0
2019-12-12 9:00,0,0
2019-12-12 10:00,0,0
2019-12-12 11:00,0,0
2019-12-12 12:00,0,0
2019-12-12 13:00,0,0
2019-12-12 14:00,0,0
2019-12-12 15:00,0,0
2019-12-12 16:00,0,0
2019-12-12 17:00,0,0
2019-12-12 18:00,0,0
2019-12-12 19:00,0,0
2019-12-12 20:00,0,0
2019-12-12 21:00,0,0
2019-12-12 22:00,0,0
2019-12-12 23:00,0,0
2019-12-13 0:00,0,0
2019-12-13 1:00,0,0
2019-12-13 2:00,0,0
2019-12-13 3:00,0,0
2019-12-13 4:00,0,0
2019-12-13 5:00,0,0
2019-12-13 6:00,0,0
2019-12-13 7:00,0,0
2019-12-13 8:00,0,0
2019-12-13 9:00,0,0
2019-12-13 10:00,0,0
2019-12-13 11:00,0,0
2019-12-13 12:00,0,0
2019-12-13 13:00,0,0
2019-12-13 14:00,0,0
2019-12-13 15:00,0,0
2019-12-13 16:00,0,0
2019-12-13 17:00,0,0
2019-12-13 18:00,0,0
2019-12-13 19:00,0,0
2019-12-13 20:00,0,0
2019-12-13 21:00,0,0
2019-12-13 22:00,0,0
2019-12-13 23:00,0,0
2019-12-14 0:00,0,0
2019-12-14 1:00,0,0
2019-12-14 2:00,0,0
2019-12-14 3:00,0,0
2019-12-14 4:00,0,0
2019-12-14 5:00,0,0
2019-12-14 6:00,0,0
2019-12-14 7:00,0,0
2019-12-14 8:00,0,0
2019-12-14 9:00,0,0
2019-12-14 10:00,0,0
2019-12-14 11:00,0,0
2019-12-14 12:00,0,0
2019-12-14 13:00,0,0
2019-12-14 14:00,0,0
2019-12-14 15:00,0,0
2019-12-14 16:00,0,0
2019-12-14 17:00,0,0
2019-12-14 18:00,0,0
2019-12-14 19:00,0,0
2019-12-14 20:00,0,0
2019-12-14 21:00,0,0
2019-12-14 22:00,0,0
2019-12-14 23:00,0,0
2019-12-15 0:00,0,0
2019-12-15 1:00,0,0
2019-12-15 2:00,0,0
2019-12-15 3:00,0,0
2019-12-15 4:00,0,0
2019-12-15 5:00,0,0
2019-12-15 6:00,0,0
2019-12-15 7:00,0,0
2019-12-15 8:00,0,0
2019-12-15 9:00,0,0
2019-12-15 10:00,0,0
2019-12-15 11:00,0,0
2019-12-15 12:00,0,0
2019-12-15 13:00,0,0
2019-12-15 14:00,0,0
2019-12-15 15:00,0,0
2019-12-15 16:00,0,0
2019-12-15 17:00,0,0
2019-12-15 18:00,0,0
2019-12-15 19:00,0,0
2019-12-15 20:00,0,0
2019-12-15 21:00,0,0
2019-12-15 22:00,0,0
2019-12-15 23:00,0,0
2019-12-16 0:00,0,0
2019-12-16 1:00,0,0
2019-12-16 2:00,0,0
2019-12-16 3:00,0,0
2019-12-16 4:00,0,0
2019-12-16 5:00,0,0
2019-12-16 6:00,0,0
2019-12-16 7:00,0,0
2019-12-16 8:00,0,0
2019-12-16 9:00,0,0
2019-12-16 10:00,0,0
2019-12-16 11:00,0,0
2019-12-16 12:00,0,0
2019-12-16 13:00,0,0
2019-12-16 14:00,0,0
2019-12-16 15:00,0,0
2019-12-16 16:00,0,0
2019-12-16 17:00,0,0
2019-12-16 18:00,0,0
2019-12-16 19:00,0,0
2019-12-16 20:00,0,0
2019-12-16 21:00,0,0
2019-12-16 22:00,0,0
2019-12-16 23:00,0,0
2019-12-17 0:00,0,0
2019-12-17 1:00,0,0
2019-12-17 2:00,0,0
2019-12-17 3:00,0,0
2019-12-17 4:00,0,0
2019-12-17 5:00,0,0
2019-12-17 6:00,0,0
2019-12-17 7:00,0,0
2019-12-17 8:00,0,0
2019-12-17 9:00,0,0
2019-12-17 10:00,0,0
2019-12-17 11:00,0,0
2019-12-17 12:00,0,0
2019-12-17 13:00,0,0
2019-12-17 14:00,0,0
2019-12-17 15:00,0,0
2019-12-17 16:00,0,0
2019-12-17 17:00,0,0
2019-12-17 18:00,0,0
2019-12-17 19:00,0,0
2019-12-17 20:00,0,0
2019-12-17 21:00,0,0
2019-12-17 22:00,0,0
2019-12-17 23:00,0,0
2019-12-18 0:00,0,0
2019-12-18 1:00,0,0
2019-12-18 2:00,0,0
2019-12-18 3:00,0,0
2019-12-18 4:00,0,0
2019-12-18 5:00,0,0
2019-12-18 6:00,0,0
2019-12-18 7:00,0,0
2019-12-18 8:00,0,0
2019-12-18 9:00,0,0
2019-12-18 10:00,0,0
2019-12-18 11:00,0,0
2019-12-18 12:00,0,0
2019-12-18 13:00,0,0
2019-12-18 14:00,0,0
2019-12-18 15:00,0,0
2019-12-18 16:00,0,0
2019-12-18 17:00,0,0
2019-12-18 18:00,0,0
2019-12-18 19:00,0,0
2019-12-18 20:00,0,0
2019-12-18 21:00,0,0
2019-12-18 22:00,0,0
2019-12-18 23:00,0,0
2019-12-19 0:00,0,0
2019-12-19 1:00,0,0
2019-12-19 2:00,0,0
2019-12-19 3:00,0,0
2019-12-19 4:00,0,0
2019-12-19 5:00,0,0
2019-12-19 6:00,0,0
2019-12-19 7:00,0,0
2019-12-19 8:00,0,0
2019-12-19 9:00,0,0
2019-12-19 10:00,0,0
2019-12-19 11:00,0,0
2019-12-19 12:00,0,0
2019-12-19 13:00,0,0
2019-12-19 14:00,0,0
2019-12-19 15:00,0,0
2019-12-19 16:00,0,0
2019-12-19 17:00,0,0
2019-12-19 18:00,0,0
2019-12-19 19:00,0,0
2019-12-19 20:00,0,0
2019-12-19 21:00,0,0
2019-12-19 22:00,0,0
2019-12-19 23:00,0,0
2019-12-20 0:00,0,0
2019-12-20 1:00,0,0
2019-12-20 2:00,0,0
2019-12-20 3:00,0,0
2019-12-20 4:00,0,0
2019-12-20 5:00,0,0
2019-12-20 6:00,0,0
2019-12-20 7:00,0,0
2019-12-20 8:00,0,0
2019-12-20 9:00,0,0
2019-12-20 10:00,0,0
2019-12-20 11:00,0,0
2019-12-20 12:00,0,0
2019-12-20 13:00,0,0
2019-12-20 14:00,0,0
2019-12-20 15:00,0,0
2019-12-20 16:00,0,0
2019-12-20 17:00,0,0
2019-12-20 18:00,0,0
2019-12-20 19:00,0,0
2019-12-20 20:00,0,0
2019-12-20 21:00,0,0
2019-12-20 22:00,0,0
2019-12-20 23:00,0,0
2019-12-21 0:00,0,0
2019-12-21 1:00,0,0
2019-12-21 2:00,0,0
2019-12-21 3:00,0,0
2019-12-21 4:00,0,0
2019-12-21 5:00,0,0
2019-12-21 6:00,0,0
2019-12-21 7:00,0,0
2019-12-21 8:00,0,0
2019-12-21 9:00,0,0
2019-12-21 10:00,0,0
2019-12-21 11:00,0,0
2019-12-21 12:00,0,0
2019-12-21 13:00,0,0
2019-12-21 14:00,0,0
2019-12-21 15:00,0,0
2019-12-21 16:00,0,0
2019-12-21 17:00,0,0
2019-12-21 18:00,0,0
2019-12-21 19:00,0,0
2019-12-21 20:00,0,0
2019-12-21 21:00,0,0
2019-12-21 22:00,0,0
2019-12-21 23:00,0,0
2019-12-22 0:00,0,0
2019-12-22 1:00,0,0
2019-12-22 2:00,0,0
2019-12-22 3:00,0,0
2019-12-22 4:00,0,0
2019-12-22 5:00,0,0
2019-12-22 6:00,0,0
2019-12-22 7:00,0,0
2019-12-22 8:00,0,0
2019-12-22 9:00,0,0
2019-12-22 10:00,0,0
2019-12-22 11:00,0,0
2019-12-22 12:00,0,0
2019-12-22 13:00,0,0
2019-12-22 14:00,0,0
2019-12-22 15:00,0,0
2019-12-22 16:00,0,0
2019-12-22 17:00,0,0
2019-12-22 18:00,0,0
2019-12-22 19:00,0,0
2019-12-22 20:00,0,0
2019-12-22 21:00,0,0
2019-12-22 22:00,0,0
2019-12-22 23:00,0,0
2019-12-23 0:00,0,0
2019-12-23 1:00,0,0
2019-12-23 2:00,0,0
2019-12-23 3:00,0,0
2019-12-23 4:00,0,0
2019-12-23 5:00,0,0
2019-12-23 6:00,0,0
2019-12-23 7:00,0,0
2019-12-23 8:00,0,0
2019-12-23 9:00,0,0
2019-12-23 10:00,0,0
2019-12-23 11:00,0,0
2019-12-23 12:00,0,0
2019-12-23 13:00,0,0
2019-12-23 14:00,0,0
2019-12-23 15:00,0,0
2019-12-23 16:00,0,0
2019-12-23 17:00,0,0
2019-12-23 18:00,0,0
2019-12-23 19:00,0,0
2019-12-23 20:00,0,0
2019-12-23 21:00,0,0
2019-12-23 22:00,0,0
2019-12-23 23:00,0,0
2019-12-24 0:00,0,0
2019-12-24 1:00,0,0
2019-12-24 2:00,0,0
2019-12-24 3:00,0,0
2019-12-24 4:00,0,0
2019-12-24 5:00,0,0
2019-12-24 6:00,0,0
2019-12-24 7:00,0,0
2019-12-24 8:00,0,0
2019-12-24 9:00,0,0
2019-12-24 10:00,0,0
2019-12-24 11:00,0,0
2019-12-24 12:00,0,0
2019-12-24 13:00,0,0
2019-12-24 14:00,0,0
2019-12-24 15:00,0,0
2019-12-24 16:00,0,0
2019-12-24 17:00,0,0
2019-12-24 18:00,0,0
2019-12-24 19:00,0,0
2019-12-24 20:00,0,0
2019-12-24 21:00,0,0
2019-12-24 22:00,0,0
2019-12-24 23:00,0,0
2019-12-25 0:00,0,0
2019-12-25 1:00,0,0
2019-12-25 2:00,0,0
2019-12-25 3:00,0,0
2019-12-25 4:00,0,0
2019-12-25 5:00,0,0
2019-12-25 6:00,0,0
2019-12-25 7:00,0,0
2019-12-25 8:00,0,0
2019-12-25 9:00,0,0
2019-12-25 10:00,0,0
2019-12-25 11:00,0,0
2019-12-25 12:00,0,0
2019-12-25 13:00,0,0
2019-12-25 14:00,0,0
2019-12-25 15:00,0,0
2019-12-25 16:00,0,0
2019-12-25 17:00,0,0
2019-12-25 18:00,0,0
2019-12-25 19:00,0,0
2019-12-25 20:00,0,0
2019-12-25 21:00,0,0
2019-12-25 22:00,0,0
2019-12-25 23:00,0,0
2019-12-26 0:00,0,0
2019-12-26 1:00,0,0
2019-12-26 2:00,0,0
2019-12-26 3:00,0,0
2019-12-26 4:00,0,0
2019-12-26 5:00,0,0
2019-12-26 6:00,0,0
2019-12-26 7:00,0,0
2019-12-26 8:00,0,0
2019-12-26 9:00,0,0
2019-12-26 10:00,0,0
2019-12-26 11:00,0,0
2019-12-26 12:00,0,0
2019-12-26 13:00,0,0
2019-12-26 14:00,0,0
2019-12-26 15:00,0,0
2019-12-26 16:00,0,0
2019-12-26 17:00,0,0
2019-12-26 18:00,0,0
2019-12-26 19:00,0,0
2019-12-26 20:00,0,0
2019-12-26 21:00,0,0
2019-12-26 22:00,0,0
2019-12-26 23:00,0,0
2019-12-27 0:00,0,0
2019-12-27 1:00,0,0
2019-12-27 2:00,0,0
2019-12-27 3:00,0,0
2019-12-27 4:00,0,0
2019-12-27 5:00,0,0
2019-12-27 6:00,0,0
2019-12-27 7:00,0,0
2019-12-27 8:00,0,0
2019-12-27 9:00,0,0
2019-12-27 10:00,0,0
2019-12-27 11:00,0,0
2019-12-27 12:00,0,0
2019-12-27 13:00,0,0
2019-12-27 14:00,0,0
2019-12-27 15:00,0,0
2019-12-27 16:00,0,0
2019-12-27 17:00,0,0
2019-12-27 18:00,0,0
2019-12-27 19:00,0,0
2019-12-27 20:00,0,0
2019-12-27 21:00,0,0
2019-12-27 22:00,0,0
2019-12-27 23:00,0,0
2019-12-28 0:00,0,0
2019-12-28 1:00,0,0
2019-12-28 2:00,0,0
2019-12-28 3:00,0,0
2019-12-28 4:00,0,0
2019-12-28 5:00,0,0
2019-12-28 6:00,0,0
2019-12-28 7:00,0,0
2019-12-28 8:00,0,0
2019-12-28 9:00,0,0
2019-12-28 10:00,0,0
2019-12-28 11:00,0,0
2019-12-28 12:00,0,0
2019-12-28 13:00,0,0
2019-12-28 14:00,0,0
2019-12-28 15:00,0,0
2019-12-28 16:00,0,0
2019-12-28 17:00,0,0
2019-12-28 18:00,0,0
2019-12-28 19:00,0,0
2019-12-28 20:00,0,0
2019-12-28 21:00,0,0
2019-12-28 22:00,0,0
2019-12-28 23:00,0,0
2019-12-29 0:00,0,0
2019-12-29 1:00,0,0
2019-12-29 2:00,0,0
2019-12-29 3:00,0,0
2019-12-29 4:00,0,0
2019-12-29 5:00,0,0
2019-12-29 6:00,0,0
2019-12-29 7:00,0,0
2019-12-29 8:00,0,0
2019-12-29 9:00,0,0
2019-12-29 10:00,0,0
2019-12-29 11:00,0,0
2019-12-29 12:00,0,0
2019-12-29 13:00,0,0
2019-12-29 14:00,0,0
2019-12-29 15:00,0,0
2019-12-29 16:00,0,0
2019-12-29 17:00,0,0
2019-12-29 18:00,0,0
2019-12-29 19:00,0,0
2019-12-29 20:00,0,0
2019-12-29 21:00,0,0
2019-12-29 22:00,0,0
2019-12-29 23:00,0,0
2019-12-30 0:00,0,0
2019-12-30 1:00,0,0
2019-12-30 2:00,0,0
2019-12-30 3:00,0,0
2019-12-30 4:00,0,0
2019-12-30 5:00,0,0
2019-12-30 6:00,0,0
2019-12-30 7:00,0,0
2019-12-30 8:00,0,0
2019-12-30 9:00,0,0
2019-12-30 10:00,0,0
2019-12-30 11:00,0,0
2019-12-30 12:00,0,0
2019-12-30 13:00,0,0
2019-12-30 14:00,0,0
2019-12-30 15:00,0,0
2019-12-30 16:00,0,0
2019-12-30 17:00,0,0
2019-12-30 18:00,0,0
2019-12-30 19:00,0,0
2019-12-30 20:00,0,0
2019-12-30 21:00,0,0
2019-12-30 22:00,0,0
2019-12-30 23:00,0,0
2019-12-31 0:00,0,0
2019-12-31 1:00,0,0
2019-12-31 2:00,0,0
2019-12-31 3:00,0,0
2019-12-31 4:00,0,0
2019-12-31 5:00,0,0
2019-12-31 6:00,0,0
2019-12-31 7:00,0,0
2019-12-31 8:00,0,0
2019-12-31 9:00,0,0
2019-12-31 10:00,0,0
2019-12-31 11:00,0,0
2019-12-31 12:00,0,0
2019-12-31 13:00,0,0
2019-12-31 14:00,0,0
2019-12-31 15:00,0,0
2019-12-31 16:00,0,0
2019-12-31 17:00,0,0
2019-12-31 18:00,0,0
2019-12-31 19:00,0,0
2019-12-31 20:00,0,0
2019-12-31 21:00,0,0
2019-12-31 22:00,0,0
2019-12-31 23:00,0,0
2020-01-01 0:00,0,0
2020-01-01 1:00,0,0
2020-01-01 2:00,0,0
2020-01-01 3:00,0,0
2020-01-01 4:00,0,0
2020-01-01 5:00,0,0
2020-01-01 6:00,0,0
2020-01-01 7:00,0,0
2020-01-01 8:00,0,0
2020-01-01 9:00,0,0
2020-01-01 10:00,0,0
2020-01-01 11:00,0,0
2020-01-01 12:00,0,0
2020-01-01 13:00,0,0
2020-01-01 14:00,0,0
2020-01-01 15:00,0,0
2020-01-01 16:00,0,0
2020-01-01 17:00,0,0
2020-01-01 18:00,0,0
2020-01-01 19:00,0,0
2020-01-01 20:00,0,0
2020-01-01 21:00,0,0
2020-01-01 22:00,0,0
2020-01-01 23:00,0,0
2020-01-02 0:00,0,0
2020-01-02 1:00,0,0
2020-01-02 2:00,0,0
2020-01-02 3:00,0,0
2020-01-02 4:00,0,0
2020-01-02 5:00,0,0
2020-01-02 6:00,0,0
2020-01-02 7:00,0,0
2020-01-02 8:00,0,0
2020-01-02 9:00,0,0
2020-01-02 10:00,0,0
2020-01-02 11:00,0,0
2020-01-02 12:00,0,0
2020-01-02 13:00,0,0
2020-01-02 14:00,0,0
2020-01-02 15:00,0,0
2020-01-02 16:00,0,0
2020-01-02 17:00,0,0
2020-01-02 18:00,0,0
2020-01-02 19:00,0,0
2020-01-02 20:00,0,0
2020-01-02 21:00,0,0
2020-01-02 22:00,0,0
2020-01-02 23:00,0,0
2020-01-03 0:00,0,0
2020-01-03 1:00,0,0
2020-01-03 2:00,0,0
2020-01-03 3:00,0,0
2020-01-03 4:00,0,0
2020-01-03 5:00,0,0
2020-01-03 6:00,0,0
2020-01-03 7:00,0,0
2020-01-03 8:00,0,0
2020-01-03 9:00,0,0
2020-01-03 10:00,0,0
2020-01-03 11:00,0,0
2020-01-03 12:00,0,0
2020-01-03 13:00,0,0
2020-01-03 14:00,0,0
2020-01-03 15:00,0,0
2020-01-03 16:00,0,0
2020-01-03 17:00,0,0
2020-01-03 18:00,0,0
2020-01-03 19:00,0,0
2020-01-03 20:00,0,0
2020-01-03 21:00,0,0
2020-01-03 22:00,0,0
2020-01-03 23:00,0,0
2020-01-04 0:00,0,0
2020-01-04 1:00,0,0
2020-01-04 2:00,0,0
2020-01-04 3:00,0,0
2020-01-04 4:00,0,0
2020-01-04 5:00,0,0
2020-01-04 6:00,0,0
2020-01-04 7:00,0,0
2020-01-04 8:00,0,0
2020-01-04 9:00,0,0
2020-01-04 10:00,0,0
2020-01-04 11:00,0,0
2020-01-04 12:00,0,0
2020-01-04 13:00,0,0
2020-01-04 14:00,0,0
2020-01-04 15:00,0,0
2020-01-04 16:00,0,0
2020-01-04 17:00,0,0
2020-01-04 18:00,0,0
2020-01-04 19:00,0,0
2020-01-04 20:00,0,0
2020-01-04 21:00,0,0
2020-01-04 22:00,0,0
2020-01-04 23:00,0,0
2020-01-05 0:00,0,0
2020-01-05 1:00,0,0
2020-01-05 2:00,0,0
2020-01-05 3:00,0,0
2020-01-05 4:00,0,0
2020-01-05 5:00,0,0
2020-01-05 6:00,0,0
2020-01-05 7:00,0,0
2020-01-05 8:00,0,0
2020-01-05 9:00,0,0
2020-01-05 10:00,0,0
2020-01-05 11:00,0,0
2020-01-05 12:00,0,0
2020-01-05 13:00,0,0
2020-01-05 14:00,0,0
2020-01-05 15:00,0,0
2020-01-05 16:00,0,0
2020-01-05 17:00,0,0
2020-01-05 18:00,0,0
2020-01-05 19:00,0,0
2020-01-05 20:00,0,0
2020-01-05 21:00,0,0
2020-01-05 22:00,0,0
2020-01-05 23:00,0,0
2020-01-06 0:00,0,0
2020-01-06 1:00,0,0
2020-01-06 2:00,0,0
2020-01-06 3:00,0,0
2020-01-06 4:00,0,0
2020-01-06 5:00,0,0
2020-01-06 6:00,0,0
2020-01-06 7:00,0,0
2020-01-06 8:00,0,0
2020-01-06 9:00,0,0
2020-01-06 10:00,0,0
2020-01-06 11:00,0,0
2020-01-06 12:00,0,0
2020-01-06 13:00,0,0
2020-01-06 14:00,0,0
2020-01-06 15:00,0,0
2020-01-06 16:00,0,0
2020-01-06 17:00,0,0
2020-01-06 18:00,0,0
2020-01-06 19:00,0,0
2020-01-06 20:00,0,0
2020-01-06 21:00,0,0
2020-01-06 22:00,0,0
2020-01-06 23:00,0,0
2020-01-07 0:00,0,0
2020-01-07 1:00,0,0
2020-01-07 2:00,0,0
2020-01-07 3:00,0,0
2020-01-07 4:00,0,0
2020-01-07 5:00,0,0
2020-01-07 6:00,0,0
2020-01-07 7:00,0,0
2020-01-07 8:00,0,0
2020-01-07 9:00,0,0
2020-01-07 10:00,0,0
2020-01-07 11:00,0,0
2020-01-07 12:00,0,0
2020-01-07 13:00,0,0
2020-01-07 14:00,0,0
2020-01-07 15:00,0,0
2020-01-07 16:00,0,0
2020-01-07 17:00,0,0
2020-01-07 18:00,0,0
2020-01-07 19:00,0,0
2020-01-07 20:00,0,0
2020-01-07 21:00,0,0
2020-01-07 22:00,0,0
2020-01-07 23:00,0,0
2020-01-08 0:00,0,0
2020-01-08 1:00,0,0
2020-01-08 2:00,0,0
2020-01-08 3:00,0,0
2020-01-08 4:00,0,0
2020-01-08 5:00,0,0
2020-01-08 6:00,0,0
2020-01-08 7:00,0,0
2020-01-08 8:00,0,0
2020-01-08 9:00,0,0
2020-01-08 10:00,0,0
2020-01-08 11:00,0,0
2020-01-08 12:00,0,0
2020-01-08 13:00,0,0
2020-01-08 14:00,0,0
2020-01-08 15:00,0,0
2020-01-08 16:00,0,0
2020-01-08 17:00,0,0
2020-01-08 18:00,0,0
2020-01-08 19:00,0,0
2020-01-08 20:00,0,0
2020-01-08 21:00,0,0
2020-01-08 22:00,0,0
2020-01-08 23:00,0,0
2020-01-09 0:00,0,0
2020-01-09 1:00,0,0
2020-01-09 2:00,0,0
2020-01-09 3:00,0,0
2020-01-09 4:00,0,0
2020-01-09 5:00,0,0
2020-01-09 6:00,0,0
2020-01-09 7:00,0,0
2020-01-09 8:00,0,0
2020-01-09 9:00,0,0
2020-01-09 10:00,0,0
2020-01-09 11:00,0,0
2020-01-09 12:00,0,0
2020-01-09 13:00,0,0
2020-01-09 14:00,0,0
2020-01-09 15:00,0,0
2020-01-09 16:00,0,0
2020-01-09 17:00,0,0
2020-01-09 18:00,0,0
2020-01-09 19:00,0,0
2020-01-09 20:00,0,0
2020-01-09 21:00,0,0
2020-01-09 22:00,0,0
2020-01-09 23:00,0,0
2020-01-10 0:00,0,0
2020-01-10 1:00,0,0
2020-01-10 2:00,0,0
2020-01-10 3:00,0,0
2020-01-10 4:00,0,0
2020-01-10 5:00,0,0
2020-01-10 6:00,0,0
2020-01-10 7:00,0,0
2020-01-10 8:00,0,0
2020-01-10 9:00,0,0
2020-01-10 10:00,0,0
2020-01-10 11:00,0,0
2020-01-10 12:00,0,0
2020-01-10 13:00,0,0
2020-01-10 14:00,0,0
2020-01-10 15:00,0,0
2020-01-10 16:00,0,0
2020-01-10 17:00,0,0
2020-01-10 18:00,0,0
2020-01-10 19:00,0,0
2020-01-10 20:00,0,0
2020-01-10 21:00,0,0
2020-01-10 22:00,0,0
2020-01-10 23:00,0,0
2020-01-11 0:00,0,0
2020-01-11 1:00,0,0
2020-01-11 2:00,0,0
2020-01-11 3:00,0,0
2020-01-11 4:00,0,0
2020-01-11 5:00,0,0
2020-01-11 6:00,0,0
2020-01-11 7:00,0,0
2020-01-11 8:00,0,0
2020-01-11 9:00,0,0
2020-01-11 10:00,0,0
2020-01-11 11:00,0,0
2020-01-11 12:00,0,0
2020-01-11 13:00,0,0
2020-01-11 14:00,0,0
2020-01-11 15:00,0,0
2020-01-11 16:00,0,0
2020-01-11 17:00,0,0
2020-01-11 18:00,0,0
2020-01-11 19:00,0,0
2020-01-11 20:00,0,0
2020-01-11 21:00,0,0
2020-01-11 22:00,0,0
2020-01-11 23:00,0,0
2020-01-12 0:00,0,0
2020-01-12 1:00,0,0
2020-01-12 2:00,0,0
2020-01-12 3:00,0,0
2020-01-12 4:00,0,0
2020-01-12 5:00,0,0
2020-01-12 6:00,0,0
2020-01-12 7:00,0,0
2020-01-12 8:00,0,0
2020-01-12 9:00,0,0
2020-01-12 10:00,0,0
2020-01-12 11:00,0,0
2020-01-12 12:00,0,0
2020-01-12 13:00,0,0
2020-01-12 14:00,0,0
2020-01-12 15:00,0,0
2020-01-12 16:00,0,0
2020-01-12 17:00,0,0
2020-01-12 18:00,0,0
2020-01-12 19:00,0,0
2020-01-12 20:00,0,0
2020-01-12 21:00,0,0
2020-01-12 22:00,0,0
2020-01-12 23:00,0,0
2020-01-13 0:00,0,0
2020-01-13 1:00,0,0
2020-01-13 2:00,0,0
2020-01-13 3:00,0,0
2020-01-13 4:00,0,0
2020-01-13 5:00,0,0
2020-01-13 6:00,0,0
2020-01-13 7:00,0,0
2020-01-13 8:00,0,0
2020-01-13 9:00,0,0
2020-01-13 10:00,0,0
2020-01-13 11:00,0,0
2020-01-13 12:00,0,0
2020-01-13 13:00,0,0
2020-01-13 14:00,0,0
2020-01-13 15:00,0,0
2020-01-13 16:00,0,0
2020-01-13 17:00,0,0
2020-01-13 18:00,0,0
2020-01-13 19:00,0,0
2020-01-13 20:00,0,0
2020-01-13 21:00,0,0
2020-01-13 22:00,0,0
2020-01-13 23:00,0,0
2020-01-14 0:00,0,0
2020-01-14 1:00,0,0
2020-01-14 2:00,0,0
2020-01-14 3:00,0,0
2020-01-14 4:00,0,0
2020-01-14 5:00,0,0
2020-01-14 6:00,0,0
2020-01-14 7:00,0,0
2020-01-14 8:00,0,0
2020-01-14 9:00,0,0
2020-01-14 10:00,0,0
2020-01-14 11:00,0,0
2020-01-14 12:00,0,0
2020-01-14 13:00,0,0
2020-01-14 14:00,0,0
2020-01-14 15:00,0,0
2020-01-14 16:00,0,0
2020-01-14 17:00,0,0
2020-01-14 18:00,0,0
2020-01-14 19:00,0,0
2020-01-14 20:00,0,0
2020-01-14 21:00,0,0
2020-01-14 22:00,0,0
2020-01-14 23:00,0,0
2020-01-15 0:00,0,0
2020-01-15 1:00,0,0
2020-01-15 2:00,0,0
2020-01-15 3:00,0,0
2020-01-15 4:00,0,0
2020-01-15 5:00,0,0
2020-01-15 6:00,0,0
2020-01-15 7:00,0,0
2020-01-15 8:00,0,0
2020-01-15 9:00,0,0
2020-01-15 10:00,0,0
2020-01-15 11:00,0,0
2020-01-15 12:00,0,0
2020-01-15 13:00,0,0
2020-01-15 14:00,0,0
2020-01-15 15:00,0,0
2020-01-15 16:00,0,0
2020-01-15 17:00,0,0
2020-01-15 18:00,0,0
2020-01-15 19:00,0,0
2020-01-15 20:00,0,0
2020-01-15 21:00,0,0
2020-01-15 22:00,0,0
2020-01-15 23:00,0,0
2020-01-16 0:00,0,0
2020-01-16 1:00,0,0
2020-01-16 2:00,0,0
2020-01-16 3:00,0,0
2020-01-16 4:00,0,0
2020-01-16 5:00,0,0
2020-01-16 6:00,0,0
2020-01-16 7:00,0,0
2020-01-16 8:00,0,0
2020-01-16 9:00,0,0
2020-01-16 10:00,0,0
2020-01-16 11:00,0,0
2020-01-16 12:00,0,0
2020-01-16 13:00,0,0
2020-01-16 14:00,0,0
2020-01-16 15:00,0,0
2020-01-16 16:00,0,0
2020-01-16 17:00,0,0
2020-01-16 18:00,0,0
2020-01-16 19:00,0,0
2020-01-16 20:00,0,0
2020-01-16 21:00,0,0
2020-01-16 22:00,0,0
2020-01-16 23:00,0,0
2020-01-17 0:00,0,0
2020-01-17 1:00,0,0
2020-01-17 2:00,0,0
2020-01-17 3:00,0,0
2020-01-17 4:00,0,0
2020-01-17 5:00,0,0
2020-01-17 6:00,0,0
2020-01-17 7:00,0,0
2020-01-17 8:00,0,0
2020-01-17 9:00,0,0
2020-01-17 10:00,0,0
2020-01-17 11:00,0,0
2020-01-17 12:00,0,0
2020-01-17 13:00,0,0
2020-01-17 14:00,0,0
2020-01-17 15:00,0,0
2020-01-17 16:00,0,0
2020-01-17 17:00,0,0
2020-01-17 18:00,0,0
2020-01-17 19:00,0,0
2020-01-17 20:00,0,0
2020-01-17 21:00,0,0
2020-01-17 22:00,0,0
2020-01-17 23:00,0,0
2020-01-18 0:00,0,0
2020-01-18 1:00,0,0
2020-01-18 2:00,0,0
2020-01-18 3:00,0,0
2020-01-18 4:00,0,0
2020-01-18 5:00,0,0
2020-01-18 6:00,0,0
2020-01-18 7:00,0,0
2020-01-18 8:00,0,0
2020-01-18 9:00,0,0
2020-01-18 10:00,0,0
2020-01-18 11:00,0,0
2020-01-18 12:00,0,0
2020-01-18 13:00,0,0
2020-01-18 14:00,0,0
2020-01-18 15:00,0,0
2020-01-18 16:00,0,0
2020-01-18 17:00,0,0
2020-01-18 18:00,0,0
2020-01-18 19:00,0,0
2020-01-18 20:00,0,0
2020-01-18 21:00,0,0
2020-01-18 22:00,0,0
2020-01-18 23:00,0,0
2020-01-19 0:00,0,0
2020-01-19 1:00,0,0
2020-01-19 2:00,0,0
2020-01-19 3:00,0,0
2020-01-19 4:00,0,0
2020-01-19 5:00,0,0
2020-01-19 6:00,0,0
2020-01-19 7:00,0,0
2020-01-19 8:00,0,0
2020-01-19 9:00,0,0
2020-01-19 10:00,0,0
2020-01-19 11:00,0,0
2020-01-19 12:00,0,0
2020-01-19 13:00,0,0
2020-01-19 14:00,0,0
2020-01-19 15:00,0,0
2020-01-19 16:00,0,0
2020-01-19 17:00,0,0
2020-01-19 18:00,0,0
2020-01-19 19:00,0,0
2020-01-19 20:00,0,0
2020-01-19 21:00,0,0
2020-01-19 22:00,0,0
2020-01-19 23:00,0,0
2020-01-20 0:00,0,0
2020-01-20 1:00,0,0
2020-01-20 2:00,0,0
2020-01-20 3:00,0,0
2020-01-20 4:00,0,0
2020-01-20 5:00,0,0
2020-01-20 6:00,0,0
2020-01-20 7:00,0,0
2020-01-20 8:00,0,0
2020-01-20 9:00,0,0
2020-01-20 10:00,0,0
2020-01-20 11:00,0,0
2020-01-20 12:00,0,0
2020-01-20 13:00,0,0
2020-01-20 14:00,0,0
2020-01-20 15:00,0,0
2020-01-20 16:00,0,0
2020-01-20 17:00,0,0
2020-01-20 18:00,0,0
2020-01-20 19:00,0,0
2020-01-20 20:00,0,0
2020-01-20 21:00,0,0
2020-01-20 22:00,0,0
2020-01-20 23:00,0,0
2020-01-21 0:00,0,0
2020-01-21 1:00,0,0
2020-01-21 2:00,0,0
2020-01-21 3:00,0,0
2020-01-21 4:00,0,0
2020-01-21 5:00,0,0
2020-01-21 6:00,0,0
2020-01-21 7:00,0,0
2020-01-21 8:00,0,0
2020-01-21 9:00,0,0
2020-01-21 10:00,0,0
2020-01-21 11:00,0,0
2020-01-21 12:00,0,0
2020-01-21 13:00,0,0
2020-01-21 14:00,0,0
2020-01-21 15:00,0,0
2020-01-21 16:00,0,0
2020-01-21 17:00,0,0
2020-01-21 18:00,0,0
2020-01-21 19:00,0,0
2020-01-21 20:00,0,0
2020-01-21 21:00,0,0
2020-01-21 22:00,0,0
2020-01-21 23:00,0,0
2020-01-22 0:00,0,0
2020-01-22 1:00,0,0
2020-01-22 2:00,0,0
2020-01-22 3:00,0,0
2020-01-22 4:00,0,0
2020-01-22 5:00,0,0
2020-01-22 6:00,0,0
2020-01-22 7:00,0,0
2020-01-22 8:00,0,0
2020-01-22 9:00,0,0
2020-01-22 10:00,0,0
2020-01-22 11:00,0,0
2020-01-22 12:00,0,0
2020-01-22 13:00,0,0
2020-01-22 14:00,0,0
2020-01-22 15:00,0,0
2020-01-22 16:00,0,0
2020-01-22 17:00,0,0
2020-01-22 18:00,0,0
2020-01-22 19:00,0,0
2020-01-22 20:00,0,0
2020-01-22 21:00,0,0
2020-01-22 22:00,0,0
2020-01-22 23:00,0,0
2020-01-23 0:00,0,0
2020-01-23 1:00,0,0
2020-01-23 2:00,0,0
2020-01-23 3:00,0,0
2020-01-23 4:00,0,0
2020-01-23 5:00,0,0
2020-01-23 6:00,0,0
2020-01-23 7:00,0,0
2020-01-23 8:00,0,0
2020-01-23 9:00,0,0
2020-01-23 10:00,0,0
2020-01-23 11:00,0,0
2020-01-23 12:00,0,0
2020-01-23 13:00,0,0
2020-01-23 14:00,0,0
2020-01-23 15:00,0,0
2020-01-23 16:00,0,0
2020-01-23 17:00,0,0
2020-01-23 18:00,0,0
2020-01-23 19:00,0,0
2020-01-23 20:00,0,0
2020-01-23 21:00,0,0
2020-01-23 22:00,0,0
2020-01-23 23:00,0,0
2020-01-24 0:00,0,0
2020-01-24 1:00,0,0
2020-01-24 2:00,0,0
2020-01-24 3:00,0,0
2020-01-24 4:00,0,0
2020-01-24 5:00,0,0
2020-01-24 6:00,0,0
2020-01-24 7:00,0,0
2020-01-24 8:00,0,0
2020-01-24 9:00,0,0
2020-01-24 10:00,0,0
2020-01-24 11:00,0,0
2020-01-24 12:00,0,0
2020-01-24 13:00,0,0
2020-01-24 14:00,0,0
2020-01-24 15:00,0,0
2020-01-24 16:00,0,0
2020-01-24 17:00,0,0
2020-01-24 18:00,0,0
2020-01-24 19:00,0,0
2020-01-24 20:00,0,0
2020-01-24 21:00,0,0
2020-01-24 22:00,0,0
2020-01-24 23:00,0,0
2020-01-25 0:00,0,0
2020-01-25 1:00,0,0
2020-01-25 2:00,0,0
2020-01-25 3:00,0,0
2020-01-25 4:00,0,0
2020-01-25 5:00,0,0
2020-01-25 6:00,0,0
2020-01-25 7:00,0,0
2020-01-25 8:00,0,0
2020-01-25 9:00,0,0
2020-01-25 10:00,0,0
2020-01-25 11:00,0,0
2020-01-25 12:00,0,0
2020-01-25 13:00,0,0
2020-01-25 14:00,0,0
2020-01-25 15:00,0,0
2020-01-25 16:00,0,0
2020-01-25 17:00,0,0
2020-01-25 18:00,0,0
2020-01-25 19:00,0,0
2020-01-25 20:00,0,0
2020-01-25 21:00,0,0
2020-01-25 22:00,0,0
2020-01-25 23:00,0,0
2020-01-26 0:00,0,0
2020-01-26 1:00,0,0
2020-01-26 2:00,0,0
2020-01-26 3:00,0,0
2020-01-26 4:00,0,0
2020-01-26 5:00,0,0
2020-01-26 6:00,0,0
2020-01-26 7:00,0,0
2020-01-26 8:00,0,0
2020-01-26 9:00,0,0
2020-01-26 10:00,0,0
2020-01-26 11:00,0,0
2020-01-26 12:00,0,0
2020-01-26 13:00,0,0
2020-01-26 14:00,0,0
2020-01-26 15:00,0,0
2020-01-26 16:00,0,0
2020-01-26 17:00,0,0
2020-01-26 18:00,0,0
2020-01-26 19:00,0,0
2020-01-26 20:00,0,0
2020-01-26 21:00,0,0
2020-01-26 22:00,0,0
2020-01-26 23:00,0,0
2020-01-27 0:00,0,0
2020-01-27 1:00,0,0
2020-01-27 2:00,0,0
2020-01-27 3:00,0,0
2020-01-27 4:00,0,0
2020-01-27 5:00,0,0
2020-01-27 6:00,0,0
2020-01-27 7:00,0,0
2020-01-27 8:00,0,0
2020-01-27 9:00,0,0
2020-01-27 10:00,0,0
2020-01-27 11:00,0,0
2020-01-27 12:00,0,0
2020-01-27 13:00,0,0
2020-01-27 14:00,0,0
2020-01-27 15:00,0,0
2020-01-27 16:00,0,0
2020-01-27 17:00,0,0
2020-01-27 18:00,0,0
2020-01-27 19:00,0,0
2020-01-27 20:00,0,0
2020-01-27 21:00,0,0
2020-01-27 22:00,0,0
2020-01-27 23:00,0,0
2020-01-28 0:00,0,0
2020-01-28 1:00,0,0
2020-01-28 2:00,0,0
2020-01-28 3:00,0,0
2020-01-28 4:00,0,0
2020-01-28 5:00,0,0
2020-01-28 6:00,0,0
2020-01-28 7:00,0,0
2020-01-28 8:00,0,0
2020-01-28 9:00,0,0
2020-01-28 10:00,0,0
2020-01-28 11:00,0,0
2020-01-28 12:00,0,0
2020-01-28 13:00,0,0
2020-01-28 14:00,0,0
2020-01-28 15:00,0,0
2020-01-28 16:00,0,0
2020-01-28 17:00,0,0
2020-01-28 18:00,0,0
2020-01-28 19:00,0,0
2020-01-28 20:00,0,0
2020-01-28 21:00,0,0
2020-01-28 22:00,0,0
2020-01-28 23:00,0,0
2020-01-29 0:00,0,0
2020-01-29 1:00,0,0
2020-01-29 2:00,0,0
2020-01-29 3:00,0,0
2020-01-29 4:00,0,0
2020-01-29 5:00,0,0
2020-01-29 6:00,0,0
2020-01-29 7:00,0,0
2020-01-29 8:00,0,0
2020-01-29 9:00,0,0
2020-01-29 10:00,0,0
2020-01-29 11:00,0,0
2020-01-29 12:00,0,0
2020-01-29 13:00,0,0
2020-01-29 14:00,0,0
2020-01-29 15:00,0,0
2020-01-29 16:00,0,0
2020-01-29 17:00,0,0
2020-01-29 18:00,0,0
2020-01-29 19:00,0,0
2020-01-29 20:00,0,0
2020-01-29 21:00,0,0
2020-01-29 22:00,0,0
2020-01-29 23:00,0,0
2020-01-30 0:00,0,0
2020-01-30 1:00,0,0
2020-01-30 2:00,0,0
2020-01-30 3:00,0,0
2020-01-30 4:00,0,0
2020-01-30 5:00,0,0
2020-01-30 6:00,0,0
2020-01-30 7:00,0,0
2020-01-30 8:00,0,0
2020-01-30 9:00,0,0
2020-01-30 10:00,0,0
2020-01-30 11:00,0,0
2020-01-30 12:00,0,0
2020-01-30 13:00,0,0
2020-01-30 14:00,0,0
2020-01-30 15:00,0,0
2020-01-30 16:00,0,0
2020-01-30 17:00,0,0
2020-01-30 18:00,0,0
2020-01-30 19:00,0,0
2020-01-30 20:00,0,0
2020-01-30 21:00,0,0
2020-01-30 22:00,0,0
2020-01-30 23:00,0,0
2020-01-31 0:00,0,0
2020-01-31 1:00,0,0
2020-01-31 2:00,0,0
2020-01-31 3:00,0,0
2020-01-31 4:00,0,0
2020-01-31 5:00,0,0
2020-01-31 6:00,0,0
2020-01-31 7:00,0,0
2020-01-31 8:00,0,0
2020-01-31 9:00,0,0
2020-01-31 10:00,0,0
2020-01-31 11:00,0,0
2020-01-31 12:00,0,0
2020-01-31 13:00,0,0
2020-01-31 14:00,0,0
2020-01-31 15:00,0,0
2020-01-31 16:00,0,0
2020-01-31 17:00,0,0
2020-01-31 18:00,0,0
2020-01-31 19:00,0,0
2020-01-31 20:00,0,0
2020-01-31 21:00,0,0
2020-01-31 22:00,0,0
2020-01-31 23:00,0,0
