Time,DC
2019-08-18 0:00,16
2019-08-18 1:00,9
2019-08-18 2:00,9
2019-08-18 3:00,8
2019-08-18 4:00,8
2019-08-18 5:00,8
2019-08-18 6:00,10
2019-08-18 7:00,11
2019-08-18 8:00,17
2019-08-18 9:00,13
2019-08-18 10:00,12
2019-08-18 11:00,15
2019-08-18 12:00,21
2019-08-18 13:00,27
2019-08-18 14:00,28
2019-08-18 15:00,36
2019-08-18 16:00,35
2019-08-18 17:00,45
2019-08-18 18:00,37
2019-08-18 19:00,27
2019-08-18 20:00,25
2019-08-18 21:00,22
2019-08-18 22:00,13
2019-08-18 23:00,12
2019-08-19 0:00,16
2019-08-19 1:00,17
2019-08-19 2:00,14
2019-08-19 3:00,7
2019-08-19 4:00,9
2019-08-19 5:00,9
2019-08-19 6:00,11
2019-08-19 7:00,11
2019-08-19 8:00,17
2019-08-19 9:00,38
2019-08-19 10:00,72
2019-08-19 11:00,104
2019-08-19 12:00,102
2019-08-19 13:00,104
2019-08-19 14:00,124
2019-08-19 15:00,127
2019-08-19 16:00,111
2019-08-19 17:00,75
2019-08-19 18:00,52
2019-08-19 19:00,43
2019-08-19 20:00,35
2019-08-19 21:00,17
2019-08-19 22:00,13
2019-08-19 23:00,11
2019-08-20 0:00,10
2019-08-20 1:00,11
2019-08-20 2:00,12
2019-08-20 3:00,11
2019-08-20 4:00,10
2019-08-20 5:00,10
2019-08-20 6:00,11
2019-08-20 7:00,12
2019-08-20 8:00,15
2019-08-20 9:00,33
2019-08-20 10:00,89
2019-08-20 11:00,107
2019-08-20 12:00,97
2019-08-20 13:00,92
2019-08-20 14:00,112
2019-08-20 15:00,107
2019-08-20 16:00,108
2019-08-20 17:00,79
2019-08-20 18:00,49
2019-08-20 19:00,34
2019-08-20 20:00,24
2019-08-20 21:00,22
2019-08-20 22:00,16
2019-08-20 23:00,16
2019-08-21 0:00,11
2019-08-21 1:00,11
2019-08-21 2:00,10
2019-08-21 3:00,7
2019-08-21 4:00,10
2019-08-21 5:00,8
2019-08-21 6:00,10
2019-08-21 7:00,10
2019-08-21 8:00,11
2019-08-21 9:00,27
2019-08-21 10:00,60
2019-08-21 11:00,90
2019-08-21 12:00,80
2019-08-21 13:00,95
2019-08-21 14:00,101
2019-08-21 15:00,105
2019-08-21 16:00,95
2019-08-21 17:00,68
2019-08-21 18:00,53
2019-08-21 19:00,42
2019-08-21 20:00,26
2019-08-21 21:00,22
2019-08-21 22:00,14
2019-08-21 23:00,12
2019-08-22 0:00,11
2019-08-22 1:00,14
2019-08-22 2:00,16
2019-08-22 3:00,10
2019-08-22 4:00,10
2019-08-22 5:00,10
2019-08-22 6:00,12
2019-08-22 7:00,12
2019-08-22 8:00,19
2019-08-22 9:00,37
2019-08-22 10:00,81
2019-08-22 11:00,99
2019-08-22 12:00,97
2019-08-22 13:00,105
2019-08-22 14:00,114
2019-08-22 15:00,102
2019-08-22 16:00,95
2019-08-22 17:00,65
2019-08-22 18:00,51
2019-08-22 19:00,39
2019-08-22 20:00,25
2019-08-22 21:00,21
2019-08-22 22:00,14
2019-08-22 23:00,15
2019-08-23 0:00,15
2019-08-23 1:00,13
2019-08-23 2:00,14
2019-08-23 3:00,14
2019-08-23 4:00,12
2019-08-23 5:00,12
2019-08-23 6:00,15
2019-08-23 7:00,13
2019-08-23 8:00,14
2019-08-23 9:00,31
2019-08-23 10:00,69
2019-08-23 11:00,82
2019-08-23 12:00,68
2019-08-23 13:00,57
2019-08-23 14:00,79
2019-08-23 15:00,81
2019-08-23 16:00,67
2019-08-23 17:00,52
2019-08-23 18:00,40
2019-08-23 19:00,28
2019-08-23 20:00,21
2019-08-23 21:00,19
2019-08-23 22:00,13
2019-08-23 23:00,9
2019-08-24 0:00,7
2019-08-24 1:00,8
2019-08-24 2:00,8
2019-08-24 3:00,6
2019-08-24 4:00,6
2019-08-24 5:00,6
2019-08-24 6:00,8
2019-08-24 7:00,8
2019-08-24 8:00,8
2019-08-24 9:00,6
2019-08-24 10:00,9
2019-08-24 11:00,12
2019-08-24 12:00,18
2019-08-24 13:00,15
2019-08-24 14:00,17
2019-08-24 15:00,17
2019-08-24 16:00,21
2019-08-24 17:00,20
2019-08-24 18:00,14
2019-08-24 19:00,16
2019-08-24 20:00,16
2019-08-24 21:00,14
2019-08-24 22:00,10
2019-08-24 23:00,11
2019-08-25 0:00,7
2019-08-25 1:00,6
2019-08-25 2:00,7
2019-08-25 3:00,7
2019-08-25 4:00,6
2019-08-25 5:00,6
2019-08-25 6:00,7
2019-08-25 7:00,8
2019-08-25 8:00,9
2019-08-25 9:00,8
2019-08-25 10:00,10
2019-08-25 11:00,18
2019-08-25 12:00,17
2019-08-25 13:00,21
2019-08-25 14:00,24
2019-08-25 15:00,23
2019-08-25 16:00,22
2019-08-25 17:00,23
2019-08-25 18:00,19
2019-08-25 19:00,18
2019-08-25 20:00,15
2019-08-25 21:00,12
2019-08-25 22:00,12
2019-08-25 23:00,7
2019-08-26 0:00,10
2019-08-26 1:00,10
2019-08-26 2:00,9
2019-08-26 3:00,6
2019-08-26 4:00,7
2019-08-26 5:00,9
2019-08-26 6:00,9
2019-08-26 7:00,8
2019-08-26 8:00,3
2019-08-26 9:00,0
2019-08-26 10:00,49
2019-08-26 11:00,78
2019-08-26 12:00,79
2019-08-26 13:00,90
2019-08-26 14:00,86
2019-08-26 15:00,94
2019-08-26 16:00,86
2019-08-26 17:00,63
2019-08-26 18:00,37
2019-08-26 19:00,33
2019-08-26 20:00,23
2019-08-26 21:00,16
2019-08-26 22:00,13
2019-08-26 23:00,11
2019-08-27 0:00,12
2019-08-27 1:00,11
2019-08-27 2:00,9
2019-08-27 3:00,7
2019-08-27 4:00,7
2019-08-27 5:00,7
2019-08-27 6:00,10
2019-08-27 7:00,8
2019-08-27 8:00,13
2019-08-27 9:00,29
2019-08-27 10:00,50
2019-08-27 11:00,69
2019-08-27 12:00,75
2019-08-27 13:00,83
2019-08-27 14:00,92
2019-08-27 15:00,84
2019-08-27 16:00,74
2019-08-27 17:00,53
2019-08-27 18:00,30
2019-08-27 19:00,26
2019-08-27 20:00,21
2019-08-27 21:00,16
2019-08-27 22:00,0
2019-08-27 23:00,7
2019-08-28 0:00,8
2019-08-28 1:00,8
2019-08-28 2:00,9
2019-08-28 3:00,7
2019-08-28 4:00,8
2019-08-28 5:00,8
2019-08-28 6:00,10
2019-08-28 7:00,9
2019-08-28 8:00,13
2019-08-28 9:00,31
2019-08-28 10:00,52
2019-08-28 11:00,71
2019-08-28 12:00,79
2019-08-28 13:00,76
2019-08-28 14:00,79
2019-08-28 15:00,90
2019-08-28 16:00,81
2019-08-28 17:00,59
2019-08-28 18:00,32
2019-08-28 19:00,37
2019-08-28 20:00,27
2019-08-28 21:00,20
2019-08-28 22:00,12
2019-08-28 23:00,13
2019-08-29 0:00,12
2019-08-29 1:00,12
2019-08-29 2:00,11
2019-08-29 3:00,8
2019-08-29 4:00,10
2019-08-29 5:00,10
2019-08-29 6:00,11
2019-08-29 7:00,12
2019-08-29 8:00,20
2019-08-29 9:00,36
2019-08-29 10:00,55
2019-08-29 11:00,64
2019-08-29 12:00,73
2019-08-29 13:00,69
2019-08-29 14:00,68
2019-08-29 15:00,68
2019-08-29 16:00,58
2019-08-29 17:00,44
2019-08-29 18:00,30
2019-08-29 19:00,25
2019-08-29 20:00,24
2019-08-29 21:00,16
2019-08-29 22:00,11
2019-08-29 23:00,10
2019-08-30 0:00,13
2019-08-30 1:00,12
2019-08-30 2:00,11
2019-08-30 3:00,9
2019-08-30 4:00,8
2019-08-30 5:00,9
2019-08-30 6:00,10
2019-08-30 7:00,11
2019-08-30 8:00,12
2019-08-30 9:00,21
2019-08-30 10:00,38
2019-08-30 11:00,46
2019-08-30 12:00,50
2019-08-30 13:00,42
2019-08-30 14:00,44
2019-08-30 15:00,55
2019-08-30 16:00,48
2019-08-30 17:00,48
2019-08-30 18:00,38
2019-08-30 19:00,36
2019-08-30 20:00,25
2019-08-30 21:00,15
2019-08-30 22:00,18
2019-08-30 23:00,21
2019-08-31 0:00,18
2019-08-31 1:00,20
2019-08-31 2:00,21
2019-08-31 3:00,9
2019-08-31 4:00,9
2019-08-31 5:00,8
2019-08-31 6:00,10
2019-08-31 7:00,10
2019-08-31 8:00,12
2019-08-31 9:00,9
2019-08-31 10:00,14
2019-08-31 11:00,15
2019-08-31 12:00,15
2019-08-31 13:00,20
2019-08-31 14:00,21
2019-08-31 15:00,20
2019-08-31 16:00,23
2019-08-31 17:00,27
2019-08-31 18:00,22
2019-08-31 19:00,18
2019-08-31 20:00,15
2019-08-31 21:00,11
2019-08-31 22:00,7
2019-08-31 23:00,9
2019-09-01 0:00,9
2019-09-01 1:00,9
2019-09-01 2:00,11
2019-09-01 3:00,10
2019-09-01 4:00,10
2019-09-01 5:00,10
2019-09-01 6:00,12
2019-09-01 7:00,13
2019-09-01 8:00,13
2019-09-01 9:00,11
2019-09-01 10:00,12
2019-09-01 11:00,20
2019-09-01 12:00,15
2019-09-01 13:00,15
2019-09-01 14:00,14
2019-09-01 15:00,18
2019-09-01 16:00,29
2019-09-01 17:00,24
2019-09-01 18:00,23
2019-09-01 19:00,21
2019-09-01 20:00,16
2019-09-01 21:00,14
2019-09-01 22:00,9
2019-09-01 23:00,9
2019-09-02 0:00,8
2019-09-02 1:00,9
2019-09-02 2:00,10
2019-09-02 3:00,12
2019-09-02 4:00,14
2019-09-02 5:00,12
2019-09-02 6:00,11
2019-09-02 7:00,9
2019-09-02 8:00,9
2019-09-02 9:00,13
2019-09-02 10:00,4
2019-09-02 11:00,18
2019-09-02 12:00,26
2019-09-02 13:00,22
2019-09-02 14:00,20
2019-09-02 15:00,17
2019-09-02 16:00,19
2019-09-02 17:00,17
2019-09-02 18:00,25
2019-09-02 19:00,20
2019-09-02 20:00,22
2019-09-02 21:00,20
2019-09-02 22:00,13
2019-09-02 23:00,28
2019-09-03 0:00,25
2019-09-03 1:00,18
2019-09-03 2:00,12
2019-09-03 3:00,8
2019-09-03 4:00,11
2019-09-03 5:00,10
2019-09-03 6:00,7
2019-09-03 7:00,9
2019-09-03 8:00,13
2019-09-03 9:00,49
2019-09-03 10:00,69
2019-09-03 11:00,78
2019-09-03 12:00,84
2019-09-03 13:00,87
2019-09-03 14:00,90
2019-09-03 15:00,86
2019-09-03 16:00,87
2019-09-03 17:00,63
2019-09-03 18:00,37
2019-09-03 19:00,16
2019-09-03 20:00,12
2019-09-03 21:00,9
2019-09-03 22:00,11
2019-09-03 23:00,10
2019-09-04 0:00,12
2019-09-04 1:00,11
2019-09-04 2:00,12
2019-09-04 3:00,8
2019-09-04 4:00,9
2019-09-04 5:00,9
2019-09-04 6:00,9
2019-09-04 7:00,9
2019-09-04 8:00,19
2019-09-04 9:00,101
2019-09-04 10:00,158
2019-09-04 11:00,184
2019-09-04 12:00,249
2019-09-04 13:00,207
2019-09-04 14:00,293
2019-09-04 15:00,229
2019-09-04 16:00,211
2019-09-04 17:00,100
2019-09-04 18:00,74
2019-09-04 19:00,129
2019-09-04 20:00,32
2019-09-04 21:00,31
2019-09-04 22:00,31
2019-09-04 23:00,21
2019-09-05 0:00,12
2019-09-05 1:00,11
2019-09-05 2:00,11
2019-09-05 3:00,8
2019-09-05 4:00,11
2019-09-05 5:00,11
2019-09-05 6:00,10
2019-09-05 7:00,12
2019-09-05 8:00,21
2019-09-05 9:00,111
2019-09-05 10:00,222
2019-09-05 11:00,249
2019-09-05 12:00,307
2019-09-05 13:00,281
2019-09-05 14:00,333
2019-09-05 15:00,202
2019-09-05 16:00,165
2019-09-05 17:00,86
2019-09-05 18:00,69
2019-09-05 19:00,60
2019-09-05 20:00,73
2019-09-05 21:00,51
2019-09-05 22:00,26
2019-09-05 23:00,31
2019-09-06 0:00,23
2019-09-06 1:00,18
2019-09-06 2:00,15
2019-09-06 3:00,9
2019-09-06 4:00,9
2019-09-06 5:00,8
2019-09-06 6:00,9
2019-09-06 7:00,10
2019-09-06 8:00,26
2019-09-06 9:00,69
2019-09-06 10:00,97
2019-09-06 11:00,141
2019-09-06 12:00,143
2019-09-06 13:00,108
2019-09-06 14:00,167
2019-09-06 15:00,117
2019-09-06 16:00,83
2019-09-06 17:00,81
2019-09-06 18:00,62
2019-09-06 19:00,51
2019-09-06 20:00,46
2019-09-06 21:00,19
2019-09-06 22:00,14
2019-09-06 23:00,12
2019-09-07 0:00,16
2019-09-07 1:00,17
2019-09-07 2:00,9
2019-09-07 3:00,9
2019-09-07 4:00,8
2019-09-07 5:00,7
2019-09-07 6:00,8
2019-09-07 7:00,7
2019-09-07 8:00,7
2019-09-07 9:00,12
2019-09-07 10:00,10
2019-09-07 11:00,34
2019-09-07 12:00,20
2019-09-07 13:00,16
2019-09-07 14:00,19
2019-09-07 15:00,22
2019-09-07 16:00,21
2019-09-07 17:00,27
2019-09-07 18:00,19
2019-09-07 19:00,30
2019-09-07 20:00,30
2019-09-07 21:00,27
2019-09-07 22:00,14
2019-09-07 23:00,6
2019-09-08 0:00,7
2019-09-08 1:00,9
2019-09-08 2:00,8
2019-09-08 3:00,7
2019-09-08 4:00,9
2019-09-08 5:00,8
2019-09-08 6:00,8
2019-09-08 7:00,7
2019-09-08 8:00,9
2019-09-08 9:00,8
2019-09-08 10:00,8
2019-09-08 11:00,14
2019-09-08 12:00,14
2019-09-08 13:00,17
2019-09-08 14:00,19
2019-09-08 15:00,22
2019-09-08 16:00,34
2019-09-08 17:00,25
2019-09-08 18:00,25
2019-09-08 19:00,17
2019-09-08 20:00,19
2019-09-08 21:00,14
2019-09-08 22:00,9
2019-09-08 23:00,8
2019-09-09 0:00,8
2019-09-09 1:00,10
2019-09-09 2:00,8
2019-09-09 3:00,6
2019-09-09 4:00,8
2019-09-09 5:00,8
2019-09-09 6:00,8
2019-09-09 7:00,10
2019-09-09 8:00,20
2019-09-09 9:00,291
2019-09-09 10:00,332
2019-09-09 11:00,300
2019-09-09 12:00,296
2019-09-09 13:00,277
2019-09-09 14:00,297
2019-09-09 15:00,246
2019-09-09 16:00,184
2019-09-09 17:00,110
2019-09-09 18:00,109
2019-09-09 19:00,162
2019-09-09 20:00,129
2019-09-09 21:00,71
2019-09-09 22:00,20
2019-09-09 23:00,13
2019-09-10 0:00,14
2019-09-10 1:00,16
2019-09-10 2:00,13
2019-09-10 3:00,9
2019-09-10 4:00,12
2019-09-10 5:00,10
2019-09-10 6:00,9
2019-09-10 7:00,13
2019-09-10 8:00,39
2019-09-10 9:00,238
2019-09-10 10:00,368
2019-09-10 11:00,390
2019-09-10 12:00,334
2019-09-10 13:00,336
2019-09-10 14:00,451
2019-09-10 15:00,314
2019-09-10 16:00,259
2019-09-10 17:00,231
2019-09-10 18:00,128
2019-09-10 19:00,77
2019-09-10 20:00,61
2019-09-10 21:00,18
2019-09-10 22:00,10
2019-09-10 23:00,6
2019-09-11 0:00,6
2019-09-11 1:00,6
2019-09-11 2:00,7
2019-09-11 3:00,7
2019-09-11 4:00,6
2019-09-11 5:00,6
2019-09-11 6:00,7
2019-09-11 7:00,6
2019-09-11 8:00,31
2019-09-11 9:00,207
2019-09-11 10:00,229
2019-09-11 11:00,268
2019-09-11 12:00,409
2019-09-11 13:00,344
2019-09-11 14:00,375
2019-09-11 15:00,289
2019-09-11 16:00,297
2019-09-11 17:00,250
2019-09-11 18:00,220
2019-09-11 19:00,254
2019-09-11 20:00,214
2019-09-11 21:00,50
2019-09-11 22:00,21
2019-09-11 23:00,16
2019-09-12 0:00,14
2019-09-12 1:00,14
2019-09-12 2:00,10
2019-09-12 3:00,8
2019-09-12 4:00,9
2019-09-12 5:00,8
2019-09-12 6:00,9
2019-09-12 7:00,9
2019-09-12 8:00,33
2019-09-12 9:00,191
2019-09-12 10:00,395
2019-09-12 11:00,328
2019-09-12 12:00,370
2019-09-12 13:00,336
2019-09-12 14:00,424
2019-09-12 15:00,322
2019-09-12 16:00,250
2019-09-12 17:00,248
2019-09-12 18:00,209
2019-09-12 19:00,182
2019-09-12 20:00,149
2019-09-12 21:00,65
2019-09-12 22:00,10
2019-09-12 23:00,0
2019-09-13 0:00,0
2019-09-13 1:00,0
2019-09-13 2:00,0
2019-09-13 3:00,0
2019-09-13 4:00,6
2019-09-13 5:00,7
2019-09-13 6:00,9
2019-09-13 7:00,13
2019-09-13 8:00,39
2019-09-13 9:00,119
2019-09-13 10:00,184
2019-09-13 11:00,195
2019-09-13 12:00,167
2019-09-13 13:00,168
2019-09-13 14:00,226
2019-09-13 15:00,314
2019-09-13 16:00,259
2019-09-13 17:00,150
2019-09-13 18:00,93
2019-09-13 19:00,76
2019-09-13 20:00,54
2019-09-13 21:00,37
2019-09-13 22:00,21
2019-09-13 23:00,19
2019-09-14 0:00,19
2019-09-14 1:00,17
2019-09-14 2:00,11
2019-09-14 3:00,8
2019-09-14 4:00,9
2019-09-14 5:00,11
2019-09-14 6:00,8
2019-09-14 7:00,11
2019-09-14 8:00,8
2019-09-14 9:00,13
2019-09-14 10:00,13
2019-09-14 11:00,21
2019-09-14 12:00,29
2019-09-14 13:00,30
2019-09-14 14:00,36
2019-09-14 15:00,37
2019-09-14 16:00,49
2019-09-14 17:00,47
2019-09-14 18:00,28
2019-09-14 19:00,21
2019-09-14 20:00,12
2019-09-14 21:00,9
2019-09-14 22:00,10
2019-09-14 23:00,13
2019-09-15 0:00,13
2019-09-15 1:00,11
2019-09-15 2:00,13
2019-09-15 3:00,13
2019-09-15 4:00,12
2019-09-15 5:00,11
2019-09-15 6:00,11
2019-09-15 7:00,10
2019-09-15 8:00,11
2019-09-15 9:00,9
2019-09-15 10:00,25
2019-09-15 11:00,36
2019-09-15 12:00,31
2019-09-15 13:00,36
2019-09-15 14:00,34
2019-09-15 15:00,39
2019-09-15 16:00,55
2019-09-15 17:00,52
2019-09-15 18:00,49
2019-09-15 19:00,43
2019-09-15 20:00,33
2019-09-15 21:00,30
2019-09-15 22:00,18
2019-09-15 23:00,9
2019-09-16 0:00,11
2019-09-16 1:00,10
2019-09-16 2:00,9
2019-09-16 3:00,9
2019-09-16 4:00,11
2019-09-16 5:00,10
2019-09-16 6:00,10
2019-09-16 7:00,11
2019-09-16 8:00,42
2019-09-16 9:00,296
2019-09-16 10:00,304
2019-09-16 11:00,282
2019-09-16 12:00,342
2019-09-16 13:00,362
2019-09-16 14:00,400
2019-09-16 15:00,346
2019-09-16 16:00,298
2019-09-16 17:00,198
2019-09-16 18:00,162
2019-09-16 19:00,190
2019-09-16 20:00,153
2019-09-16 21:00,68
2019-09-16 22:00,21
2019-09-16 23:00,7
2019-09-17 0:00,7
2019-09-17 1:00,6
2019-09-17 2:00,7
2019-09-17 3:00,5
2019-09-17 4:00,5
2019-09-17 5:00,6
2019-09-17 6:00,6
2019-09-17 7:00,6
2019-09-17 8:00,30
2019-09-17 9:00,164
2019-09-17 10:00,313
2019-09-17 11:00,433
2019-09-17 12:00,408
2019-09-17 13:00,484
2019-09-17 14:00,475
2019-09-17 15:00,403
2019-09-17 16:00,389
2019-09-17 17:00,276
2019-09-17 18:00,129
2019-09-17 19:00,110
2019-09-17 20:00,94
2019-09-17 21:00,60
2019-09-17 22:00,14
2019-09-17 23:00,18
2019-09-18 0:00,14
2019-09-18 1:00,13
2019-09-18 2:00,15
2019-09-18 3:00,14
2019-09-18 4:00,16
2019-09-18 5:00,15
2019-09-18 6:00,16
2019-09-18 7:00,16
2019-09-18 8:00,36
2019-09-18 9:00,201
2019-09-18 10:00,258
2019-09-18 11:00,326
2019-09-18 12:00,415
2019-09-18 13:00,415
2019-09-18 14:00,469
2019-09-18 15:00,446
2019-09-18 16:00,360
2019-09-18 17:00,240
2019-09-18 18:00,173
2019-09-18 19:00,142
2019-09-18 20:00,92
2019-09-18 21:00,58
2019-09-18 22:00,36
2019-09-18 23:00,23
2019-09-19 0:00,19
2019-09-19 1:00,15
2019-09-19 2:00,16
2019-09-19 3:00,15
2019-09-19 4:00,17
2019-09-19 5:00,17
2019-09-19 6:00,14
2019-09-19 7:00,17
2019-09-19 8:00,45
2019-09-19 9:00,197
2019-09-19 10:00,352
2019-09-19 11:00,382
2019-09-19 12:00,396
2019-09-19 13:00,417
2019-09-19 14:00,359
2019-09-19 15:00,297
2019-09-19 16:00,297
2019-09-19 17:00,287
2019-09-19 18:00,202
2019-09-19 19:00,99
2019-09-19 20:00,80
2019-09-19 21:00,53
2019-09-19 22:00,21
2019-09-19 23:00,17
2019-09-20 0:00,18
2019-09-20 1:00,16
2019-09-20 2:00,16
2019-09-20 3:00,15
2019-09-20 4:00,16
2019-09-20 5:00,14
2019-09-20 6:00,14
2019-09-20 7:00,15
2019-09-20 8:00,33
2019-09-20 9:00,117
2019-09-20 10:00,190
2019-09-20 11:00,214
2019-09-20 12:00,362
2019-09-20 13:00,323
2019-09-20 14:00,252
2019-09-20 15:00,195
2019-09-20 16:00,168
2019-09-20 17:00,147
2019-09-20 18:00,92
2019-09-20 19:00,130
2019-09-20 20:00,83
2019-09-20 21:00,47
2019-09-20 22:00,25
2019-09-20 23:00,26
2019-09-21 0:00,22
2019-09-21 1:00,20
2019-09-21 2:00,16
2019-09-21 3:00,15
2019-09-21 4:00,16
2019-09-21 5:00,16
2019-09-21 6:00,15
2019-09-21 7:00,14
2019-09-21 8:00,17
2019-09-21 9:00,23
2019-09-21 10:00,28
2019-09-21 11:00,26
2019-09-21 12:00,31
2019-09-21 13:00,39
2019-09-21 14:00,40
2019-09-21 15:00,64
2019-09-21 16:00,59
2019-09-21 17:00,67
2019-09-21 18:00,43
2019-09-21 19:00,48
2019-09-21 20:00,42
2019-09-21 21:00,38
2019-09-21 22:00,34
2019-09-21 23:00,28
2019-09-22 0:00,24
2019-09-22 1:00,26
2019-09-22 2:00,20
2019-09-22 3:00,18
2019-09-22 4:00,13
2019-09-22 5:00,16
2019-09-22 6:00,16
2019-09-22 7:00,15
2019-09-22 8:00,16
2019-09-22 9:00,16
2019-09-22 10:00,22
2019-09-22 11:00,30
2019-09-22 12:00,40
2019-09-22 13:00,47
2019-09-22 14:00,60
2019-09-22 15:00,58
2019-09-22 16:00,62
2019-09-22 17:00,68
2019-09-22 18:00,72
2019-09-22 19:00,43
2019-09-22 20:00,38
2019-09-22 21:00,23
2019-09-22 22:00,25
2019-09-22 23:00,26
2019-09-23 0:00,24
2019-09-23 1:00,22
2019-09-23 2:00,16
2019-09-23 3:00,15
2019-09-23 4:00,15
2019-09-23 5:00,17
2019-09-23 6:00,16
2019-09-23 7:00,17
2019-09-23 8:00,41
2019-09-23 9:00,209
2019-09-23 10:00,262
2019-09-23 11:00,311
2019-09-23 12:00,340
2019-09-23 13:00,424
2019-09-23 14:00,474
2019-09-23 15:00,399
2019-09-23 16:00,314
2019-09-23 17:00,208
2019-09-23 18:00,161
2019-09-23 19:00,161
2019-09-23 20:00,118
2019-09-23 21:00,65
2019-09-23 22:00,20
2019-09-23 23:00,15
2019-09-24 0:00,17
2019-09-24 1:00,14
2019-09-24 2:00,13
2019-09-24 3:00,13
2019-09-24 4:00,15
2019-09-24 5:00,14
2019-09-24 6:00,12
2019-09-24 7:00,15
2019-09-24 8:00,29
2019-09-24 9:00,151
2019-09-24 10:00,276
2019-09-24 11:00,398
2019-09-24 12:00,341
2019-09-24 13:00,428
2019-09-24 14:00,477
2019-09-24 15:00,364
2019-09-24 16:00,335
2019-09-24 17:00,305
2019-09-24 18:00,198
2019-09-24 19:00,151
2019-09-24 20:00,143
2019-09-24 21:00,58
2019-09-24 22:00,17
2019-09-24 23:00,15
2019-09-25 0:00,14
2019-09-25 1:00,13
2019-09-25 2:00,12
2019-09-25 3:00,12
2019-09-25 4:00,12
2019-09-25 5:00,12
2019-09-25 6:00,12
2019-09-25 7:00,16
2019-09-25 8:00,37
2019-09-25 9:00,179
2019-09-25 10:00,252
2019-09-25 11:00,307
2019-09-25 12:00,424
2019-09-25 13:00,477
2019-09-25 14:00,445
2019-09-25 15:00,415
2019-09-25 16:00,354
2019-09-25 17:00,229
2019-09-25 18:00,204
2019-09-25 19:00,198
2019-09-25 20:00,165
2019-09-25 21:00,67
2019-09-25 22:00,42
2019-09-25 23:00,30
2019-09-26 0:00,15
2019-09-26 1:00,13
2019-09-26 2:00,14
2019-09-26 3:00,12
2019-09-26 4:00,11
2019-09-26 5:00,13
2019-09-26 6:00,13
2019-09-26 7:00,12
2019-09-26 8:00,44
2019-09-26 9:00,195
2019-09-26 10:00,331
2019-09-26 11:00,393
2019-09-26 12:00,399
2019-09-26 13:00,380
2019-09-26 14:00,433
2019-09-26 15:00,306
2019-09-26 16:00,245
2019-09-26 17:00,246
2019-09-26 18:00,192
2019-09-26 19:00,116
2019-09-26 20:00,65
2019-09-26 21:00,48
2019-09-26 22:00,27
2019-09-26 23:00,23
2019-09-27 0:00,18
2019-09-27 1:00,16
2019-09-27 2:00,14
2019-09-27 3:00,15
2019-09-27 4:00,16
2019-09-27 5:00,14
2019-09-27 6:00,15
2019-09-27 7:00,14
2019-09-27 8:00,25
2019-09-27 9:00,84
2019-09-27 10:00,161
2019-09-27 11:00,183
2019-09-27 12:00,332
2019-09-27 13:00,281
2019-09-27 14:00,229
2019-09-27 15:00,199
2019-09-27 16:00,207
2019-09-27 17:00,160
2019-09-27 18:00,140
2019-09-27 19:00,130
2019-09-27 20:00,83
2019-09-27 21:00,47
2019-09-27 22:00,25
2019-09-27 23:00,26
2019-09-28 0:00,22
2019-09-28 1:00,20
2019-09-28 2:00,16
2019-09-28 3:00,15
2019-09-28 4:00,16
2019-09-28 5:00,16
2019-09-28 6:00,15
2019-09-28 7:00,14
2019-09-28 8:00,17
2019-09-28 9:00,23
2019-09-28 10:00,28
2019-09-28 11:00,26
2019-09-28 12:00,31
2019-09-28 13:00,39
2019-09-28 14:00,40
2019-09-28 15:00,64
2019-09-28 16:00,59
2019-09-28 17:00,50
2019-09-28 18:00,46
2019-09-28 19:00,36
2019-09-28 20:00,32
2019-09-28 21:00,31
2019-09-28 22:00,28
2019-09-28 23:00,29
2019-09-29 0:00,26
2019-09-29 1:00,24
2019-09-29 2:00,21
2019-09-29 3:00,15
2019-09-29 4:00,12
2019-09-29 5:00,11
2019-09-29 6:00,12
2019-09-29 7:00,10
2019-09-29 8:00,13
2019-09-29 9:00,20
2019-09-29 10:00,26
2019-09-29 11:00,36
2019-09-29 12:00,33
2019-09-29 13:00,48
2019-09-29 14:00,48
2019-09-29 15:00,46
2019-09-29 16:00,53
2019-09-29 17:00,54
2019-09-29 18:00,58
2019-09-29 19:00,40
2019-09-29 20:00,33
2019-09-29 21:00,20
2019-09-29 22:00,20
2019-09-29 23:00,15
2019-09-30 0:00,16
2019-09-30 1:00,17
2019-09-30 2:00,16
2019-09-30 3:00,11
2019-09-30 4:00,11
2019-09-30 5:00,11
2019-09-30 6:00,11
2019-09-30 7:00,10
2019-09-30 8:00,47
2019-09-30 9:00,241
2019-09-30 10:00,276
2019-09-30 11:00,340
2019-09-30 12:00,403
2019-09-30 13:00,375
2019-09-30 14:00,424
2019-09-30 15:00,399
2019-09-30 16:00,358
2019-09-30 17:00,229
2019-09-30 18:00,202
2019-09-30 19:00,152
2019-09-30 20:00,116
2019-09-30 21:00,81
2019-09-30 22:00,19
2019-09-30 23:00,15
2019-10-01 0:00,10
2019-10-01 1:00,10
2019-10-01 2:00,10
2019-10-01 3:00,9
2019-10-01 4:00,11
2019-10-01 5:00,11
2019-10-01 6:00,9
2019-10-01 7:00,10
2019-10-01 8:00,44
2019-10-01 9:00,162
2019-10-01 10:00,266
2019-10-01 11:00,384
2019-10-01 12:00,372
2019-10-01 13:00,350
2019-10-01 14:00,438
2019-10-01 15:00,355
2019-10-01 16:00,304
2019-10-01 17:00,310
2019-10-01 18:00,194
2019-10-01 19:00,140
2019-10-01 20:00,115
2019-10-01 21:00,45
2019-10-01 22:00,26
2019-10-01 23:00,21
2019-10-02 0:00,18
2019-10-02 1:00,13
2019-10-02 2:00,12
2019-10-02 3:00,9
2019-10-02 4:00,10
2019-10-02 5:00,9
2019-10-02 6:00,7
2019-10-02 7:00,12
2019-10-02 8:00,35
2019-10-02 9:00,188
2019-10-02 10:00,266
2019-10-02 11:00,287
2019-10-02 12:00,419
2019-10-02 13:00,440
2019-10-02 14:00,476
2019-10-02 15:00,417
2019-10-02 16:00,410
2019-10-02 17:00,307
2019-10-02 18:00,238
2019-10-02 19:00,248
2019-10-02 20:00,195
2019-10-02 21:00,116
2019-10-02 22:00,61
2019-10-02 23:00,32
2019-10-03 0:00,29
2019-10-03 1:00,23
2019-10-03 2:00,20
2019-10-03 3:00,17
2019-10-03 4:00,18
2019-10-03 5:00,16
2019-10-03 6:00,18
2019-10-03 7:00,14
2019-10-03 8:00,36
2019-10-03 9:00,190
2019-10-03 10:00,324
2019-10-03 11:00,346
2019-10-03 12:00,395
2019-10-03 13:00,403
2019-10-03 14:00,434
2019-10-03 15:00,341
2019-10-03 16:00,369
2019-10-03 17:00,302
2019-10-03 18:00,210
2019-10-03 19:00,129
2019-10-03 20:00,116
2019-10-03 21:00,79
2019-10-03 22:00,51
2019-10-03 23:00,40
2019-10-04 0:00,29
2019-10-04 1:00,20
2019-10-04 2:00,13
2019-10-04 3:00,13
2019-10-04 4:00,14
2019-10-04 5:00,14
2019-10-04 6:00,12
2019-10-04 7:00,13
2019-10-04 8:00,33
2019-10-04 9:00,119
2019-10-04 10:00,203
2019-10-04 11:00,229
2019-10-04 12:00,359
2019-10-04 13:00,353
2019-10-04 14:00,307
2019-10-04 15:00,193
2019-10-04 16:00,184
2019-10-04 17:00,187
2019-10-04 18:00,117
2019-10-04 19:00,77
2019-10-04 20:00,69
2019-10-04 21:00,35
2019-10-04 22:00,35
2019-10-04 23:00,29
2019-10-05 0:00,19
2019-10-05 1:00,14
2019-10-05 2:00,14
2019-10-05 3:00,13
2019-10-05 4:00,12
2019-10-05 5:00,12
2019-10-05 6:00,13
2019-10-05 7:00,12
2019-10-05 8:00,14
2019-10-05 9:00,22
2019-10-05 10:00,41
2019-10-05 11:00,24
2019-10-05 12:00,24
2019-10-05 13:00,51
2019-10-05 14:00,67
2019-10-05 15:00,77
2019-10-05 16:00,65
2019-10-05 17:00,70
2019-10-05 18:00,49
2019-10-05 19:00,39
2019-10-05 20:00,42
2019-10-05 21:00,28
2019-10-05 22:00,22
2019-10-05 23:00,20
2019-10-06 0:00,20
2019-10-06 1:00,18
2019-10-06 2:00,15
2019-10-06 3:00,13
2019-10-06 4:00,13
2019-10-06 5:00,10
2019-10-06 6:00,10
2019-10-06 7:00,10
2019-10-06 8:00,15
2019-10-06 9:00,21
2019-10-06 10:00,26
2019-10-06 11:00,35
2019-10-06 12:00,31
2019-10-06 13:00,48
2019-10-06 14:00,82
2019-10-06 15:00,78
2019-10-06 16:00,76
2019-10-06 17:00,103
2019-10-06 18:00,71
2019-10-06 19:00,70
2019-10-06 20:00,60
2019-10-06 21:00,42
2019-10-06 22:00,30
2019-10-06 23:00,23
2019-10-07 0:00,21
2019-10-07 1:00,21
2019-10-07 2:00,12
2019-10-07 3:00,12
2019-10-07 4:00,13
2019-10-07 5:00,14
2019-10-07 6:00,13
2019-10-07 7:00,13
2019-10-07 8:00,41
2019-10-07 9:00,199
2019-10-07 10:00,307
2019-10-07 11:00,335
2019-10-07 12:00,331
2019-10-07 13:00,388
2019-10-07 14:00,457
2019-10-07 15:00,393
2019-10-07 16:00,380
2019-10-07 17:00,268
2019-10-07 18:00,164
2019-10-07 19:00,120
2019-10-07 20:00,88
2019-10-07 21:00,58
2019-10-07 22:00,3
2019-10-07 23:00,0
2019-10-08 0:00,0
2019-10-08 1:00,0
2019-10-08 2:00,0
2019-10-08 3:00,0
2019-10-08 4:00,0
2019-10-08 5:00,0
2019-10-08 6:00,0
2019-10-08 7:00,0
2019-10-08 8:00,19
2019-10-08 9:00,123
2019-10-08 10:00,215
2019-10-08 11:00,319
2019-10-08 12:00,308
2019-10-08 13:00,289
2019-10-08 14:00,366
2019-10-08 15:00,293
2019-10-08 16:00,248
2019-10-08 17:00,254
2019-10-08 18:00,151
2019-10-08 19:00,104
2019-10-08 20:00,82
2019-10-08 21:00,20
2019-10-08 22:00,4
2019-10-08 23:00,9
2019-10-09 0:00,28
2019-10-09 1:00,18
2019-10-09 2:00,16
2019-10-09 3:00,15
2019-10-09 4:00,15
2019-10-09 5:00,16
2019-10-09 6:00,16
2019-10-09 7:00,17
2019-10-09 8:00,41
2019-10-09 9:00,160
2019-10-09 10:00,247
2019-10-09 11:00,291
2019-10-09 12:00,445
2019-10-09 13:00,482
2019-10-09 14:00,442
2019-10-09 15:00,416
2019-10-09 16:00,332
2019-10-09 17:00,250
2019-10-09 18:00,248
2019-10-09 19:00,238
2019-10-09 20:00,199
2019-10-09 21:00,182
2019-10-09 22:00,76
2019-10-09 23:00,47
2019-10-10 0:00,26
2019-10-10 1:00,22
2019-10-10 2:00,22
2019-10-10 3:00,18
2019-10-10 4:00,18
2019-10-10 5:00,18
2019-10-10 6:00,17
2019-10-10 7:00,18
2019-10-10 8:00,48
2019-10-10 9:00,182
2019-10-10 10:00,313
2019-10-10 11:00,318
2019-10-10 12:00,324
2019-10-10 13:00,386
2019-10-10 14:00,428
2019-10-10 15:00,337
2019-10-10 16:00,282
2019-10-10 17:00,270
2019-10-10 18:00,203
2019-10-10 19:00,121
2019-10-10 20:00,97
2019-10-10 21:00,80
2019-10-10 22:00,50
2019-10-10 23:00,42
2019-10-11 0:00,36
2019-10-11 1:00,36
2019-10-11 2:00,24
2019-10-11 3:00,26
2019-10-11 4:00,22
2019-10-11 5:00,20
2019-10-11 6:00,19
2019-10-11 7:00,23
2019-10-11 8:00,37
2019-10-11 9:00,87
2019-10-11 10:00,135
2019-10-11 11:00,191
2019-10-11 12:00,320
2019-10-11 13:00,302
2019-10-11 14:00,250
2019-10-11 15:00,154
2019-10-11 16:00,161
2019-10-11 17:00,147
2019-10-11 18:00,107
2019-10-11 19:00,75
2019-10-11 20:00,56
2019-10-11 21:00,35
2019-10-11 22:00,27
2019-10-11 23:00,18
2019-10-12 0:00,15
2019-10-12 1:00,14
2019-10-12 2:00,13
2019-10-12 3:00,13
2019-10-12 4:00,13
2019-10-12 5:00,14
2019-10-12 6:00,14
2019-10-12 7:00,14
2019-10-12 8:00,14
2019-10-12 9:00,14
2019-10-12 10:00,17
2019-10-12 11:00,24
2019-10-12 12:00,24
2019-10-12 13:00,30
2019-10-12 14:00,43
2019-10-12 15:00,45
2019-10-12 16:00,67
2019-10-12 17:00,116
2019-10-12 18:00,42
2019-10-12 19:00,33
2019-10-12 20:00,30
2019-10-12 21:00,29
2019-10-12 22:00,30
2019-10-12 23:00,28
2019-10-13 0:00,28
2019-10-13 1:00,21
2019-10-13 2:00,23
2019-10-13 3:00,24
2019-10-13 4:00,16
2019-10-13 5:00,16
2019-10-13 6:00,13
2019-10-13 7:00,13
2019-10-13 8:00,13
2019-10-13 9:00,15
2019-10-13 10:00,18
2019-10-13 11:00,23
2019-10-13 12:00,36
2019-10-13 13:00,35
2019-10-13 14:00,48
2019-10-13 15:00,46
2019-10-13 16:00,54
2019-10-13 17:00,42
2019-10-13 18:00,42
2019-10-13 19:00,43
2019-10-13 20:00,45
2019-10-13 21:00,50
2019-10-13 22:00,39
2019-10-13 23:00,26
2019-10-14 0:00,16
2019-10-14 1:00,17
2019-10-14 2:00,16
2019-10-14 3:00,15
2019-10-14 4:00,13
2019-10-14 5:00,13
2019-10-14 6:00,13
2019-10-14 7:00,13
2019-10-14 8:00,14
2019-10-14 9:00,14
2019-10-14 10:00,27
2019-10-14 11:00,40
2019-10-14 12:00,64
2019-10-14 13:00,82
2019-10-14 14:00,104
2019-10-14 15:00,119
2019-10-14 16:00,109
2019-10-14 17:00,96
2019-10-14 18:00,79
2019-10-14 19:00,87
2019-10-14 20:00,83
2019-10-14 21:00,63
2019-10-14 22:00,48
2019-10-14 23:00,43
2019-10-15 0:00,35
2019-10-15 1:00,21
2019-10-15 2:00,20
2019-10-15 3:00,19
2019-10-15 4:00,13
2019-10-15 5:00,11
2019-10-15 6:00,13
2019-10-15 7:00,16
2019-10-15 8:00,50
2019-10-15 9:00,165
2019-10-15 10:00,283
2019-10-15 11:00,307
2019-10-15 12:00,372
2019-10-15 13:00,386
2019-10-15 14:00,365
2019-10-15 15:00,323
2019-10-15 16:00,323
2019-10-15 17:00,283
2019-10-15 18:00,207
2019-10-15 19:00,153
2019-10-15 20:00,128
2019-10-15 21:00,85
2019-10-15 22:00,57
2019-10-15 23:00,50
2019-10-16 0:00,27
2019-10-16 1:00,21
2019-10-16 2:00,16
2019-10-16 3:00,14
2019-10-16 4:00,14
2019-10-16 5:00,14
2019-10-16 6:00,13
2019-10-16 7:00,17
2019-10-16 8:00,44
2019-10-16 9:00,190
2019-10-16 10:00,227
2019-10-16 11:00,274
2019-10-16 12:00,403
2019-10-16 13:00,399
2019-10-16 14:00,430
2019-10-16 15:00,388
2019-10-16 16:00,354
2019-10-16 17:00,231
2019-10-16 18:00,225
2019-10-16 19:00,206
2019-10-16 20:00,277
2019-10-16 21:00,81
2019-10-16 22:00,54
2019-10-16 23:00,41
2019-10-17 0:00,30
2019-10-17 1:00,29
2019-10-17 2:00,18
2019-10-17 3:00,19
2019-10-17 4:00,19
2019-10-17 5:00,22
2019-10-17 6:00,22
2019-10-17 7:00,29
2019-10-17 8:00,58
2019-10-17 9:00,236
2019-10-17 10:00,394
2019-10-17 11:00,341
2019-10-17 12:00,328
2019-10-17 13:00,401
2019-10-17 14:00,315
2019-10-17 15:00,340
2019-10-17 16:00,287
2019-10-17 17:00,286
2019-10-17 18:00,169
2019-10-17 19:00,122
2019-10-17 20:00,77
2019-10-17 21:00,61
2019-10-17 22:00,32
2019-10-17 23:00,25
2019-10-18 0:00,22
2019-10-18 1:00,16
2019-10-18 2:00,17
2019-10-18 3:00,14
2019-10-18 4:00,15
2019-10-18 5:00,14
2019-10-18 6:00,13
2019-10-18 7:00,15
2019-10-18 8:00,30
2019-10-18 9:00,93
2019-10-18 10:00,152
2019-10-18 11:00,177
2019-10-18 12:00,265
2019-10-18 13:00,236
2019-10-18 14:00,219
2019-10-18 15:00,165
2019-10-18 16:00,139
2019-10-18 17:00,125
2019-10-18 18:00,84
2019-10-18 19:00,63
2019-10-18 20:00,48
2019-10-18 21:00,33
2019-10-18 22:00,38
2019-10-18 23:00,35
2019-10-19 0:00,38
2019-10-19 1:00,22
2019-10-19 2:00,17
2019-10-19 3:00,12
2019-10-19 4:00,14
2019-10-19 5:00,15
2019-10-19 6:00,15
2019-10-19 7:00,17
2019-10-19 8:00,22
2019-10-19 9:00,48
2019-10-19 10:00,46
2019-10-19 11:00,47
2019-10-19 12:00,43
2019-10-19 13:00,58
2019-10-19 14:00,49
2019-10-19 15:00,62
2019-10-19 16:00,76
2019-10-19 17:00,67
2019-10-19 18:00,26
2019-10-19 19:00,19
2019-10-19 20:00,16
2019-10-19 21:00,14
2019-10-19 22:00,11
2019-10-19 23:00,10
2019-10-20 0:00,10
2019-10-20 1:00,11
2019-10-20 2:00,9
2019-10-20 3:00,9
2019-10-20 4:00,10
2019-10-20 5:00,11
2019-10-20 6:00,11
2019-10-20 7:00,11
2019-10-20 8:00,12
2019-10-20 9:00,15
2019-10-20 10:00,21
2019-10-20 11:00,19
2019-10-20 12:00,27
2019-10-20 13:00,30
2019-10-20 14:00,29
2019-10-20 15:00,29
2019-10-20 16:00,31
2019-10-20 17:00,27
2019-10-20 18:00,29
2019-10-20 19:00,34
2019-10-20 20:00,26
2019-10-20 21:00,26
2019-10-20 22:00,20
2019-10-20 23:00,13
2019-10-21 0:00,13
2019-10-21 1:00,13
2019-10-21 2:00,13
2019-10-21 3:00,12
2019-10-21 4:00,11
2019-10-21 5:00,13
2019-10-21 6:00,12
2019-10-21 7:00,12
2019-10-21 8:00,22
2019-10-21 9:00,33
2019-10-21 10:00,60
2019-10-21 11:00,80
2019-10-21 12:00,92
2019-10-21 13:00,99
2019-10-21 14:00,99
2019-10-21 15:00,106
2019-10-21 16:00,106
2019-10-21 17:00,79
2019-10-21 18:00,55
2019-10-21 19:00,45
2019-10-21 20:00,31
2019-10-21 21:00,27
2019-10-21 22:00,18
2019-10-21 23:00,18
2019-10-22 0:00,14
2019-10-22 1:00,13
2019-10-22 2:00,13
2019-10-22 3:00,11
2019-10-22 4:00,10
2019-10-22 5:00,11
2019-10-22 6:00,9
2019-10-22 7:00,10
2019-10-22 8:00,14
2019-10-22 9:00,36
2019-10-22 10:00,71
2019-10-22 11:00,96
2019-10-22 12:00,107
2019-10-22 13:00,105
2019-10-22 14:00,107
2019-10-22 15:00,104
2019-10-22 16:00,91
2019-10-22 17:00,64
2019-10-22 18:00,46
2019-10-22 19:00,39
2019-10-22 20:00,39
2019-10-22 21:00,27
2019-10-22 22:00,27
2019-10-22 23:00,21
2019-10-23 0:00,15
2019-10-23 1:00,14
2019-10-23 2:00,12
2019-10-23 3:00,11
2019-10-23 4:00,12
2019-10-23 5:00,12
2019-10-23 6:00,11
2019-10-23 7:00,12
2019-10-23 8:00,15
2019-10-23 9:00,41
2019-10-23 10:00,88
2019-10-23 11:00,98
2019-10-23 12:00,111
2019-10-23 13:00,117
2019-10-23 14:00,116
2019-10-23 15:00,116
2019-10-23 16:00,118
2019-10-23 17:00,96
2019-10-23 18:00,78
2019-10-23 19:00,57
2019-10-23 20:00,43
2019-10-23 21:00,35
2019-10-23 22:00,27
2019-10-23 23:00,24
2019-10-24 0:00,24
2019-10-24 1:00,21
2019-10-24 2:00,22
2019-10-24 3:00,20
2019-10-24 4:00,18
2019-10-24 5:00,20
2019-10-24 6:00,18
2019-10-24 7:00,17
2019-10-24 8:00,18
2019-10-24 9:00,44
2019-10-24 10:00,69
2019-10-24 11:00,96
2019-10-24 12:00,117
2019-10-24 13:00,105
2019-10-24 14:00,126
2019-10-24 15:00,129
2019-10-24 16:00,123
2019-10-24 17:00,90
2019-10-24 18:00,82
2019-10-24 19:00,54
2019-10-24 20:00,46
2019-10-24 21:00,31
2019-10-24 22:00,30
2019-10-24 23:00,26
2019-10-25 0:00,15
2019-10-25 1:00,15
2019-10-25 2:00,15
2019-10-25 3:00,14
2019-10-25 4:00,14
2019-10-25 5:00,14
2019-10-25 6:00,14
2019-10-25 7:00,14
2019-10-25 8:00,16
2019-10-25 9:00,39
2019-10-25 10:00,72
2019-10-25 11:00,91
2019-10-25 12:00,91
2019-10-25 13:00,81
2019-10-25 14:00,102
2019-10-25 15:00,121
2019-10-25 16:00,105
2019-10-25 17:00,101
2019-10-25 18:00,69
2019-10-25 19:00,47
2019-10-25 20:00,28
2019-10-25 21:00,16
2019-10-25 22:00,12
2019-10-25 23:00,14
2019-10-26 0:00,11
2019-10-26 1:00,10
2019-10-26 2:00,10
2019-10-26 3:00,10
2019-10-26 4:00,10
2019-10-26 5:00,10
2019-10-26 6:00,11
2019-10-26 7:00,12
2019-10-26 8:00,11
2019-10-26 9:00,11
2019-10-26 10:00,21
2019-10-26 11:00,18
2019-10-26 12:00,38
2019-10-26 13:00,38
2019-10-26 14:00,51
2019-10-26 15:00,56
2019-10-26 16:00,60
2019-10-26 17:00,56
2019-10-26 18:00,50
2019-10-26 19:00,36
2019-10-26 20:00,25
2019-10-26 21:00,22
2019-10-26 22:00,25
2019-10-26 23:00,20
2019-10-27 0:00,26
2019-10-27 1:00,14
2019-10-27 2:00,12
2019-10-27 3:00,12
2019-10-27 4:00,10
2019-10-27 5:00,10
2019-10-27 6:00,7
2019-10-27 7:00,7
2019-10-27 8:00,10
2019-10-27 9:00,14
2019-10-27 10:00,22
2019-10-27 11:00,33
2019-10-27 12:00,32
2019-10-27 13:00,28
2019-10-27 14:00,38
2019-10-27 15:00,44
2019-10-27 16:00,46
2019-10-27 17:00,58
2019-10-27 18:00,57
2019-10-27 19:00,57
2019-10-27 20:00,48
2019-10-27 21:00,37
2019-10-27 22:00,30
2019-10-27 23:00,23
2019-10-28 0:00,17
2019-10-28 1:00,12
2019-10-28 2:00,10
2019-10-28 3:00,10
2019-10-28 4:00,8
2019-10-28 5:00,9
2019-10-28 6:00,9
2019-10-28 7:00,14
2019-10-28 8:00,58
2019-10-28 9:00,249
2019-10-28 10:00,286
2019-10-28 11:00,331
2019-10-28 12:00,333
2019-10-28 13:00,382
2019-10-28 14:00,448
2019-10-28 15:00,377
2019-10-28 16:00,297
2019-10-28 17:00,201
2019-10-28 18:00,203
2019-10-28 19:00,185
2019-10-28 20:00,133
2019-10-28 21:00,87
2019-10-28 22:00,59
2019-10-28 23:00,40
2019-10-29 0:00,40
2019-10-29 1:00,29
2019-10-29 2:00,27
2019-10-29 3:00,26
2019-10-29 4:00,28
2019-10-29 5:00,33
2019-10-29 6:00,31
2019-10-29 7:00,27
2019-10-29 8:00,61
2019-10-29 9:00,182
2019-10-29 10:00,287
2019-10-29 11:00,414
2019-10-29 12:00,387
2019-10-29 13:00,423
2019-10-29 14:00,311
2019-10-29 15:00,339
2019-10-29 16:00,330
2019-10-29 17:00,249
2019-10-29 18:00,193
2019-10-29 19:00,114
2019-10-29 20:00,86
2019-10-29 21:00,76
2019-10-29 22:00,38
2019-10-29 23:00,23
2019-10-30 0:00,22
2019-10-30 1:00,21
2019-10-30 2:00,19
2019-10-30 3:00,20
2019-10-30 4:00,18
2019-10-30 5:00,16
2019-10-30 6:00,13
2019-10-30 7:00,15
2019-10-30 8:00,40
2019-10-30 9:00,153
2019-10-30 10:00,218
2019-10-30 11:00,226
2019-10-30 12:00,379
2019-10-30 13:00,350
2019-10-30 14:00,356
2019-10-30 15:00,323
2019-10-30 16:00,277
2019-10-30 17:00,269
2019-10-30 18:00,259
2019-10-30 19:00,254
2019-10-30 20:00,224
2019-10-30 21:00,91
2019-10-30 22:00,53
2019-10-30 23:00,23
2019-10-31 0:00,18
2019-10-31 1:00,19
2019-10-31 2:00,14
2019-10-31 3:00,15
2019-10-31 4:00,15
2019-10-31 5:00,16
2019-10-31 6:00,11
2019-10-31 7:00,15
2019-10-31 8:00,31
2019-10-31 9:00,114
2019-10-31 10:00,302
2019-10-31 11:00,324
2019-10-31 12:00,299
2019-10-31 13:00,348
2019-10-31 14:00,321
2019-10-31 15:00,292
2019-10-31 16:00,283
2019-10-31 17:00,218
2019-10-31 18:00,153
2019-10-31 19:00,100
2019-10-31 20:00,83
2019-10-31 21:00,41
2019-10-31 22:00,25
2019-10-31 23:00,21
2019-11-01 0:00,23
2019-11-01 1:00,22
2019-11-01 2:00,20
2019-11-01 3:00,17
2019-11-01 4:00,16
2019-11-01 5:00,15
2019-11-01 6:00,18
2019-11-01 7:00,17
2019-11-01 8:00,42
2019-11-01 9:00,94
2019-11-01 10:00,176
2019-11-01 11:00,227
2019-11-01 12:00,328
2019-11-01 13:00,222
2019-11-01 14:00,220
2019-11-01 15:00,187
2019-11-01 16:00,219
2019-11-01 17:00,209
2019-11-01 18:00,115
2019-11-01 19:00,77
2019-11-01 20:00,59
2019-11-01 21:00,31
2019-11-01 22:00,28
2019-11-01 23:00,36
2019-11-02 0:00,34
2019-11-02 1:00,38
2019-11-02 2:00,28
2019-11-02 3:00,21
2019-11-02 4:00,18
2019-11-02 5:00,17
2019-11-02 6:00,17
2019-11-02 7:00,17
2019-11-02 8:00,20
2019-11-02 9:00,24
2019-11-02 10:00,26
2019-11-02 11:00,39
2019-11-02 12:00,60
2019-11-02 13:00,62
2019-11-02 14:00,65
2019-11-02 15:00,57
2019-11-02 16:00,49
2019-11-02 17:00,59
2019-11-02 18:00,54
2019-11-02 19:00,50
2019-11-02 20:00,38
2019-11-02 21:00,34
2019-11-02 22:00,32
2019-11-02 23:00,20
2019-11-03 0:00,18
2019-11-03 1:00,15
2019-11-03 2:00,14
2019-11-03 3:00,14
2019-11-03 4:00,14
2019-11-03 5:00,13
2019-11-03 6:00,15
2019-11-03 7:00,14
2019-11-03 8:00,22
2019-11-03 9:00,36
2019-11-03 10:00,62
2019-11-03 11:00,63
2019-11-03 12:00,51
2019-11-03 13:00,47
2019-11-03 14:00,59
2019-11-03 15:00,97
2019-11-03 16:00,94
2019-11-03 17:00,93
2019-11-03 18:00,78
2019-11-03 19:00,77
2019-11-03 20:00,54
2019-11-03 21:00,44
2019-11-03 22:00,41
2019-11-03 23:00,22
2019-11-04 0:00,17
2019-11-04 1:00,17
2019-11-04 2:00,16
2019-11-04 3:00,14
2019-11-04 4:00,13
2019-11-04 5:00,13
2019-11-04 6:00,15
2019-11-04 7:00,16
2019-11-04 8:00,54
2019-11-04 9:00,266
2019-11-04 10:00,327
2019-11-04 11:00,295
2019-11-04 12:00,328
2019-11-04 13:00,360
2019-11-04 14:00,389
2019-11-04 15:00,368
2019-11-04 16:00,346
2019-11-04 17:00,238
2019-11-04 18:00,255
2019-11-04 19:00,223
2019-11-04 20:00,183
2019-11-04 21:00,139
2019-11-04 22:00,35
2019-11-04 23:00,28
2019-11-05 0:00,22
2019-11-05 1:00,23
2019-11-05 2:00,20
2019-11-05 3:00,20
2019-11-05 4:00,20
2019-11-05 5:00,17
2019-11-05 6:00,19
2019-11-05 7:00,19
2019-11-05 8:00,48
2019-11-05 9:00,186
2019-11-05 10:00,271
2019-11-05 11:00,359
2019-11-05 12:00,339
2019-11-05 13:00,401
2019-11-05 14:00,442
2019-11-05 15:00,403
2019-11-05 16:00,412
2019-11-05 17:00,354
2019-11-05 18:00,229
2019-11-05 19:00,107
2019-11-05 20:00,75
2019-11-05 21:00,46
2019-11-05 22:00,29
2019-11-05 23:00,25
2019-11-06 0:00,16
2019-11-06 1:00,17
2019-11-06 2:00,15
2019-11-06 3:00,15
2019-11-06 4:00,14
2019-11-06 5:00,16
2019-11-06 6:00,15
2019-11-06 7:00,19
2019-11-06 8:00,51
2019-11-06 9:00,221
2019-11-06 10:00,327
2019-11-06 11:00,269
2019-11-06 12:00,426
2019-11-06 13:00,457
2019-11-06 14:00,389
2019-11-06 15:00,369
2019-11-06 16:00,385
2019-11-06 17:00,354
2019-11-06 18:00,289
2019-11-06 19:00,328
2019-11-06 20:00,300
2019-11-06 21:00,200
2019-11-06 22:00,119
2019-11-06 23:00,100
2019-11-07 0:00,62
2019-11-07 1:00,51
2019-11-07 2:00,48
2019-11-07 3:00,47
2019-11-07 4:00,35
2019-11-07 5:00,62
2019-11-07 6:00,50
2019-11-07 7:00,36
2019-11-07 8:00,64
2019-11-07 9:00,172
2019-11-07 10:00,221
2019-11-07 11:00,308
2019-11-07 12:00,246
2019-11-07 13:00,298
2019-11-07 14:00,414
2019-11-07 15:00,327
2019-11-07 16:00,330
2019-11-07 17:00,358
2019-11-07 18:00,303
2019-11-07 19:00,120
2019-11-07 20:00,91
2019-11-07 21:00,56
2019-11-07 22:00,35
2019-11-07 23:00,21
2019-11-08 0:00,16
2019-11-08 1:00,18
2019-11-08 2:00,19
2019-11-08 3:00,16
2019-11-08 4:00,16
2019-11-08 5:00,15
2019-11-08 6:00,15
2019-11-08 7:00,13
2019-11-08 8:00,39
2019-11-08 9:00,93
2019-11-08 10:00,146
2019-11-08 11:00,192
2019-11-08 12:00,414
2019-11-08 13:00,421
2019-11-08 14:00,298
2019-11-08 15:00,194
2019-11-08 16:00,267
2019-11-08 17:00,261
2019-11-08 18:00,133
2019-11-08 19:00,88
2019-11-08 20:00,65
2019-11-08 21:00,45
2019-11-08 22:00,37
2019-11-08 23:00,31
2019-11-09 0:00,17
2019-11-09 1:00,16
2019-11-09 2:00,12
2019-11-09 3:00,13
2019-11-09 4:00,14
2019-11-09 5:00,13
2019-11-09 6:00,12
2019-11-09 7:00,12
2019-11-09 8:00,22
2019-11-09 9:00,28
2019-11-09 10:00,51
2019-11-09 11:00,78
2019-11-09 12:00,67
2019-11-09 13:00,78
2019-11-09 14:00,78
2019-11-09 15:00,70
2019-11-09 16:00,79
2019-11-09 17:00,71
2019-11-09 18:00,64
2019-11-09 19:00,45
2019-11-09 20:00,47
2019-11-09 21:00,46
2019-11-09 22:00,34
2019-11-09 23:00,24
2019-11-10 0:00,19
2019-11-10 1:00,17
2019-11-10 2:00,13
2019-11-10 3:00,12
2019-11-10 4:00,11
2019-11-10 5:00,12
2019-11-10 6:00,12
2019-11-10 7:00,11
2019-11-10 8:00,12
2019-11-10 9:00,30
2019-11-10 10:00,44
2019-11-10 11:00,63
2019-11-10 12:00,67
2019-11-10 13:00,75
2019-11-10 14:00,85
2019-11-10 15:00,89
2019-11-10 16:00,87
2019-11-10 17:00,72
2019-11-10 18:00,69
2019-11-10 19:00,51
2019-11-10 20:00,50
2019-11-10 21:00,42
2019-11-10 22:00,49
2019-11-10 23:00,32
2019-11-11 0:00,26
2019-11-11 1:00,20
2019-11-11 2:00,19
2019-11-11 3:00,18
2019-11-11 4:00,17
2019-11-11 5:00,19
2019-11-11 6:00,19
2019-11-11 7:00,28
2019-11-11 8:00,59
2019-11-11 9:00,264
2019-11-11 10:00,260
2019-11-11 11:00,295
2019-11-11 12:00,318
2019-11-11 13:00,364
2019-11-11 14:00,397
2019-11-11 15:00,325
2019-11-11 16:00,296
2019-11-11 17:00,232
2019-11-11 18:00,216
2019-11-11 19:00,225
2019-11-11 20:00,205
2019-11-11 21:00,74
2019-11-11 22:00,39
2019-11-11 23:00,32
2019-11-12 0:00,24
2019-11-12 1:00,22
2019-11-12 2:00,23
2019-11-12 3:00,23
2019-11-12 4:00,18
2019-11-12 5:00,22
2019-11-12 6:00,19
2019-11-12 7:00,22
2019-11-12 8:00,41
2019-11-12 9:00,182
2019-11-12 10:00,304
2019-11-12 11:00,427
2019-11-12 12:00,340
2019-11-12 13:00,360
2019-11-12 14:00,439
2019-11-12 15:00,383
2019-11-12 16:00,386
2019-11-12 17:00,369
2019-11-12 18:00,252
2019-11-12 19:00,105
2019-11-12 20:00,83
2019-11-12 21:00,69
2019-11-12 22:00,41
2019-11-12 23:00,23
2019-11-13 0:00,21
2019-11-13 1:00,21
2019-11-13 2:00,19
2019-11-13 3:00,15
2019-11-13 4:00,15
2019-11-13 5:00,15
2019-11-13 6:00,13
2019-11-13 7:00,13
2019-11-13 8:00,38
2019-11-13 9:00,176
2019-11-13 10:00,303
2019-11-13 11:00,252
2019-11-13 12:00,451
2019-11-13 13:00,456
2019-11-13 14:00,362
2019-11-13 15:00,362
2019-11-13 16:00,359
2019-11-13 17:00,323
2019-11-13 18:00,218
2019-11-13 19:00,278
2019-11-13 20:00,236
2019-11-13 21:00,179
2019-11-13 22:00,46
2019-11-13 23:00,38
2019-11-14 0:00,15
2019-11-14 1:00,20
2019-11-14 2:00,19
2019-11-14 3:00,17
2019-11-14 4:00,12
2019-11-14 5:00,12
2019-11-14 6:00,14
2019-11-14 7:00,17
2019-11-14 8:00,40
2019-11-14 9:00,163
2019-11-14 10:00,270
2019-11-14 11:00,376
2019-11-14 12:00,331
2019-11-14 13:00,409
2019-11-14 14:00,446
2019-11-14 15:00,339
2019-11-14 16:00,368
2019-11-14 17:00,362
2019-11-14 18:00,222
2019-11-14 19:00,119
2019-11-14 20:00,79
2019-11-14 21:00,82
2019-11-14 22:00,36
2019-11-14 23:00,24
2019-11-15 0:00,18
2019-11-15 1:00,11
2019-11-15 2:00,10
2019-11-15 3:00,11
2019-11-15 4:00,10
2019-11-15 5:00,13
2019-11-15 6:00,11
2019-11-15 7:00,13
2019-11-15 8:00,32
2019-11-15 9:00,89
2019-11-15 10:00,147
2019-11-15 11:00,194
2019-11-15 12:00,385
2019-11-15 13:00,377
2019-11-15 14:00,271
2019-11-15 15:00,215
2019-11-15 16:00,257
2019-11-15 17:00,233
2019-11-15 18:00,129
2019-11-15 19:00,128
2019-11-15 20:00,109
2019-11-15 21:00,101
2019-11-15 22:00,62
2019-11-15 23:00,28
2019-11-16 0:00,18
2019-11-16 1:00,11
2019-11-16 2:00,13
2019-11-16 3:00,11
2019-11-16 4:00,11
2019-11-16 5:00,13
2019-11-16 6:00,12
2019-11-16 7:00,11
2019-11-16 8:00,17
2019-11-16 9:00,28
2019-11-16 10:00,33
2019-11-16 11:00,35
2019-11-16 12:00,45
2019-11-16 13:00,55
2019-11-16 14:00,79
2019-11-16 15:00,71
2019-11-16 16:00,80
2019-11-16 17:00,67
2019-11-16 18:00,60
2019-11-16 19:00,44
2019-11-16 20:00,42
2019-11-16 21:00,38
2019-11-16 22:00,29
2019-11-16 23:00,13
2019-11-17 0:00,15
2019-11-17 1:00,14
2019-11-17 2:00,13
2019-11-17 3:00,15
2019-11-17 4:00,14
2019-11-17 5:00,14
2019-11-17 6:00,13
2019-11-17 7:00,15
2019-11-17 8:00,19
2019-11-17 9:00,29
2019-11-17 10:00,35
2019-11-17 11:00,60
2019-11-17 12:00,82
2019-11-17 13:00,100
2019-11-17 14:00,87
2019-11-17 15:00,88
2019-11-17 16:00,99
2019-11-17 17:00,98
2019-11-17 18:00,73
2019-11-17 19:00,45
2019-11-17 20:00,39
2019-11-17 21:00,28
2019-11-17 22:00,26
2019-11-17 23:00,21
2019-11-18 0:00,18
2019-11-18 1:00,16
2019-11-18 2:00,15
2019-11-18 3:00,12
2019-11-18 4:00,13
2019-11-18 5:00,14
2019-11-18 6:00,13
2019-11-18 7:00,17
2019-11-18 8:00,50
2019-11-18 9:00,276
2019-11-18 10:00,263
2019-11-18 11:00,289
2019-11-18 12:00,340
2019-11-18 13:00,379
2019-11-18 14:00,449
2019-11-18 15:00,357
2019-11-18 16:00,354
2019-11-18 17:00,269
2019-11-18 18:00,243
2019-11-18 19:00,187
2019-11-18 20:00,173
2019-11-18 21:00,181
2019-11-18 22:00,163
2019-11-18 23:00,48
2019-11-19 0:00,17
2019-11-19 1:00,11
2019-11-19 2:00,1
2019-11-19 3:00,0
2019-11-19 4:00,0
2019-11-19 5:00,0
2019-11-19 6:00,0
2019-11-19 7:00,0
2019-11-19 8:00,0
2019-11-19 9:00,0
2019-11-19 10:00,16
2019-11-19 11:00,140
2019-11-19 12:00,247
2019-11-19 13:00,356
2019-11-19 14:00,279
2019-11-19 15:00,297
2019-11-19 16:00,366
2019-11-19 17:00,317
2019-11-19 18:00,319
2019-11-19 19:00,304
2019-11-19 20:00,202
2019-11-19 21:00,72
2019-11-19 22:00,53
2019-11-19 23:00,40
2019-11-20 0:00,16
2019-11-20 1:00,10
2019-11-20 2:00,25
2019-11-20 3:00,20
2019-11-20 4:00,16
2019-11-20 5:00,17
2019-11-20 6:00,16
2019-11-20 7:00,18
2019-11-20 8:00,38
2019-11-20 9:00,204
2019-11-20 10:00,222
2019-11-20 11:00,284
2019-11-20 12:00,463
2019-11-20 13:00,459
2019-11-20 14:00,474
2019-11-20 15:00,383
2019-11-20 16:00,384
2019-11-20 17:00,393
2019-11-20 18:00,294
2019-11-20 19:00,301
2019-11-20 20:00,257
2019-11-20 21:00,107
2019-11-20 22:00,66
2019-11-20 23:00,51
2019-11-21 0:00,36
2019-11-21 1:00,30
2019-11-21 2:00,28
2019-11-21 3:00,28
2019-11-21 4:00,30
2019-11-21 5:00,30
2019-11-21 6:00,29
2019-11-21 7:00,28
2019-11-21 8:00,56
2019-11-21 9:00,192
2019-11-21 10:00,340
2019-11-21 11:00,405
2019-11-21 12:00,346
2019-11-21 13:00,371
2019-11-21 14:00,456
2019-11-21 15:00,396
2019-11-21 16:00,359
2019-11-21 17:00,342
2019-11-21 18:00,311
2019-11-21 19:00,118
2019-11-21 20:00,80
2019-11-21 21:00,83
2019-11-21 22:00,39
2019-11-21 23:00,26
2019-11-22 0:00,17
2019-11-22 1:00,16
2019-11-22 2:00,16
2019-11-22 3:00,15
2019-11-22 4:00,11
2019-11-22 5:00,11
2019-11-22 6:00,14
2019-11-22 7:00,17
2019-11-22 8:00,47
2019-11-22 9:00,68
2019-11-22 10:00,144
2019-11-22 11:00,217
2019-11-22 12:00,377
2019-11-22 13:00,374
2019-11-22 14:00,257
2019-11-22 15:00,210
2019-11-22 16:00,227
2019-11-22 17:00,273
2019-11-22 18:00,121
2019-11-22 19:00,82
2019-11-22 20:00,65
2019-11-22 21:00,49
2019-11-22 22:00,45
2019-11-22 23:00,33
2019-11-23 0:00,28
2019-11-23 1:00,24
2019-11-23 2:00,19
2019-11-23 3:00,19
2019-11-23 4:00,20
2019-11-23 5:00,17
2019-11-23 6:00,17
2019-11-23 7:00,18
2019-11-23 8:00,22
2019-11-23 9:00,27
2019-11-23 10:00,29
2019-11-23 11:00,58
2019-11-23 12:00,75
2019-11-23 13:00,96
2019-11-23 14:00,124
2019-11-23 15:00,127
2019-11-23 16:00,132
2019-11-23 17:00,120
2019-11-23 18:00,82
2019-11-23 19:00,72
2019-11-23 20:00,49
2019-11-23 21:00,46
2019-11-23 22:00,45
2019-11-23 23:00,26
2019-11-24 0:00,24
2019-11-24 1:00,15
2019-11-24 2:00,16
2019-11-24 3:00,15
2019-11-24 4:00,14
2019-11-24 5:00,13
2019-11-24 6:00,14
2019-11-24 7:00,12
2019-11-24 8:00,18
2019-11-24 9:00,26
2019-11-24 10:00,45
2019-11-24 11:00,58
2019-11-24 12:00,66
2019-11-24 13:00,94
2019-11-24 14:00,96
2019-11-24 15:00,109
2019-11-24 16:00,115
2019-11-24 17:00,103
2019-11-24 18:00,82
2019-11-24 19:00,72
2019-11-24 20:00,51
2019-11-24 21:00,39
2019-11-24 22:00,25
2019-11-24 23:00,23
2019-11-25 0:00,19
2019-11-25 1:00,14
2019-11-25 2:00,13
2019-11-25 3:00,12
2019-11-25 4:00,12
2019-11-25 5:00,13
2019-11-25 6:00,13
2019-11-25 7:00,16
2019-11-25 8:00,62
2019-11-25 9:00,223
2019-11-25 10:00,287
2019-11-25 11:00,282
2019-11-25 12:00,324
2019-11-25 13:00,359
2019-11-25 14:00,415
2019-11-25 15:00,422
2019-11-25 16:00,353
2019-11-25 17:00,261
2019-11-25 18:00,234
2019-11-25 19:00,216
2019-11-25 20:00,215
2019-11-25 21:00,170
2019-11-25 22:00,56
2019-11-25 23:00,38
2019-11-26 0:00,21
2019-11-26 1:00,16
2019-11-26 2:00,14
2019-11-26 3:00,14
2019-11-26 4:00,16
2019-11-26 5:00,14
2019-11-26 6:00,14
2019-11-26 7:00,15
2019-11-26 8:00,44
2019-11-26 9:00,147
2019-11-26 10:00,289
2019-11-26 11:00,384
2019-11-26 12:00,375
2019-11-26 13:00,453
2019-11-26 14:00,477
2019-11-26 15:00,408
2019-11-26 16:00,395
2019-11-26 17:00,356
2019-11-26 18:00,249
2019-11-26 19:00,97
2019-11-26 20:00,98
2019-11-26 21:00,61
2019-11-26 22:00,48
2019-11-26 23:00,27
2019-11-27 0:00,22
2019-11-27 1:00,17
2019-11-27 2:00,17
2019-11-27 3:00,14
2019-11-27 4:00,14
2019-11-27 5:00,14
2019-11-27 6:00,14
2019-11-27 7:00,22
2019-11-27 8:00,62
2019-11-27 9:00,221
2019-11-27 10:00,252
2019-11-27 11:00,263
2019-11-27 12:00,440
2019-11-27 13:00,456
2019-11-27 14:00,460
2019-11-27 15:00,391
2019-11-27 16:00,372
2019-11-27 17:00,302
2019-11-27 18:00,229
2019-11-27 19:00,306
2019-11-27 20:00,266
2019-11-27 21:00,112
2019-11-27 22:00,54
2019-11-27 23:00,35
2019-11-28 0:00,27
2019-11-28 1:00,22
2019-11-28 2:00,18
2019-11-28 3:00,14
2019-11-28 4:00,15
2019-11-28 5:00,12
2019-11-28 6:00,14
2019-11-28 7:00,20
2019-11-28 8:00,38
2019-11-28 9:00,179
2019-11-28 10:00,271
2019-11-28 11:00,406
2019-11-28 12:00,373
2019-11-28 13:00,395
2019-11-28 14:00,370
2019-11-28 15:00,352
2019-11-28 16:00,304
2019-11-28 17:00,336
2019-11-28 18:00,253
2019-11-28 19:00,165
2019-11-28 20:00,127
2019-11-28 21:00,92
2019-11-28 22:00,71
2019-11-28 23:00,46
2019-11-29 0:00,27
2019-11-29 1:00,27
2019-11-29 2:00,21
2019-11-29 3:00,18
2019-11-29 4:00,18
2019-11-29 5:00,20
2019-11-29 6:00,19
2019-11-29 7:00,18
2019-11-29 8:00,33
2019-11-29 9:00,104
2019-11-29 10:00,187
2019-11-29 11:00,210
2019-11-29 12:00,391
2019-11-29 13:00,302
2019-11-29 14:00,248
2019-11-29 15:00,183
2019-11-29 16:00,217
2019-11-29 17:00,237
2019-11-29 18:00,119
2019-11-29 19:00,71
2019-11-29 20:00,60
2019-11-29 21:00,55
2019-11-29 22:00,42
2019-11-29 23:00,35
2019-11-30 0:00,20
2019-11-30 1:00,14
2019-11-30 2:00,19
2019-11-30 3:00,15
2019-11-30 4:00,16
2019-11-30 5:00,13
2019-11-30 6:00,16
2019-11-30 7:00,16
2019-11-30 8:00,19
2019-11-30 9:00,22
2019-11-30 10:00,27
2019-11-30 11:00,39
2019-11-30 12:00,62
2019-11-30 13:00,102
2019-11-30 14:00,106
2019-11-30 15:00,117
2019-11-30 16:00,108
2019-11-30 17:00,94
2019-11-30 18:00,93
2019-11-30 19:00,58
2019-11-30 20:00,53
2019-11-30 21:00,45
2019-11-30 22:00,17
2019-11-30 23:00,20
2019-12-01 0:00,17
2019-12-01 1:00,16
2019-12-01 2:00,15
2019-12-01 3:00,13
2019-12-01 4:00,14
2019-12-01 5:00,15
2019-12-01 6:00,12
2019-12-01 7:00,13
2019-12-01 8:00,21
2019-12-01 9:00,28
2019-12-01 10:00,38
2019-12-01 11:00,53
2019-12-01 12:00,75
2019-12-01 13:00,69
2019-12-01 14:00,81
2019-12-01 15:00,100
2019-12-01 16:00,103
2019-12-01 17:00,100
2019-12-01 18:00,86
2019-12-01 19:00,85
2019-12-01 20:00,69
2019-12-01 21:00,58
2019-12-01 22:00,35
2019-12-01 23:00,32
2019-12-02 0:00,21
2019-12-02 1:00,17
2019-12-02 2:00,16
2019-12-02 3:00,15
2019-12-02 4:00,15
2019-12-02 5:00,16
2019-12-02 6:00,15
2019-12-02 7:00,13
2019-12-02 8:00,44
2019-12-02 9:00,223
2019-12-02 10:00,232
2019-12-02 11:00,288
2019-12-02 12:00,342
2019-12-02 13:00,368
2019-12-02 14:00,411
2019-12-02 15:00,390
2019-12-02 16:00,302
2019-12-02 17:00,251
2019-12-02 18:00,243
2019-12-02 19:00,210
2019-12-02 20:00,197
2019-12-02 21:00,74
2019-12-02 22:00,54
2019-12-02 23:00,33
2019-12-03 0:00,19
2019-12-03 1:00,19
2019-12-03 2:00,20
2019-12-03 3:00,16
2019-12-03 4:00,14
2019-12-03 5:00,13
2019-12-03 6:00,13
2019-12-03 7:00,14
2019-12-03 8:00,46
2019-12-03 9:00,145
2019-12-03 10:00,233
2019-12-03 11:00,359
2019-12-03 12:00,354
2019-12-03 13:00,448
2019-12-03 14:00,461
2019-12-03 15:00,379
2019-12-03 16:00,338
2019-12-03 17:00,331
2019-12-03 18:00,166
2019-12-03 19:00,127
2019-12-03 20:00,99
2019-12-03 21:00,64
2019-12-03 22:00,46
2019-12-03 23:00,44
2019-12-04 0:00,24
2019-12-04 1:00,21
2019-12-04 2:00,20
2019-12-04 3:00,19
2019-12-04 4:00,20
2019-12-04 5:00,20
2019-12-04 6:00,19
2019-12-04 7:00,23
2019-12-04 8:00,46
2019-12-04 9:00,41
2019-12-04 10:00,44
2019-12-04 11:00,67
2019-12-04 12:00,66
2019-12-04 13:00,60
2019-12-04 14:00,61
2019-12-04 15:00,67
2019-12-04 16:00,60
2019-12-04 17:00,61
2019-12-04 18:00,59
2019-12-04 19:00,59
2019-12-04 20:00,59
2019-12-04 21:00,59
2019-12-04 22:00,57
2019-12-04 23:00,45
2019-12-05 0:00,39
2019-12-05 1:00,39
2019-12-05 2:00,29
2019-12-05 3:00,28
2019-12-05 4:00,28
2019-12-05 5:00,22
2019-12-05 6:00,6
2019-12-05 7:00,3
2019-12-05 8:00,6
2019-12-05 9:00,6
2019-12-05 10:00,6
2019-12-05 11:00,15
2019-12-05 12:00,15
2019-12-05 13:00,15
2019-12-05 14:00,35
2019-12-05 15:00,36
2019-12-05 16:00,22
2019-12-05 17:00,28
2019-12-05 18:00,26
2019-12-05 19:00,28
2019-12-05 20:00,25
2019-12-05 21:00,26
2019-12-05 22:00,25
2019-12-05 23:00,14
2019-12-06 0:00,3
2019-12-06 1:00,5
2019-12-06 2:00,3
2019-12-06 3:00,3
2019-12-06 4:00,3
2019-12-06 5:00,3
2019-12-06 6:00,19
2019-12-06 7:00,63
2019-12-06 8:00,18
2019-12-06 9:00,15
2019-12-06 10:00,20
2019-12-06 11:00,22
2019-12-06 12:00,3
2019-12-06 13:00,4
2019-12-06 14:00,3
2019-12-06 15:00,3
2019-12-06 16:00,59
2019-12-06 17:00,65
2019-12-06 18:00,39
2019-12-06 19:00,39
2019-12-06 20:00,82
2019-12-06 21:00,28
2019-12-06 22:00,26
2019-12-06 23:00,24
2019-12-07 0:00,25
2019-12-07 1:00,11
2019-12-07 2:00,9
2019-12-07 3:00,9
2019-12-07 4:00,9
2019-12-07 5:00,3
2019-12-07 6:00,21
2019-12-07 7:00,7
2019-12-07 8:00,23
2019-12-07 9:00,6
2019-12-07 10:00,11
2019-12-07 11:00,11
2019-12-07 12:00,4
2019-12-07 13:00,32
2019-12-07 14:00,28
2019-12-07 15:00,25
2019-12-07 16:00,40
2019-12-07 17:00,42
2019-12-07 18:00,46
2019-12-07 19:00,54
2019-12-07 20:00,28
2019-12-07 21:00,50
2019-12-07 22:00,5
2019-12-07 23:00,21
2019-12-08 0:00,9
2019-12-08 1:00,11
2019-12-08 2:00,19
2019-12-08 3:00,33
2019-12-08 4:00,9
2019-12-08 5:00,20
2019-12-08 6:00,14
2019-12-08 7:00,20
2019-12-08 8:00,3
2019-12-08 9:00,3
2019-12-08 10:00,7
2019-12-08 11:00,6
2019-12-08 12:00,7
2019-12-08 13:00,12
2019-12-08 14:00,11
2019-12-08 15:00,29
2019-12-08 16:00,3
2019-12-08 17:00,9
2019-12-08 18:00,6
2019-12-08 19:00,82
2019-12-08 20:00,39
2019-12-08 21:00,36
2019-12-08 22:00,78
2019-12-08 23:00,42
2019-12-09 0:00,51
2019-12-09 1:00,29
2019-12-09 2:00,30
2019-12-09 3:00,29
2019-12-09 4:00,29
2019-12-09 5:00,20
2019-12-09 6:00,23
2019-12-09 7:00,4
2019-12-09 8:00,4
2019-12-09 9:00,5
2019-12-09 10:00,5
2019-12-09 11:00,5
2019-12-09 12:00,23
2019-12-09 13:00,20
2019-12-09 14:00,20
2019-12-09 15:00,20
2019-12-09 16:00,19
2019-12-09 17:00,25
2019-12-09 18:00,23
2019-12-09 19:00,24
2019-12-09 20:00,22
2019-12-09 21:00,142
2019-12-09 22:00,37
2019-12-09 23:00,36
2019-12-10 0:00,34
2019-12-10 1:00,34
2019-12-10 2:00,35
2019-12-10 3:00,73
2019-12-10 4:00,3
2019-12-10 5:00,3
2019-12-10 6:00,3
2019-12-10 7:00,16
2019-12-10 8:00,4
2019-12-10 9:00,5
2019-12-10 10:00,14
2019-12-10 11:00,14
2019-12-10 12:00,14
2019-12-10 13:00,16
2019-12-10 14:00,29
2019-12-10 15:00,28
2019-12-10 16:00,28
2019-12-10 17:00,64
2019-12-10 18:00,44
2019-12-10 19:00,45
2019-12-10 20:00,44
2019-12-10 21:00,43
2019-12-10 22:00,43
2019-12-10 23:00,120
2019-12-11 0:00,31
2019-12-11 1:00,31
2019-12-11 2:00,17
2019-12-11 3:00,17
2019-12-11 4:00,38
2019-12-11 5:00,18
2019-12-11 6:00,24
2019-12-11 7:00,14
2019-12-11 8:00,5
2019-12-11 9:00,6
2019-12-11 10:00,11
2019-12-11 11:00,7
2019-12-11 12:00,15
2019-12-11 13:00,15
2019-12-11 14:00,16
2019-12-11 15:00,15
2019-12-11 16:00,38
2019-12-11 17:00,44
2019-12-11 18:00,27
2019-12-11 19:00,74
2019-12-11 20:00,72
2019-12-11 21:00,7
2019-12-11 22:00,6
2019-12-11 23:00,4
2019-12-12 0:00,6
2019-12-12 1:00,7
2019-12-12 2:00,4
2019-12-12 3:00,72
2019-12-12 4:00,12
2019-12-12 5:00,12
2019-12-12 6:00,12
2019-12-12 7:00,29
2019-12-12 8:00,29
2019-12-12 9:00,14
2019-12-12 10:00,15
2019-12-12 11:00,4
2019-12-12 12:00,7
2019-12-12 13:00,6
2019-12-12 14:00,25
2019-12-12 15:00,20
2019-12-12 16:00,20
2019-12-12 17:00,20
2019-12-12 18:00,20
2019-12-12 19:00,20
2019-12-12 20:00,20
2019-12-12 21:00,20
2019-12-12 22:00,20
2019-12-12 23:00,20
2019-12-13 0:00,20
2019-12-13 1:00,20
2019-12-13 2:00,20
2019-12-13 3:00,20
2019-12-13 4:00,20
2019-12-13 5:00,20
2019-12-13 6:00,20
2019-12-13 7:00,20
2019-12-13 8:00,20
2019-12-13 9:00,20
2019-12-13 10:00,20
2019-12-13 11:00,20
2019-12-13 12:00,20
2019-12-13 13:00,20
2019-12-13 14:00,20
2019-12-13 15:00,20
2019-12-13 16:00,20
2019-12-13 17:00,9
2019-12-13 18:00,13
2019-12-13 19:00,7
2019-12-13 20:00,7
2019-12-13 21:00,70
2019-12-13 22:00,70
2019-12-13 23:00,6
2019-12-14 0:00,7
2019-12-14 1:00,4
2019-12-14 2:00,7
2019-12-14 3:00,4
2019-12-14 4:00,5
2019-12-14 5:00,4
2019-12-14 6:00,4
2019-12-14 7:00,4
2019-12-14 8:00,42
2019-12-14 9:00,42
2019-12-14 10:00,4
2019-12-14 11:00,4
2019-12-14 12:00,4
2019-12-14 13:00,4
2019-12-14 14:00,4
2019-12-14 15:00,4
2019-12-14 16:00,5
2019-12-14 17:00,11
2019-12-14 18:00,10
2019-12-14 19:00,8
2019-12-14 20:00,10
2019-12-14 21:00,7
2019-12-14 22:00,9
2019-12-14 23:00,5
2019-12-15 0:00,7
2019-12-15 1:00,4
2019-12-15 2:00,6
2019-12-15 3:00,4
2019-12-15 4:00,6
2019-12-15 5:00,5
2019-12-15 6:00,5
2019-12-15 7:00,4
2019-12-15 8:00,4
2019-12-15 9:00,4
2019-12-15 10:00,4
2019-12-15 11:00,4
2019-12-15 12:00,4
2019-12-15 13:00,4
2019-12-15 14:00,4
2019-12-15 15:00,4
2019-12-15 16:00,5
2019-12-15 17:00,9
2019-12-15 18:00,9
2019-12-15 19:00,7
2019-12-15 20:00,8
2019-12-15 21:00,7
2019-12-15 22:00,8
2019-12-15 23:00,7
2019-12-16 0:00,6
2019-12-16 1:00,4
2019-12-16 2:00,4
2019-12-16 3:00,7
2019-12-16 4:00,4
2019-12-16 5:00,5
2019-12-16 6:00,4
2019-12-16 7:00,4
2019-12-16 8:00,4
2019-12-16 9:00,4
2019-12-16 10:00,4
2019-12-16 11:00,4
2019-12-16 12:00,4
2019-12-16 13:00,5
2019-12-16 14:00,4
2019-12-16 15:00,4
2019-12-16 16:00,20
2019-12-16 17:00,25
2019-12-16 18:00,26
2019-12-16 19:00,8
2019-12-16 20:00,8
2019-12-16 21:00,7
2019-12-16 22:00,8
2019-12-16 23:00,8
2019-12-17 0:00,6
2019-12-17 1:00,5
2019-12-17 2:00,5
2019-12-17 3:00,4
2019-12-17 4:00,6
2019-12-17 5:00,4
2019-12-17 6:00,5
2019-12-17 7:00,5
2019-12-17 8:00,4
2019-12-17 9:00,4
2019-12-17 10:00,4
2019-12-17 11:00,4
2019-12-17 12:00,4
2019-12-17 13:00,4
2019-12-17 14:00,5
2019-12-17 15:00,4
2019-12-17 16:00,4
2019-12-17 17:00,11
2019-12-17 18:00,10
2019-12-17 19:00,8
2019-12-17 20:00,8
2019-12-17 21:00,9
2019-12-17 22:00,7
2019-12-17 23:00,7
2019-12-18 0:00,8
2019-12-18 1:00,9
2019-12-18 2:00,7
2019-12-18 3:00,7
2019-12-18 4:00,7
2019-12-18 5:00,7
2019-12-18 6:00,6
2019-12-18 7:00,6
2019-12-18 8:00,7
2019-12-18 9:00,5
2019-12-18 10:00,4
2019-12-18 11:00,6
2019-12-18 12:00,4
2019-12-18 13:00,4
2019-12-18 14:00,4
2019-12-18 15:00,4
2019-12-18 16:00,4
2019-12-18 17:00,11
2019-12-18 18:00,10
2019-12-18 19:00,25
2019-12-18 20:00,25
2019-12-18 21:00,25
2019-12-18 22:00,25
2019-12-18 23:00,25
2019-12-19 0:00,30
2019-12-19 1:00,24
2019-12-19 2:00,24
2019-12-19 3:00,23
2019-12-19 4:00,8
2019-12-19 5:00,8
2019-12-19 6:00,10
2019-12-19 7:00,9
2019-12-19 8:00,7
2019-12-19 9:00,7
2019-12-19 10:00,9
2019-12-19 11:00,5
2019-12-19 12:00,7
2019-12-19 13:00,26
2019-12-19 14:00,34
2019-12-19 15:00,4
2019-12-19 16:00,6
2019-12-19 17:00,26
2019-12-19 18:00,30
2019-12-19 19:00,25
2019-12-19 20:00,25
2019-12-19 21:00,26
2019-12-19 22:00,28
2019-12-19 23:00,29
2019-12-20 0:00,7
2019-12-20 1:00,7
2019-12-20 2:00,9
2019-12-20 3:00,6
2019-12-20 4:00,4
2019-12-20 5:00,4
2019-12-20 6:00,5
2019-12-20 7:00,4
2019-12-20 8:00,4
2019-12-20 9:00,4
2019-12-20 10:00,4
2019-12-20 11:00,4
2019-12-20 12:00,4
2019-12-20 13:00,4
2019-12-20 14:00,4
2019-12-20 15:00,4
2019-12-20 16:00,4
2019-12-20 17:00,11
2019-12-20 18:00,14
2019-12-20 19:00,7
2019-12-20 20:00,8
2019-12-20 21:00,9
2019-12-20 22:00,7
2019-12-20 23:00,9
2019-12-21 0:00,7
2019-12-21 1:00,6
2019-12-21 2:00,5
2019-12-21 3:00,21
2019-12-21 4:00,21
2019-12-21 5:00,4
2019-12-21 6:00,4
2019-12-21 7:00,4
2019-12-21 8:00,4
2019-12-21 9:00,4
2019-12-21 10:00,13
2019-12-21 11:00,13
2019-12-21 12:00,4
2019-12-21 13:00,4
2019-12-21 14:00,4
2019-12-21 15:00,12
2019-12-21 16:00,22
2019-12-21 17:00,21
2019-12-21 18:00,24
2019-12-21 19:00,19
2019-12-21 20:00,19
2019-12-21 21:00,20
2019-12-21 22:00,19
2019-12-21 23:00,8
2019-12-22 0:00,6
2019-12-22 1:00,7
2019-12-22 2:00,4
2019-12-22 3:00,6
2019-12-22 4:00,4
2019-12-22 5:00,4
2019-12-22 6:00,5
2019-12-22 7:00,13
2019-12-22 8:00,13
2019-12-22 9:00,13
2019-12-22 10:00,13
2019-12-22 11:00,16
2019-12-22 12:00,15
2019-12-22 13:00,4
2019-12-22 14:00,4
2019-12-22 15:00,4
2019-12-22 16:00,4
2019-12-22 17:00,15
2019-12-22 18:00,15
2019-12-22 19:00,9
2019-12-22 20:00,9
2019-12-22 21:00,17
2019-12-22 22:00,15
2019-12-22 23:00,7
2019-12-23 0:00,8
2019-12-23 1:00,7
2019-12-23 2:00,7
2019-12-23 3:00,7
2019-12-23 4:00,13
2019-12-23 5:00,15
2019-12-23 6:00,13
2019-12-23 7:00,5
2019-12-23 8:00,5
2019-12-23 9:00,5
2019-12-23 10:00,14
2019-12-23 11:00,14
2019-12-23 12:00,4
2019-12-23 13:00,4
2019-12-23 14:00,4
2019-12-23 15:00,4
2019-12-23 16:00,5
2019-12-23 17:00,9
2019-12-23 18:00,10
2019-12-23 19:00,25
2019-12-23 20:00,14
2019-12-23 21:00,16
2019-12-23 22:00,8
2019-12-23 23:00,9
2019-12-24 0:00,6
2019-12-24 1:00,8
2019-12-24 2:00,5
2019-12-24 3:00,5
2019-12-24 4:00,4
2019-12-24 5:00,16
2019-12-24 6:00,5
2019-12-24 7:00,4
2019-12-24 8:00,4
2019-12-24 9:00,4
2019-12-24 10:00,12
2019-12-24 11:00,4
2019-12-24 12:00,4
2019-12-24 13:00,7
2019-12-24 14:00,7
2019-12-24 15:00,7
2019-12-24 16:00,15
2019-12-24 17:00,11
2019-12-24 18:00,11
2019-12-24 19:00,10
2019-12-24 20:00,9
2019-12-24 21:00,10
2019-12-24 22:00,10
2019-12-24 23:00,8
2019-12-25 0:00,6
2019-12-25 1:00,8
2019-12-25 2:00,4
2019-12-25 3:00,6
2019-12-25 4:00,5
2019-12-25 5:00,4
2019-12-25 6:00,4
2019-12-25 7:00,4
2019-12-25 8:00,12
2019-12-25 9:00,12
2019-12-25 10:00,4
2019-12-25 11:00,4
2019-12-25 12:00,4
2019-12-25 13:00,4
2019-12-25 14:00,4
2019-12-25 15:00,5
2019-12-25 16:00,4
2019-12-25 17:00,20
2019-12-25 18:00,18
2019-12-25 19:00,18
2019-12-25 20:00,7
2019-12-25 21:00,7
2019-12-25 22:00,7
2019-12-25 23:00,15
2019-12-26 0:00,15
2019-12-26 1:00,15
2019-12-26 2:00,18
2019-12-26 3:00,17
2019-12-26 4:00,5
2019-12-26 5:00,4
2019-12-26 6:00,4
2019-12-26 7:00,4
2019-12-26 8:00,4
2019-12-26 9:00,8
2019-12-26 10:00,8
2019-12-26 11:00,6
2019-12-26 12:00,6
2019-12-26 13:00,4
2019-12-26 14:00,15
2019-12-26 15:00,14
2019-12-26 16:00,14
2019-12-26 17:00,10
2019-12-26 18:00,13
2019-12-26 19:00,7
2019-12-26 20:00,9
2019-12-26 21:00,8
2019-12-26 22:00,9
2019-12-26 23:00,7
2019-12-27 0:00,16
2019-12-27 1:00,7
2019-12-27 2:00,7
2019-12-27 3:00,8
2019-12-27 4:00,4
2019-12-27 5:00,4
2019-12-27 6:00,10
2019-12-27 7:00,12
2019-12-27 8:00,4
2019-12-27 9:00,4
2019-12-27 10:00,4
2019-12-27 11:00,11
2019-12-27 12:00,12
2019-12-27 13:00,4
2019-12-27 14:00,4
2019-12-27 15:00,5
2019-12-27 16:00,16
2019-12-27 17:00,21
2019-12-27 18:00,13
2019-12-27 19:00,8
2019-12-27 20:00,16
2019-12-27 21:00,9
2019-12-27 22:00,5
2019-12-27 23:00,6
2019-12-28 0:00,15
2019-12-28 1:00,6
2019-12-28 2:00,11
2019-12-28 3:00,14
2019-12-28 4:00,11
2019-12-28 5:00,17
2019-12-28 6:00,14
2019-12-28 7:00,4
2019-12-28 8:00,4
2019-12-28 9:00,4
2019-12-28 10:00,14
2019-12-28 11:00,4
2019-12-28 12:00,4
2019-12-28 13:00,5
2019-12-28 14:00,4
2019-12-28 15:00,4
2019-12-28 16:00,4
2019-12-28 17:00,26
2019-12-28 18:00,14
2019-12-28 19:00,10
2019-12-28 20:00,15
2019-12-28 21:00,8
2019-12-28 22:00,10
2019-12-28 23:00,17
2019-12-29 0:00,5
2019-12-29 1:00,6
2019-12-29 2:00,4
2019-12-29 3:00,6
2019-12-29 4:00,12
2019-12-29 5:00,16
2019-12-29 6:00,4
2019-12-29 7:00,4
2019-12-29 8:00,4
2019-12-29 9:00,9
2019-12-29 10:00,14
2019-12-29 11:00,14
2019-12-29 12:00,4
2019-12-29 13:00,4
2019-12-29 14:00,4
2019-12-29 15:00,4
2019-12-29 16:00,4
2019-12-29 17:00,21
2019-12-29 18:00,18
2019-12-29 19:00,12
2019-12-29 20:00,11
2019-12-29 21:00,22
2019-12-29 22:00,13
2019-12-29 23:00,6
2019-12-30 0:00,7
2019-12-30 1:00,15
2019-12-30 2:00,16
2019-12-30 3:00,17
2019-12-30 4:00,14
2019-12-30 5:00,7
2019-12-30 6:00,8
2019-12-30 7:00,8
2019-12-30 8:00,8
2019-12-30 9:00,14
2019-12-30 10:00,4
2019-12-30 11:00,4
2019-12-30 12:00,7
2019-12-30 13:00,6
2019-12-30 14:00,6
2019-12-30 15:00,4
2019-12-30 16:00,21
2019-12-30 17:00,23
2019-12-30 18:00,23
2019-12-30 19:00,17
2019-12-30 20:00,13
2019-12-30 21:00,12
2019-12-30 22:00,8
2019-12-30 23:00,7
2019-12-31 0:00,6
2019-12-31 1:00,18
2019-12-31 2:00,20
2019-12-31 3:00,16
2019-12-31 4:00,21
2019-12-31 5:00,5
2019-12-31 6:00,5
2019-12-31 7:00,4
2019-12-31 8:00,4
2019-12-31 9:00,13
2019-12-31 10:00,12
2019-12-31 11:00,12
2019-12-31 12:00,4
2019-12-31 13:00,5
2019-12-31 14:00,4
2019-12-31 15:00,4
2019-12-31 16:00,17
2019-12-31 17:00,11
2019-12-31 18:00,8
2019-12-31 19:00,12
2019-12-31 20:00,10
2019-12-31 21:00,8
2019-12-31 22:00,6
2019-12-31 23:00,4
2020-01-01 0:00,5
2020-01-01 1:00,10
2020-01-01 2:00,4
2020-01-01 3:00,10
2020-01-01 4:00,12
2020-01-01 5:00,12
2020-01-01 6:00,4
2020-01-01 7:00,5
2020-01-01 8:00,5
2020-01-01 9:00,12
2020-01-01 10:00,12
2020-01-01 11:00,6
2020-01-01 12:00,6
2020-01-01 13:00,4
2020-01-01 14:00,4
2020-01-01 15:00,4
2020-01-01 16:00,4
2020-01-01 17:00,19
2020-01-01 18:00,20
2020-01-01 19:00,18
2020-01-01 20:00,22
2020-01-01 21:00,11
2020-01-01 22:00,13
2020-01-01 23:00,7
2020-01-02 0:00,7
2020-01-02 1:00,4
2020-01-02 2:00,5
2020-01-02 3:00,4
2020-01-02 4:00,6
2020-01-02 5:00,5
2020-01-02 6:00,12
2020-01-02 7:00,4
2020-01-02 8:00,4
2020-01-02 9:00,4
2020-01-02 10:00,15
2020-01-02 11:00,4
2020-01-02 12:00,4
2020-01-02 13:00,4
2020-01-02 14:00,9
2020-01-02 15:00,4
2020-01-02 16:00,26
2020-01-02 17:00,22
2020-01-02 18:00,23
2020-01-02 19:00,36
2020-01-02 20:00,11
2020-01-02 21:00,8
2020-01-02 22:00,8
2020-01-02 23:00,5
2020-01-03 0:00,7
2020-01-03 1:00,4
2020-01-03 2:00,16
2020-01-03 3:00,19
2020-01-03 4:00,12
2020-01-03 5:00,4
2020-01-03 6:00,5
2020-01-03 7:00,8
2020-01-03 8:00,4
2020-01-03 9:00,4
2020-01-03 10:00,11
2020-01-03 11:00,4
2020-01-03 12:00,8
2020-01-03 13:00,8
2020-01-03 14:00,8
2020-01-03 15:00,8
2020-01-03 16:00,4
2020-01-03 17:00,22
2020-01-03 18:00,13
2020-01-03 19:00,7
2020-01-03 20:00,10
2020-01-03 21:00,7
2020-01-03 22:00,8
2020-01-03 23:00,8
2020-01-04 0:00,6
2020-01-04 1:00,24
2020-01-04 2:00,6
2020-01-04 3:00,4
2020-01-04 4:00,7
2020-01-04 5:00,7
2020-01-04 6:00,12
2020-01-04 7:00,9
2020-01-04 8:00,15
2020-01-04 9:00,16
2020-01-04 10:00,5
2020-01-04 11:00,4
2020-01-04 12:00,4
2020-01-04 13:00,4
2020-01-04 14:00,4
2020-01-04 15:00,4
2020-01-04 16:00,4
2020-01-04 17:00,11
2020-01-04 18:00,14
2020-01-04 19:00,12
2020-01-04 20:00,9
2020-01-04 21:00,8
2020-01-04 22:00,8
2020-01-04 23:00,9
2020-01-05 0:00,18
2020-01-05 1:00,6
2020-01-05 2:00,4
2020-01-05 3:00,7
2020-01-05 4:00,5
2020-01-05 5:00,9
2020-01-05 6:00,8
2020-01-05 7:00,8
2020-01-05 8:00,13
2020-01-05 9:00,4
2020-01-05 10:00,4
2020-01-05 11:00,5
2020-01-05 12:00,4
2020-01-05 13:00,4
2020-01-05 14:00,5
2020-01-05 15:00,4
2020-01-05 16:00,4
2020-01-05 17:00,9
2020-01-05 18:00,9
2020-01-05 19:00,11
2020-01-05 20:00,17
2020-01-05 21:00,17
2020-01-05 22:00,15
2020-01-05 23:00,15
2020-01-06 0:00,13
2020-01-06 1:00,10
2020-01-06 2:00,11
2020-01-06 3:00,13
2020-01-06 4:00,10
2020-01-06 5:00,10
2020-01-06 6:00,4
2020-01-06 7:00,4
2020-01-06 8:00,4
2020-01-06 9:00,4
2020-01-06 10:00,4
2020-01-06 11:00,4
2020-01-06 12:00,4
2020-01-06 13:00,4
2020-01-06 14:00,5
2020-01-06 15:00,4
2020-01-06 16:00,4
2020-01-06 17:00,9
2020-01-06 18:00,9
2020-01-06 19:00,14
2020-01-06 20:00,8
2020-01-06 21:00,8
2020-01-06 22:00,7
2020-01-06 23:00,8
2020-01-07 0:00,8
2020-01-07 1:00,7
2020-01-07 2:00,7
2020-01-07 3:00,4
2020-01-07 4:00,5
2020-01-07 5:00,4
2020-01-07 6:00,6
2020-01-07 7:00,5
2020-01-07 8:00,4
2020-01-07 9:00,4
2020-01-07 10:00,4
2020-01-07 11:00,4
2020-01-07 12:00,4
2020-01-07 13:00,4
2020-01-07 14:00,4
2020-01-07 15:00,4
2020-01-07 16:00,4
2020-01-07 17:00,4
2020-01-07 18:00,4
2020-01-07 19:00,4
2020-01-07 20:00,4
2020-01-07 21:00,4
2020-01-07 22:00,4
2020-01-07 23:00,4
2020-01-08 0:00,4
2020-01-08 1:00,4
2020-01-08 2:00,4
2020-01-08 3:00,4
2020-01-08 4:00,4
2020-01-08 5:00,4
2020-01-08 6:00,4
2020-01-08 7:00,4
2020-01-08 8:00,4
2020-01-08 9:00,4
2020-01-08 10:00,4
2020-01-08 11:00,4
2020-01-08 12:00,4
2020-01-08 13:00,4
2020-01-08 14:00,4
2020-01-08 15:00,4
2020-01-08 16:00,4
2020-01-08 17:00,4
2020-01-08 18:00,4
2020-01-08 19:00,4
2020-01-08 20:00,4
2020-01-08 21:00,4
2020-01-08 22:00,4
2020-01-08 23:00,4
2020-01-09 0:00,4
2020-01-09 1:00,4
2020-01-09 2:00,4
2020-01-09 3:00,4
2020-01-09 4:00,4
2020-01-09 5:00,4
2020-01-09 6:00,4
2020-01-09 7:00,4
2020-01-09 8:00,4
2020-01-09 9:00,4
2020-01-09 10:00,4
2020-01-09 11:00,4
2020-01-09 12:00,4
2020-01-09 13:00,4
2020-01-09 14:00,4
2020-01-09 15:00,4
2020-01-09 16:00,4
2020-01-09 17:00,4
2020-01-09 18:00,4
2020-01-09 19:00,4
2020-01-09 20:00,4
2020-01-09 21:00,4
2020-01-09 22:00,4
2020-01-09 23:00,4
2020-01-10 0:00,4
2020-01-10 1:00,4
2020-01-10 2:00,4
2020-01-10 3:00,4
2020-01-10 4:00,4
2020-01-10 5:00,4
2020-01-10 6:00,4
2020-01-10 7:00,4
2020-01-10 8:00,4
2020-01-10 9:00,4
2020-01-10 10:00,4
2020-01-10 11:00,4
2020-01-10 12:00,4
2020-01-10 13:00,4
2020-01-10 14:00,4
2020-01-10 15:00,4
2020-01-10 16:00,4
2020-01-10 17:00,209
2020-01-10 18:00,152
2020-01-10 19:00,105
2020-01-10 20:00,62
2020-01-10 21:00,28
2020-01-10 22:00,22
2020-01-10 23:00,21
2020-01-11 0:00,22
2020-01-11 1:00,17
2020-01-11 2:00,15
2020-01-11 3:00,18
2020-01-11 4:00,16
2020-01-11 5:00,16
2020-01-11 6:00,17
2020-01-11 7:00,16
2020-01-11 8:00,16
2020-01-11 9:00,54
2020-01-11 10:00,74
2020-01-11 11:00,88
2020-01-11 12:00,104
2020-01-11 13:00,90
2020-01-11 14:00,122
2020-01-11 15:00,142
2020-01-11 16:00,133
2020-01-11 17:00,144
2020-01-11 18:00,103
2020-01-11 19:00,39
2020-01-11 20:00,40
2020-01-11 21:00,37
2020-01-11 22:00,35
2020-01-11 23:00,16
2020-01-12 0:00,15
2020-01-12 1:00,15
2020-01-12 2:00,15
2020-01-12 3:00,16
2020-01-12 4:00,14
2020-01-12 5:00,14
2020-01-12 6:00,14
2020-01-12 7:00,17
2020-01-12 8:00,14
2020-01-12 9:00,19
2020-01-12 10:00,29
2020-01-12 11:00,52
2020-01-12 12:00,70
2020-01-12 13:00,60
2020-01-12 14:00,64
2020-01-12 15:00,68
2020-01-12 16:00,83
2020-01-12 17:00,70
2020-01-12 18:00,50
2020-01-12 19:00,59
2020-01-12 20:00,53
2020-01-12 21:00,42
2020-01-12 22:00,30
2020-01-12 23:00,25
2020-01-13 0:00,16
2020-01-13 1:00,16
2020-01-13 2:00,16
2020-01-13 3:00,14
2020-01-13 4:00,13
2020-01-13 5:00,13
2020-01-13 6:00,13
2020-01-13 7:00,15
2020-01-13 8:00,36
2020-01-13 9:00,96
2020-01-13 10:00,246
2020-01-13 11:00,455
2020-01-13 12:00,397
2020-01-13 13:00,408
2020-01-13 14:00,560
2020-01-13 15:00,417
2020-01-13 16:00,379
2020-01-13 17:00,401
2020-01-13 18:00,288
2020-01-13 19:00,194
2020-01-13 20:00,234
2020-01-13 21:00,138
2020-01-13 22:00,33
2020-01-13 23:00,21
2020-01-14 0:00,19
2020-01-14 1:00,18
2020-01-14 2:00,18
2020-01-14 3:00,15
2020-01-14 4:00,14
2020-01-14 5:00,15
2020-01-14 6:00,16
2020-01-14 7:00,13
2020-01-14 8:00,40
2020-01-14 9:00,153
2020-01-14 10:00,254
2020-01-14 11:00,299
2020-01-14 12:00,333
2020-01-14 13:00,332
2020-01-14 14:00,333
2020-01-14 15:00,334
2020-01-14 16:00,353
2020-01-14 17:00,190
2020-01-14 18:00,188
2020-01-14 19:00,189
2020-01-14 20:00,187
2020-01-14 21:00,92
2020-01-14 22:00,90
2020-01-14 23:00,85
2020-01-15 0:00,23
2020-01-15 1:00,7
2020-01-15 2:00,17
2020-01-15 3:00,16
2020-01-15 4:00,18
2020-01-15 5:00,17
2020-01-15 6:00,15
2020-01-15 7:00,19
2020-01-15 8:00,22
2020-01-15 9:00,29
2020-01-15 10:00,26
2020-01-15 11:00,26
2020-01-15 12:00,26
2020-01-15 13:00,148
2020-01-15 14:00,148
2020-01-15 15:00,93
2020-01-15 16:00,93
2020-01-15 17:00,97
2020-01-15 18:00,97
2020-01-15 19:00,268
2020-01-15 20:00,5
2020-01-15 21:00,3
2020-01-15 22:00,54
2020-01-15 23:00,30
2020-01-16 0:00,22
2020-01-16 1:00,23
2020-01-16 2:00,23
2020-01-16 3:00,19
2020-01-16 4:00,22
2020-01-16 5:00,19
2020-01-16 6:00,18
2020-01-16 7:00,9
2020-01-16 8:00,22
2020-01-16 9:00,44
2020-01-16 10:00,44
2020-01-16 11:00,133
2020-01-16 12:00,3
2020-01-16 13:00,3
2020-01-16 14:00,3
2020-01-16 15:00,441
2020-01-16 16:00,431
2020-01-16 17:00,305
2020-01-16 18:00,212
2020-01-16 19:00,192
2020-01-16 20:00,168
2020-01-16 21:00,98
2020-01-16 22:00,32
2020-01-16 23:00,31
2020-01-17 0:00,26
2020-01-17 1:00,25
2020-01-17 2:00,25
2020-01-17 3:00,21
2020-01-17 4:00,19
2020-01-17 5:00,19
2020-01-17 6:00,19
2020-01-17 7:00,15
2020-01-17 8:00,49
2020-01-17 9:00,199
2020-01-17 10:00,288
2020-01-17 11:00,312
2020-01-17 12:00,255
2020-01-17 13:00,242
2020-01-17 14:00,312
2020-01-17 15:00,246
2020-01-17 16:00,220
2020-01-17 17:00,187
2020-01-17 18:00,133
2020-01-17 19:00,183
2020-01-17 20:00,147
2020-01-17 21:00,79
2020-01-17 22:00,28
2020-01-17 23:00,29
2020-01-18 0:00,27
2020-01-18 1:00,28
2020-01-18 2:00,27
2020-01-18 3:00,25
2020-01-18 4:00,23
2020-01-18 5:00,24
2020-01-18 6:00,24
2020-01-18 7:00,22
2020-01-18 8:00,24
2020-01-18 9:00,29
2020-01-18 10:00,46
2020-01-18 11:00,64
2020-01-18 12:00,107
2020-01-18 13:00,110
2020-01-18 14:00,110
2020-01-18 15:00,105
2020-01-18 16:00,94
2020-01-18 17:00,70
2020-01-18 18:00,63
2020-01-18 19:00,44
2020-01-18 20:00,36
2020-01-18 21:00,38
2020-01-18 22:00,35
2020-01-18 23:00,34
2020-01-19 0:00,26
2020-01-19 1:00,25
2020-01-19 2:00,24
2020-01-19 3:00,22
2020-01-19 4:00,22
2020-01-19 5:00,24
2020-01-19 6:00,29
2020-01-19 7:00,29
2020-01-19 8:00,31
2020-01-19 9:00,14
2020-01-19 10:00,16
2020-01-19 11:00,18
2020-01-19 12:00,27
2020-01-19 13:00,44
2020-01-19 14:00,50
2020-01-19 15:00,58
2020-01-19 16:00,60
2020-01-19 17:00,58
2020-01-19 18:00,59
2020-01-19 19:00,44
2020-01-19 20:00,34
2020-01-19 21:00,44
2020-01-19 22:00,36
2020-01-19 23:00,28
2020-01-20 0:00,22
2020-01-20 1:00,16
2020-01-20 2:00,13
2020-01-20 3:00,12
2020-01-20 4:00,12
2020-01-20 5:00,12
2020-01-20 6:00,13
2020-01-20 7:00,15
2020-01-20 8:00,39
2020-01-20 9:00,206
2020-01-20 10:00,421
2020-01-20 11:00,434
2020-01-20 12:00,415
2020-01-20 13:00,498
2020-01-20 14:00,626
2020-01-20 15:00,529
2020-01-20 16:00,382
2020-01-20 17:00,424
2020-01-20 18:00,217
2020-01-20 19:00,193
2020-01-20 20:00,225
2020-01-20 21:00,89
2020-01-20 22:00,39
2020-01-20 23:00,33
2020-01-21 0:00,22
2020-01-21 1:00,21
2020-01-21 2:00,19
2020-01-21 3:00,19
2020-01-21 4:00,17
2020-01-21 5:00,22
2020-01-21 6:00,19
2020-01-21 7:00,20
2020-01-21 8:00,41
2020-01-21 9:00,217
2020-01-21 10:00,322
2020-01-21 11:00,501
2020-01-21 12:00,382
2020-01-21 13:00,416
2020-01-21 14:00,453
2020-01-21 15:00,539
2020-01-21 16:00,469
2020-01-21 17:00,418
2020-01-21 18:00,388
2020-01-21 19:00,278
2020-01-21 20:00,248
2020-01-21 21:00,87
2020-01-21 22:00,40
2020-01-21 23:00,29
2020-01-22 0:00,31
2020-01-22 1:00,27
2020-01-22 2:00,22
2020-01-22 3:00,25
2020-01-22 4:00,27
2020-01-22 5:00,27
2020-01-22 6:00,28
2020-01-22 7:00,32
2020-01-22 8:00,47
2020-01-22 9:00,211
2020-01-22 10:00,347
2020-01-22 11:00,425
2020-01-22 12:00,557
2020-01-22 13:00,514
2020-01-22 14:00,578
2020-01-22 15:00,516
2020-01-22 16:00,414
2020-01-22 17:00,362
2020-01-22 18:00,277
2020-01-22 19:00,240
2020-01-22 20:00,228
2020-01-22 21:00,92
2020-01-22 22:00,26
2020-01-22 23:00,22
2020-01-23 0:00,21
2020-01-23 1:00,20
2020-01-23 2:00,22
2020-01-23 3:00,16
2020-01-23 4:00,16
2020-01-23 5:00,16
2020-01-23 6:00,18
2020-01-23 7:00,20
2020-01-23 8:00,31
2020-01-23 9:00,126
2020-01-23 10:00,282
2020-01-23 11:00,357
2020-01-23 12:00,357
2020-01-23 13:00,425
2020-01-23 14:00,379
2020-01-23 15:00,503
2020-01-23 16:00,441
2020-01-23 17:00,388
2020-01-23 18:00,391
2020-01-23 19:00,247
2020-01-23 20:00,181
2020-01-23 21:00,112
2020-01-23 22:00,45
2020-01-23 23:00,41
2020-01-24 0:00,24
2020-01-24 1:00,20
2020-01-24 2:00,24
2020-01-24 3:00,23
2020-01-24 4:00,19
2020-01-24 5:00,22
2020-01-24 6:00,21
2020-01-24 7:00,20
2020-01-24 8:00,33
2020-01-24 9:00,208
2020-01-24 10:00,240
2020-01-24 11:00,278
2020-01-24 12:00,359
2020-01-24 13:00,342
2020-01-24 14:00,344
2020-01-24 15:00,275
2020-01-24 16:00,301
2020-01-24 17:00,194
2020-01-24 18:00,108
2020-01-24 19:00,78
2020-01-24 20:00,72
2020-01-24 21:00,52
2020-01-24 22:00,42
2020-01-24 23:00,33
2020-01-25 0:00,26
2020-01-25 1:00,18
2020-01-25 2:00,17
2020-01-25 3:00,18
2020-01-25 4:00,17
2020-01-25 5:00,17
2020-01-25 6:00,15
2020-01-25 7:00,21
2020-01-25 8:00,27
2020-01-25 9:00,78
2020-01-25 10:00,93
2020-01-25 11:00,103
2020-01-25 12:00,115
2020-01-25 13:00,117
2020-01-25 14:00,130
2020-01-25 15:00,128
2020-01-25 16:00,112
2020-01-25 17:00,107
2020-01-25 18:00,47
2020-01-25 19:00,47
2020-01-25 20:00,43
2020-01-25 21:00,41
2020-01-25 22:00,29
2020-01-25 23:00,21
2020-01-26 0:00,22
2020-01-26 1:00,19
2020-01-26 2:00,20
2020-01-26 3:00,19
2020-01-26 4:00,20
2020-01-26 5:00,18
2020-01-26 6:00,18
2020-01-26 7:00,18
2020-01-26 8:00,19
2020-01-26 9:00,31
2020-01-26 10:00,38
2020-01-26 11:00,40
2020-01-26 12:00,55
2020-01-26 13:00,77
2020-01-26 14:00,86
2020-01-26 15:00,100
2020-01-26 16:00,93
2020-01-26 17:00,80
2020-01-26 18:00,82
2020-01-26 19:00,61
2020-01-26 20:00,53
2020-01-26 21:00,46
2020-01-26 22:00,31
2020-01-26 23:00,24
2020-01-27 0:00,17
2020-01-27 1:00,17
2020-01-27 2:00,18
2020-01-27 3:00,17
2020-01-27 4:00,17
2020-01-27 5:00,18
2020-01-27 6:00,16
2020-01-27 7:00,21
2020-01-27 8:00,36
2020-01-27 9:00,199
2020-01-27 10:00,376
2020-01-27 11:00,476
2020-01-27 12:00,469
2020-01-27 13:00,561
2020-01-27 14:00,700
2020-01-27 15:00,587
2020-01-27 16:00,470
2020-01-27 17:00,500
2020-01-27 18:00,280
2020-01-27 19:00,239
2020-01-27 20:00,225
2020-01-27 21:00,127
2020-01-27 22:00,47
2020-01-27 23:00,29
2020-01-28 0:00,24
2020-01-28 1:00,21
2020-01-28 2:00,21
2020-01-28 3:00,21
2020-01-28 4:00,20
2020-01-28 5:00,20
2020-01-28 6:00,19
2020-01-28 7:00,18
2020-01-28 8:00,60
2020-01-28 9:00,216
2020-01-28 10:00,366
2020-01-28 11:00,589
2020-01-28 12:00,410
2020-01-28 13:00,423
2020-01-28 14:00,427
2020-01-28 15:00,593
2020-01-28 16:00,545
2020-01-28 17:00,516
2020-01-28 18:00,416
2020-01-28 19:00,324
2020-01-28 20:00,271
2020-01-28 21:00,139
2020-01-28 22:00,75
2020-01-28 23:00,60
2020-01-29 0:00,43
2020-01-29 1:00,31
2020-01-29 2:00,26
2020-01-29 3:00,25
2020-01-29 4:00,24
2020-01-29 5:00,21
2020-01-29 6:00,23
2020-01-29 7:00,23
2020-01-29 8:00,52
2020-01-29 9:00,171
2020-01-29 10:00,332
2020-01-29 11:00,403
2020-01-29 12:00,553
2020-01-29 13:00,667
2020-01-29 14:00,564
2020-01-29 15:00,550
2020-01-29 16:00,535
2020-01-29 17:00,474
2020-01-29 18:00,335
2020-01-29 19:00,297
2020-01-29 20:00,215
2020-01-29 21:00,87
2020-01-29 22:00,48
2020-01-29 23:00,30
2020-01-30 0:00,29
2020-01-30 1:00,25
2020-01-30 2:00,26
2020-01-30 3:00,26
2020-01-30 4:00,26
2020-01-30 5:00,25
2020-01-30 6:00,24
2020-01-30 7:00,25
2020-01-30 8:00,41
2020-01-30 9:00,166
2020-01-30 10:00,302
2020-01-30 11:00,408
2020-01-30 12:00,417
2020-01-30 13:00,425
2020-01-30 14:00,429
2020-01-30 15:00,556
2020-01-30 16:00,480
2020-01-30 17:00,447
2020-01-30 18:00,357
2020-01-30 19:00,342
2020-01-30 20:00,280
2020-01-30 21:00,207
2020-01-30 22:00,98
2020-01-30 23:00,50
2020-01-31 0:00,45
2020-01-31 1:00,39
2020-01-31 2:00,40
2020-01-31 3:00,36
2020-01-31 4:00,35
2020-01-31 5:00,35
2020-01-31 6:00,35
2020-01-31 7:00,36
2020-01-31 8:00,52
2020-01-31 9:00,174
2020-01-31 10:00,254
2020-01-31 11:00,313
2020-01-31 12:00,327
2020-01-31 13:00,354
2020-01-31 14:00,386
2020-01-31 15:00,314
2020-01-31 16:00,295
2020-01-31 17:00,210
2020-01-31 18:00,155
2020-01-31 19:00,117
2020-01-31 20:00,82
2020-01-31 21:00,57
2020-01-31 22:00,50
2020-01-31 23:00,36
