Time,PIR_C104A,PIR_C104,PIR_C106,PIR_C106,PIR_C000,PIR_C101,PIR_C101,PIR_C101C,PIR_C103,PIR_C108,PIR_C110,PIR_C111,PIR_C201,PIR_C202,PIR_C203,PIR_C204,PIR_C205,PIR_C207,PIR_C911A,PIR_C911B,PIR_C912,CO2_C104A,CO2_C104B,CO2_C106A,CO2_C106,CO2_C000,CO2_C101,CO2_C101B,CO2_C101C,CO2_C103,CO2_C108,CO2_C110,CO2_C111,CO2_C201,CO2_C202,CO2_C203,CO2_C204,CO2_C205,CO2_C207,CO2_C911,CO2_C912,light,plug,devices,groundtruth
2018-05-15 15:31,0,0,0,0,0,0,0,0,0,0,0,0,0,0,0,0,0,0,1,1,0,756.0439,646.5891,547.0085,700.8547,699.8779,604.6398,595.8486,666.6666,548.939,572.2938,647.8959,706.7155,504.0293,715.0183,676.8999,625.4539,645.6423,597.8022,555.7997,705.7387,4.97,1.46,26.6667,18
2018-05-15 15:36,0,0,0,0,0,0,0,0,0,0,0,0,0,0,0,0,0,0,1,1,0,756.0439,646.5891,547.0085,700.8547,699.8779,604.6398,595.8486,666.6666,548.939,572.2938,647.8959,706.7155,504.0293,715.0183,676.8999,625.4539,645.6423,597.8022,555.7997,705.7387,4.97,1.47,27,18
2018-05-15 15:41,0,0,1,0,0,0,0,0,0,0,0,0,0,0,0,0,0,0,1,1,0,756.0439,646.5891,547.0085,700.8547,699.8779,604.6398,595.8486,688.6447,548.939,572.2938,647.8959,706.7155,504.0293,715.0183,676.8999,625.4539,645.6423,597.8022,555.7997,770.696,4.98,1.51,29,18
2018-05-15 15:46,0,0,1,0,0,0,0,0,0,0,0,0,0,0,0,0,0,0,1,1,0,778.9988,632.967,547.0085,704.7619,702.8083,615.873,602.6862,688.6447,548.939,590.3646,650.3378,725.7631,513.7973,731.624,665.6666,643.6887,660.7827,567.033,585.5922,770.696,4.98,1.55,28,18
2018-05-15 15:51,0,0,0,0,0,0,0,0,0,0,0,0,0,0,0,0,0,0,1,1,0,778.9988,632.967,547.0085,704.7619,702.8083,615.873,602.6862,688.6447,548.939,590.3646,650.3378,725.7631,513.7973,731.624,665.6666,643.6887,660.7827,567.033,585.5922,770.696,4.98,1.58,27,18
2018-05-15 15:56,0,0,0,0,0,0,0,0,0,0,0,0,0,0,0,0,0,0,1,1,1,778.9988,632.967,547.0085,704.7619,702.8083,615.873,602.6862,688.6447,548.939,590.3646,650.3378,725.7631,513.7973,731.624,665.6666,643.6887,660.7827,567.033,585.5922,770.696,4.8,1.4,27.5,17
2018-05-15 16:01,0,1,0,0,0,0,0,0,0,0,0,0,0,0,0,0,0,0,1,1,0,774.767,628.5714,542.6129,717.9487,710.6227,619.7802,609.0354,688.6447,548.939,598.179,663.0363,736.9963,526.0073,735.0427,661.6284,653.9451,669.5739,568.0098,582.6617,770.696,4.8,1.42,27.5,17
2018-05-15 16:06,0,0,0,0,0,0,0,0,0,0,0,0,0,0,0,0,0,0,1,1,0,774.767,628.5714,542.6129,717.9487,710.6227,619.7802,609.0354,688.6447,548.939,598.179,663.0363,736.9963,526.0073,735.0427,661.6284,653.9451,669.5739,568.0098,582.6617,770.696,4.81,1.41,27.6667,17
2018-05-15 16:11,0,0,0,0,0,0,0,0,0,0,0,0,0,1,0,0,0,0,1,1,0,774.767,628.5714,542.6129,717.9487,710.6227,619.7802,609.0354,699.8436,548.939,598.179,663.0363,736.9963,526.0073,735.0427,661.6284,653.9451,669.5739,568.0098,582.6617,782.9235,4.8,1.44,26.6667,15
2018-05-15 16:16,0,0,0,0,0,0,0,0,0,0,0,0,0,0,0,0,0,0,1,1,0,740.918,623.6874,518.6813,711.5995,715.9951,620.757,610.0122,699.8436,548.939,611.3658,677.5516,741.8803,534.7985,808.7913,678.8535,661.7595,682.7607,604.3663,590.9646,782.9235,4.79,1.44,25.5,15
2018-05-15 16:21,0,0,0,0,0,0,0,0,0,0,0,0,0,0,0,0,0,0,1,1,1,740.918,623.6874,518.6813,711.5995,715.9951,620.757,610.0122,699.8436,548.939,611.3658,677.5516,741.8803,534.7985,808.7913,678.8535,661.7595,682.7607,604.3663,590.9646,782.9235,4.97,1.42,27,13
2018-05-15 16:26,0,0,0,0,0,0,0,0,0,0,0,0,0,0,0,0,0,0,1,1,0,740.918,623.6874,518.6813,711.5995,715.9951,620.757,610.0122,699.8436,548.939,611.3658,677.5516,741.8803,534.7985,808.7913,678.8535,661.7595,682.7607,604.3663,590.9646,782.9235,4.98,1.58,25,13
2018-05-15 16:31,0,0,0,0,0,0,0,0,0,0,0,0,0,0,0,0,0,0,1,1,0,738.9499,615.873,442.9792,683.7607,715.0183,600.7326,589.9878,699.8436,548.939,599.2869,677.1999,710.6227,505.0061,717.9487,635.8743,627.5714,650.0378,568.0098,590.9646,782.9235,4.97,1.43,23.6667,14
2018-05-15 16:36,0,0,0,0,0,0,0,0,0,0,0,0,0,0,0,0,0,0,1,1,0,738.9499,615.873,442.9792,683.7607,715.0183,600.7326,589.9878,699.8436,548.939,599.2869,677.1999,710.6227,505.0061,717.9487,635.8743,627.5714,650.0378,568.0098,590.9646,782.9235,4.97,1.44,23.5,13
2018-05-15 16:41,0,0,0,0,0,0,0,0,0,0,0,0,0,0,0,0,0,0,1,1,1,738.9499,615.873,442.9792,683.7607,715.0183,600.7326,589.9878,679.8535,548.939,599.2869,677.1999,710.6227,505.0061,717.9487,635.8743,627.5714,650.0378,568.0098,590.9646,737.9731,4.97,1.43,21,10
2018-05-15 16:46,0,0,0,0,0,0,0,0,0,0,0,0,0,0,0,0,0,0,1,1,0,689.9732,593.895,442.0024,660.8058,694.0171,580.7082,574.8474,679.8535,548.939,582.0618,663.0363,674.9695,476.6789,694.0171,604.6166,591.9182,615.8498,532.8449,541.6361,737.9731,4.79,1.44,16.5,8
2018-05-15 16:51,0,0,0,0,0,0,0,0,0,0,0,0,0,0,0,0,0,0,1,1,0,689.9732,593.895,442.0024,660.8058,694.0171,580.7082,574.8474,679.8535,548.939,582.0618,663.0363,674.9695,476.6789,694.0171,604.6166,591.9182,615.8498,532.8449,541.6361,737.9731,4.8,1.42,14.5,7
2018-05-15 16:56,0,0,0,0,0,0,0,0,0,0,0,0,0,0,0,0,0,0,1,1,0,689.9732,593.895,442.0024,660.8058,694.0171,580.7082,574.8474,679.8535,548.939,582.0618,663.0363,674.9695,476.6789,694.0171,604.6166,591.9182,615.8498,532.8449,541.6361,737.9731,4.8,1.42,13.6667,7
2018-05-15 17:01,0,0,0,0,0,0,0,0,0,0,0,0,0,0,0,0,0,0,1,1,1,693.1074,598.6151,437.6069,665.6899,684.7375,579.7314,568.0098,679.8535,548.939,563.991,664.0131,679.8535,469.8413,683.7607,600.7094,588.011,611.9426,506.9597,521.6118,737.9731,4.8,1.54,14,7
2018-05-15 17:06,0,0,0,0,0,0,0,0,0,0,0,0,0,0,0,0,0,0,1,1,0,693.1074,598.6151,437.6069,665.6899,684.7375,579.7314,568.0098,679.8535,548.939,563.991,664.0131,679.8535,469.8413,683.7607,600.7094,588.011,611.9426,506.9597,521.6118,737.9731,4.8,1.43,15,6
2018-05-15 17:11,0,0,0,0,0,0,0,0,0,0,0,0,0,0,0,0,0,0,1,1,0,693.1074,598.6151,437.6069,665.6899,684.7375,579.7314,568.0098,658.921,548.939,563.991,664.0131,679.8535,469.8413,683.7607,600.7094,588.011,611.9426,506.9597,521.6118,695.9927,4.99,1.45,15,6
2018-05-15 17:16,0,0,0,0,1,0,0,0,0,0,0,0,0,0,0,0,0,0,1,1,0,686.6911,557.7534,442.0024,665.6899,675.9463,573.8705,555.7997,658.921,548.939,557.7394,651.5381,669.6947,466.9109,669.597,603.6398,587.0342,605.5934,501.5873,515.7509,695.9927,4.98,1.44,15,5
2018-05-15 17:21,0,0,0,0,0,0,0,0,0,0,0,0,0,0,0,0,0,0,1,1,0,686.6911,557.7534,442.0024,665.6899,675.9463,573.8705,555.7997,658.921,548.939,557.7394,651.5381,669.6947,466.9109,669.597,603.6398,587.0342,605.5934,501.5873,515.7509,695.9927,4.98,1.42,15,5
2018-05-15 17:26,0,0,0,0,0,0,0,0,0,0,0,0,0,0,0,0,0,0,1,1,0,686.6911,557.7534,442.0024,665.6899,675.9463,573.8705,555.7997,658.921,548.939,557.7394,651.5381,669.6947,466.9109,669.597,603.6398,587.0342,605.5934,501.5873,515.7509,695.9927,4.98,1.41,15.5,5
2018-05-15 17:31,0,0,0,0,0,0,0,0,0,0,0,0,0,1,0,0,0,0,1,1,0,689.6215,570.9402,442.9792,666.6666,669.597,570.9402,562.6374,658.921,548.939,551.2926,630.2791,673.0159,463.0037,648.5959,589.9646,578.7314,601.6862,497.6801,498.6569,695.9927,4.99,1.4,14.6667,4
2018-05-15 17:36,0,0,0,0,0,0,0,0,0,0,0,0,0,0,0,0,0,0,1,1,0,689.6215,570.9402,442.9792,666.6666,669.597,570.9402,562.6374,658.921,548.939,551.2926,630.2791,673.0159,463.0037,648.5959,589.9646,578.7314,601.6862,497.6801,498.6569,695.9927,4.98,1.54,14.3333,3
2018-05-15 17:41,0,0,0,0,0,0,0,0,0,0,0,0,0,1,0,0,0,0,1,1,0,689.6215,570.9402,442.9792,666.6666,669.597,570.9402,562.6374,655.9218,548.939,551.2926,630.2791,673.0159,463.0037,648.5959,589.9646,578.7314,601.6862,497.6801,498.6569,668.6202,4.98,1.39,15,4
2018-05-15 17:46,0,0,0,0,0,0,0,0,0,0,0,0,0,0,0,0,0,0,1,1,0,688.6447,574.5739,432.7229,655.9218,670.5739,567.033,556.7766,655.9218,548.939,543.9666,634.2206,653.9683,460.5616,657.8754,596.8022,576.7778,605.5934,498.6569,490.8425,668.6202,4.98,1.39,15,5
2018-05-15 17:51,0,0,0,0,0,0,0,0,0,0,0,0,0,0,0,0,0,0,1,1,0,688.6447,574.5739,432.7229,655.9218,670.5739,567.033,556.7766,655.9218,548.939,543.9666,634.2206,653.9683,460.5616,657.8754,596.8022,576.7778,605.5934,498.6569,490.8425,668.6202,4.98,1.46,15,4
2018-05-15 17:56,0,0,0,0,0,0,0,0,0,0,0,0,0,0,0,0,0,0,1,1,0,688.6447,574.5739,432.7229,655.9218,670.5739,567.033,556.7766,655.9218,548.939,543.9666,634.2206,653.9683,460.5616,657.8754,596.8022,576.7778,605.5934,498.6569,490.8425,668.6202,4.99,1.44,14.6667,3
2018-05-15 18:01,0,0,0,0,0,0,0,0,0,0,0,0,0,0,0,0,0,0,1,1,0,682.7496,569.9634,437.6069,656.8986,667.6434,579.7314,555.7997,655.9218,548.939,539.0826,632.267,652.9915,456.6544,646.6423,580.5991,578.7314,598.9197,489.8657,485.9585,668.6202,4.8,1.46,14,4
2018-05-15 18:06,0,0,0,0,0,0,0,0,0,0,0,0,0,0,0,0,0,0,1,1,0,682.7496,569.9634,437.6069,656.8986,667.6434,579.7314,555.7997,655.9218,548.939,539.0826,632.267,652.9915,456.6544,646.6423,580.5991,578.7314,598.9197,489.8657,485.9585,668.6202,4.81,1.42,13.5,3
2018-05-15 18:11,0,0,1,0,0,0,0,0,0,0,0,0,0,0,0,0,0,0,1,1,0,682.7496,569.9634,437.6069,656.8986,667.6434,579.7314,555.7997,658.8303,548.939,539.0826,632.267,652.9915,456.6544,646.6423,580.5991,578.7314,598.9197,489.8657,485.9585,652.9689,4.81,1.56,13,3
2018-05-15 18:16,0,0,0,0,0,0,0,0,0,0,0,0,0,0,0,0,0,0,1,1,0,683.7607,567.033,436.6301,656.8986,666.6666,579.7314,555.7997,658.8303,548.939,538.1058,616.1498,651.0378,455.6776,652.9915,596.8022,582.6385,593.8718,496.7033,481.5629,652.9689,3.42,1.39,13.5,3
2018-05-15 18:21,0,0,0,0,0,0,0,0,0,0,0,0,0,0,0,0,0,0,1,1,0,683.7607,567.033,436.6301,656.8986,666.6666,579.7314,555.7997,658.8303,548.939,538.1058,616.1498,651.0378,455.6776,652.9915,596.8022,582.6385,593.8718,496.7033,481.5629,652.9689,3.42,1.4,13.5,3
2018-05-15 18:26,0,0,0,0,0,0,0,0,0,0,0,0,0,0,0,0,0,0,1,1,0,683.7607,567.033,436.6301,656.8986,666.6666,579.7314,555.7997,658.8303,548.939,538.1058,616.1498,651.0378,455.6776,652.9915,596.8022,582.6385,593.8718,496.7033,481.5629,652.9689,3.42,1.41,13,3
2018-05-15 18:31,0,0,0,0,0,0,0,0,0,0,0,0,0,0,0,0,0,0,1,1,1,691.5751,569.9634,404.884,653.9683,662.7595,575.8242,555.7997,658.8303,548.939,540.0594,611.2658,651.0378,454.7009,651.0378,602.663,583.6013,599.7326,488.8889,498.6569,652.9689,3.6,1.46,13,4
2018-05-15 18:36,0,0,0,0,0,0,0,0,0,0,0,0,0,0,0,0,0,0,1,1,0,691.5751,569.9634,404.884,653.9683,662.7595,575.8242,555.7997,658.8303,548.939,540.0594,611.2658,651.0378,454.7009,651.0378,602.663,583.6013,599.7326,488.8889,498.6569,652.9689,3.6,1.38,12.3333,3
2018-05-15 18:41,0,0,0,0,0,0,0,0,0,0,0,0,0,0,0,0,0,0,1,1,0,691.5751,569.9634,404.884,653.9683,662.7595,575.8242,555.7997,654.9451,548.939,540.0594,611.2658,651.0378,454.7009,651.0378,602.663,583.6013,599.7326,488.8889,498.6569,652.9915,3.48,1.42,10,3
2018-05-15 18:46,0,0,0,0,0,0,0,0,0,0,0,0,0,0,0,0,0,0,1,1,0,687.6679,572.8937,396.5812,652.0146,661.7827,573.8705,553.8462,654.9451,548.939,536.1522,606.8702,631.9902,453.7241,645.6655,588.3311,577.7546,598.7558,494.7497,495.7265,652.9915,3.23,1.54,9,2
2018-05-15 18:51,0,0,0,0,0,0,0,0,0,0,0,0,0,0,0,0,0,0,1,1,0,687.6679,572.8937,396.5812,652.0146,661.7827,573.8705,553.8462,654.9451,548.939,536.1522,606.8702,631.9902,453.7241,645.6655,588.3311,577.7546,598.7558,494.7497,495.7265,652.9915,3.05,1.37,8.5,2
2018-05-15 18:56,0,0,0,0,0,0,0,0,0,0,0,0,0,0,1,0,0,0,1,1,0,687.6679,572.8937,396.5812,652.0146,661.7827,573.8705,553.8462,654.9451,548.939,536.1522,606.8702,631.9902,453.7241,645.6655,588.3311,577.7546,598.7558,494.7497,495.7265,652.9915,3.23,1.36,8,1
2018-05-15 19:01,0,0,0,0,0,0,0,0,0,0,0,0,0,0,0,0,0,0,1,1,0,688.6447,571.917,404.884,652.9915,660.8058,568.9866,558.7302,654.9451,548.939,536.1522,604.9166,654.9451,453.7241,655.9218,579.7222,575.801,600.5783,489.8657,492.7961,652.9915,3.05,1.36,7.5,1
2018-05-15 19:06,0,0,0,0,0,0,0,0,0,0,0,0,0,0,0,0,0,0,1,1,0,688.6447,571.917,404.884,652.9915,660.8058,568.9866,558.7302,654.9451,548.939,536.1522,604.9166,654.9451,453.7241,655.9218,579.7222,575.801,600.5783,489.8657,492.7961,652.9915,3.05,1.39,7,1
2018-05-15 19:11,0,0,0,0,0,0,0,0,0,0,0,0,0,0,0,0,0,0,1,1,0,688.6447,571.917,404.884,652.9915,660.8058,568.9866,558.7302,655.9218,548.939,536.1522,604.9166,654.9451,453.7241,655.9218,579.7222,575.801,600.5783,489.8657,492.7961,641.7758,3.06,1.31,7,1
2018-05-15 19:16,0,0,0,0,0,0,0,0,0,0,0,0,0,0,0,0,0,0,1,1,0,678.8767,562.6374,405.8608,646.6423,659.829,571.917,554.823,655.9218,548.939,528.5426,600.1165,637.8511,451.7704,638.8278,572.8705,564.4367,597.779,492.7961,499.6337,641.7758,3.06,1.37,7,1
2018-05-15 19:21,0,0,0,0,0,0,0,0,0,0,0,0,0,0,0,0,0,0,0,0,0,678.8767,562.6374,405.8608,646.6423,659.829,571.917,554.823,655.9218,548.939,528.5426,600.1165,637.8511,451.7704,638.8278,572.8705,564.4367,597.779,492.7961,499.6337,641.7758,3.23,1.47,6,0
2018-05-15 19:26,0,0,0,0,0,0,0,0,0,0,0,0,0,0,0,0,0,0,1,1,0,678.8767,562.6374,405.8608,646.6423,659.829,571.917,554.823,655.9218,548.939,528.5426,600.1165,637.8511,451.7704,638.8278,572.8705,564.4367,597.779,492.7961,499.6337,641.7758,3.23,1.37,5,0
2018-05-15 19:31,0,0,0,0,0,0,0,0,0,0,0,0,0,0,0,0,0,0,1,1,0,673.9927,565.5678,399.0232,655.9218,662.7595,573.8705,555.7997,655.9218,548.939,533.2217,596.1254,651.0378,449.8168,661.7827,567.9866,595.8165,595.8254,491.8334,485.9585,641.7758,3.23,1.37,5,0
2018-05-15 19:36,0,0,0,0,0,0,0,0,0,0,0,0,0,0,0,0,0,0,1,1,0,673.9927,565.5678,399.0232,655.9218,662.7595,573.8705,555.7997,655.9218,548.939,533.2217,596.1254,651.0378,449.8168,661.7827,567.9866,595.8165,595.8254,491.8334,485.9585,641.7758,3.23,1.4,5.3333,0
2018-05-15 19:41,0,0,0,0,0,0,0,0,0,0,0,0,0,0,0,0,0,0,1,1,0,673.9927,565.5678,399.0232,655.9218,662.7595,573.8705,555.7997,648.5959,548.939,533.2217,596.1254,651.0378,449.8168,661.7827,567.9866,595.8165,595.8254,491.8334,485.9585,653.9683,3.23,1.37,6,1
2018-05-15 19:46,0,0,0,0,0,0,0,0,0,0,0,0,0,0,0,0,0,0,1,1,0,670.406,571.4523,399.0232,652.0146,660.8058,569.9634,549.939,648.5959,548.939,537.129,597.1022,641.7582,454.7009,679.8535,569.9402,592.895,600.7094,486.9353,488.8889,653.9683,3.23,1.36,6.5,1
2018-05-15 19:51,0,0,0,0,0,0,0,0,0,0,0,0,0,0,0,0,0,0,1,1,0,670.406,571.4523,399.0232,652.0146,660.8058,569.9634,549.939,648.5959,548.939,537.129,597.1022,641.7582,454.7009,679.8535,569.9402,592.895,600.7094,486.9353,488.8889,653.9683,3.22,1.37,7,1
2018-05-15 19:56,0,0,0,0,0,0,0,0,0,0,0,0,0,0,0,0,0,0,1,1,0,670.406,571.4523,399.0232,652.0146,660.8058,569.9634,549.939,648.5959,548.939,537.129,597.1022,641.7582,454.7009,679.8535,569.9402,592.895,600.7094,486.9353,488.8889,653.9683,3.04,1.49,7.3333,1
2018-05-15 20:01,0,0,0,0,1,0,0,0,0,0,0,0,0,0,0,0,0,0,1,1,0,672.9983,569.9097,401.9536,653.9683,656.8986,574.8474,549.939,648.5959,548.939,534.1985,591.2414,652.9915,457.6313,682.7839,571.8937,601.6862,602.663,494.7497,487.9121,653.9683,3.04,1.36,7.5,1
2018-05-15 20:06,0,0,0,0,0,0,0,0,0,0,0,0,0,0,0,0,0,0,1,1,0,672.9983,569.9097,401.9536,653.9683,656.8986,574.8474,549.939,648.5959,548.939,534.1985,591.2414,652.9915,457.6313,682.7839,571.8937,601.6862,602.663,494.7497,487.9121,653.9683,3.04,1.39,7,1
2018-05-15 20:11,0,0,0,0,1,0,0,0,0,0,0,0,0,0,0,0,0,0,1,1,0,672.9983,569.9097,401.9536,653.9683,656.8986,574.8474,549.939,652.0146,548.939,534.1985,591.2414,652.9915,457.6313,682.7839,571.8937,601.6862,602.663,494.7497,487.9121,659.829,3.03,0.99,7,1
2018-05-15 20:16,0,0,0,0,0,0,0,0,0,0,0,0,0,0,0,0,0,0,1,1,0,686.6911,573.8705,407.8144,673.0159,662.7595,575.8242,550.9158,652.0146,548.939,538.1058,593.1675,653.9683,455.6776,702.8083,567.0098,601.6862,606.5702,489.8657,504.0293,659.829,3.03,0.99,7,1
2018-05-15 20:21,0,0,0,0,0,0,0,0,0,0,0,0,0,0,0,0,0,0,1,1,0,686.6911,573.8705,407.8144,673.0159,662.7595,575.8242,550.9158,652.0146,548.939,538.1058,593.1675,653.9683,455.6776,702.8083,567.0098,601.6862,606.5702,489.8657,504.0293,659.829,3.03,1,7,1
2018-05-15 20:26,0,0,0,0,0,0,0,0,0,0,0,0,0,0,0,0,0,0,1,1,0,686.6911,573.8705,407.8144,673.0159,662.7595,575.8242,550.9158,652.0146,548.939,538.1058,593.1675,653.9683,455.6776,702.8083,567.0098,601.6862,606.5702,489.8657,504.0293,659.829,3.03,1.13,7,2
2018-05-15 20:31,0,0,0,0,0,0,0,0,0,0,0,0,0,0,0,0,0,0,1,1,0,695.9707,575.8242,420.0244,679.8535,678.8767,582.6617,553.8462,652.0146,548.939,537.129,592.2182,666.6666,460.5616,690.5983,570.917,603.6398,605.5934,491.8193,492.7961,659.829,3.03,1.01,7,2
2018-05-15 20:36,0,0,0,0,0,0,0,0,0,0,0,0,0,0,0,0,0,0,1,1,0,695.9707,575.8242,420.0244,679.8535,678.8767,582.6617,553.8462,652.0146,548.939,537.129,592.2182,666.6666,460.5616,690.5983,570.917,603.6398,605.5934,491.8193,492.7961,659.829,4.19,1.02,7,1
2018-05-15 20:41,0,0,0,0,0,0,0,0,0,0,0,0,0,0,0,0,0,0,1,1,0,695.9707,575.8242,420.0244,679.8535,678.8767,582.6617,553.8462,661.0012,548.939,537.129,592.2182,666.6666,460.5616,690.5983,570.917,603.6398,605.5934,491.8193,492.7961,661.431,4.25,1.01,7.5,1
2018-05-15 20:46,0,0,0,0,0,0,0,0,0,0,0,0,0,0,0,0,0,0,1,1,0,699.8779,581.685,428.8156,682.7839,673.0159,584.6154,560.6838,661.0012,548.939,547.3854,595.1486,664.7131,460.5616,696.9475,576.8121,603.6398,604.6166,493.7729,491.8193,661.431,4.25,1,7.5,1
2018-05-15 20:51,0,0,0,0,0,0,0,0,0,0,0,0,0,0,0,0,0,0,1,1,0,699.8779,581.685,428.8156,682.7839,673.0159,584.6154,560.6838,661.0012,548.939,547.3854,595.1486,664.7131,460.5616,696.9475,576.8121,603.6398,604.6166,493.7729,491.8193,661.431,4.25,1.03,7,1
2018-05-15 20:56,0,0,0,0,0,0,0,0,0,0,0,0,0,0,0,0,0,0,1,1,0,699.8779,581.685,428.8156,682.7839,673.0159,584.6154,560.6838,661.0012,548.939,547.3854,595.1486,664.7131,460.5616,696.9475,576.8121,603.6398,604.6166,493.7729,491.8193,661.431,4.24,1.14,7,1
2018-05-15 21:01,0,0,0,0,0,0,0,0,0,0,0,0,0,0,0,0,0,0,1,1,0,698.9011,581.685,425.8853,676.9231,676.9231,583.6385,561.6606,661.0012,548.939,537.129,594.1718,663.7265,457.6313,694.0171,572.8705,601.6862,608.0354,490.8425,491.8193,661.431,4.25,1.16,7,1
2018-05-15 21:06,0,0,0,0,0,0,0,0,0,0,0,0,0,0,0,0,0,0,1,1,0,698.9011,581.685,425.8853,676.9231,676.9231,583.6385,561.6606,661.0012,548.939,537.129,594.1718,663.7265,457.6313,694.0171,572.8705,601.6862,608.0354,490.8425,491.8193,661.431,4.24,1.03,7,0
2018-05-15 21:11,0,0,0,0,0,0,0,0,0,0,0,0,0,0,0,0,0,0,1,1,0,698.9011,581.685,425.8853,676.9231,676.9231,583.6385,561.6606,665.6899,548.939,537.129,594.1718,663.7265,457.6313,694.0171,572.8705,601.6862,608.0354,490.8425,491.8193,665.6899,4.24,1.02,7,0
2018-05-15 21:16,0,0,0,0,0,0,0,0,0,0,0,0,0,0,0,0,0,0,1,1,0,689.6215,584.6154,424.9084,682.7839,676.9231,586.569,560.6838,665.6899,548.939,538.2089,599.0558,659.829,456.6544,701.8315,579.7082,608.0354,609.0122,492.7961,495.7265,665.6899,4.24,1.04,7,0
2018-05-15 21:21,0,0,0,0,0,0,0,0,0,0,0,0,0,0,0,0,0,0,1,1,0,689.6215,584.6154,424.9084,682.7839,676.9231,586.569,560.6838,665.6899,548.939,538.2089,599.0558,659.829,456.6544,701.8315,579.7082,608.0354,609.0122,492.7961,495.7265,665.6899,3.05,1,7,0
2018-05-15 21:26,0,0,0,0,0,0,0,0,0,0,0,0,0,0,0,0,0,0,1,1,0,689.6215,584.6154,424.9084,682.7839,676.9231,586.569,560.6838,665.6899,548.939,538.2089,599.0558,659.829,456.6544,701.8315,579.7082,608.0354,609.0122,492.7961,495.7265,665.6899,3.04,1.05,7,0
2018-05-15 21:31,0,0,0,0,0,0,0,0,0,0,0,0,0,0,0,0,0,0,1,1,0,704.1052,589.9878,423.9316,676.9231,675.9463,589.9878,562.6374,665.6899,548.939,545.4318,597.1022,657.8754,458.6081,712.5763,577.7546,601.6862,604.6166,492.7961,489.8657,665.6899,2.75,1.11,7,0
2018-05-15 21:36,0,0,0,0,0,0,0,0,0,0,0,0,0,0,0,0,0,0,1,1,0,704.1052,589.9878,423.9316,676.9231,675.9463,589.9878,562.6374,665.6899,548.939,545.4318,597.1022,657.8754,458.6081,712.5763,577.7546,601.6862,604.6166,492.7961,489.8657,665.6899,2.48,1.04,7,0
2018-05-15 21:41,0,0,0,0,0,0,0,0,0,0,0,0,0,0,0,0,0,0,1,1,0,704.1052,589.9878,423.9316,676.9231,675.9463,589.9878,562.6374,664.7131,548.939,545.4318,597.1022,657.8754,458.6081,712.5763,577.7546,601.6862,604.6166,492.7961,489.8657,663.7363,2.48,1,7,0
2018-05-15 21:46,0,0,0,0,0,0,0,0,0,0,0,0,0,0,0,0,0,0,1,1,0,686.7087,571.9599,417.5824,669.597,673.9927,585.5922,560.6838,664.7131,548.939,543.9666,598.079,658.8522,456.6544,710.6227,569.9402,608.0354,608.0354,500.6105,493.7729,663.7363,2.47,1.01,7,0
2018-05-15 21:51,0,0,0,0,0,0,0,0,0,0,0,0,0,0,0,0,0,0,1,1,0,686.7087,571.9599,417.5824,669.597,673.9927,585.5922,560.6838,664.7131,548.939,543.9666,598.079,658.8522,456.6544,710.6227,569.9402,608.0354,608.0354,500.6105,493.7729,663.7363,2.48,1,7,0
2018-05-15 21:56,0,0,0,0,0,0,0,0,0,0,0,0,0,0,0,0,0,0,1,1,0,686.7087,571.9599,417.5824,669.597,673.9927,585.5922,560.6838,664.7131,548.939,543.9666,598.079,658.8522,456.6544,710.6227,569.9402,608.0354,608.0354,500.6105,493.7729,663.7363,1.29,0.99,7,0
2018-05-16 6:01,0,0,0,0,0,0,0,0,0,0,0,0,0,0,0,0,0,0,1,1,0,673.9927,569.9634,417.5824,649.5726,668.6202,564.591,536.7521,645.6655,548.939,542.9897,589.2878,687.6679,475.7021,663.7363,585.569,615.8498,617.8034,498.6569,481.5629,652.0146,2.11,0.98,5.5,3
2018-05-16 6:06,0,0,0,0,0,0,0,0,0,0,0,0,0,0,0,0,0,0,1,1,0,673.9927,569.9634,417.5824,649.5726,668.6202,564.591,536.7521,645.6655,548.939,542.9897,589.2878,687.6679,475.7021,663.7363,585.569,615.8498,617.8034,498.6569,481.5629,652.0146,2.11,0.85,6,3
2018-05-16 6:11,0,0,0,0,0,0,0,0,0,0,0,0,0,0,0,0,0,0,1,1,0,673.9927,569.9634,417.5824,649.5726,668.6202,564.591,536.7521,651.0378,548.939,542.9897,589.2878,687.6679,475.7021,663.7363,585.569,615.8498,617.8034,498.6569,481.5629,653.9683,2.1,0.85,5,3
2018-05-16 6:16,0,0,0,0,0,0,0,0,0,0,0,0,0,0,0,0,0,0,1,1,0,672.0391,575.8242,420.0244,654.9451,662.7595,565.5678,536.7521,651.0378,548.939,546.4086,589.2878,680.8303,471.7949,664.7131,589.9646,619.757,616.8266,509.8901,484.0049,653.9683,2.1,0.9,5,2
2018-05-16 6:21,0,0,0,0,0,0,0,0,0,0,0,0,0,0,0,0,0,0,1,1,0,672.0391,575.8242,420.0244,654.9451,662.7595,565.5678,536.7521,651.0378,548.939,546.4086,589.2878,680.8303,471.7949,664.7131,589.9646,619.757,616.8266,509.8901,484.0049,653.9683,1.84,0.85,5,2
2018-05-16 6:26,0,0,0,0,0,0,0,0,0,0,0,0,0,0,0,0,0,0,1,1,0,672.0391,575.8242,420.0244,654.9451,662.7595,565.5678,536.7521,651.0378,548.939,546.4086,589.2878,680.8303,471.7949,664.7131,589.9646,619.757,616.8266,509.8901,484.0049,653.9683,1.84,0.86,5,2
2018-05-16 6:31,0,0,0,0,0,0,0,0,0,0,0,0,0,0,0,0,0,0,1,1,0,672.0391,577.7778,422.9548,652.9915,669.597,564.591,534.7985,651.0378,548.939,546.3691,590.2646,681.8071,470.8181,663.7363,591.9182,614.873,616.8266,506.9597,484.9817,653.9683,1.83,0.84,5,2
2018-05-16 6:36,0,0,0,0,0,0,0,0,0,0,0,0,0,0,0,0,0,0,1,1,0,672.0391,577.7778,422.9548,652.9915,669.597,564.591,534.7985,651.0378,548.939,546.3691,590.2646,681.8071,470.8181,663.7363,591.9182,614.873,616.8266,506.9597,484.9817,653.9683,1.84,0.87,5,2
2018-05-16 6:41,0,0,0,0,0,0,0,0,0,0,0,0,0,0,0,0,0,0,1,1,0,672.0391,577.7778,422.9548,652.9915,669.597,564.591,534.7985,643.7119,548.939,546.3691,590.2646,681.8071,470.8181,663.7363,591.9182,614.873,616.8266,506.9597,484.9817,652.9915,1.84,1.03,5,2
2018-05-16 6:46,0,0,0,0,0,0,0,0,0,0,0,0,0,0,0,0,0,0,1,1,0,675.9463,580.7082,420.0244,656.8986,666.6666,565.5678,538.7057,643.7119,548.939,547.3854,590.2646,677.8999,472.7717,661.7827,589.9646,617.8034,616.8266,472.8157,483.0281,652.9915,1.84,0.9,5,2
2018-05-16 6:51,0,0,0,0,0,0,0,0,0,0,0,0,0,0,0,0,0,0,1,1,0,675.9463,580.7082,420.0244,656.8986,666.6666,565.5678,538.7057,643.7119,548.939,547.3854,590.2646,677.8999,472.7717,661.7827,589.9646,617.8034,616.8266,472.8157,483.0281,652.9915,1.84,0.86,5,2
2018-05-16 6:56,0,0,0,0,0,0,0,0,0,0,0,0,0,0,0,0,0,0,1,1,0,675.9463,580.7082,420.0244,656.8986,666.6666,565.5678,538.7057,643.7119,548.939,547.3854,590.2646,677.8999,472.7717,661.7827,589.9646,617.8034,616.8266,472.8157,483.0281,652.9915,1.53,0.86,5,2
2018-05-16 7:01,0,0,0,0,0,0,0,0,0,0,0,0,0,0,0,0,0,0,1,1,0,676.9231,581.685,420.0244,657.8754,665.6899,568.0098,533.8217,643.7119,548.939,552.2694,594.1718,677.8999,474.7253,669.597,588.011,617.8034,615.8498,490.8425,484.0049,652.9915,1.97,0.85,5,2
2018-05-16 7:06,0,0,0,0,0,0,0,0,0,0,0,0,0,0,0,0,0,0,1,1,0,676.9231,581.685,420.0244,657.8754,665.6899,568.0098,533.8217,643.7119,548.939,552.2694,594.1718,677.8999,474.7253,669.597,588.011,617.8034,615.8498,490.8425,484.0049,652.9915,1.96,0.84,5,2
2018-05-16 7:11,0,0,0,0,0,0,0,0,0,0,0,0,0,0,0,0,0,0,1,1,0,676.9231,581.685,420.0244,657.8754,665.6899,568.0098,533.8217,647.6191,548.939,552.2694,594.1718,677.8999,474.7253,669.597,588.011,617.8034,615.8498,490.8425,484.0049,652.0146,1.96,0.68,5,2
2018-05-16 7:16,0,0,0,0,0,0,0,0,0,0,0,0,0,0,0,0,0,0,1,1,0,673.0159,576.801,421.9781,652.0146,667.6434,562.6374,533.8217,647.6191,548.939,549.339,591.2414,707.6923,504.0293,661.7827,585.569,610.9658,615.8498,515.7509,484.9817,652.0146,1.84,0.84,5,2
2018-05-16 7:21,0,0,0,0,0,0,0,0,0,0,0,0,0,0,0,0,0,0,1,1,0,673.0159,576.801,421.9781,652.0146,667.6434,562.6374,533.8217,647.6191,548.939,549.339,591.2414,707.6923,504.0293,661.7827,585.569,610.9658,615.8498,515.7509,484.9817,652.0146,1.84,0.95,5,3
2018-05-16 7:26,0,0,0,0,0,0,0,0,0,0,0,0,0,0,0,0,0,0,1,1,0,673.0159,576.801,421.9781,652.0146,667.6434,562.6374,533.8217,647.6191,548.939,549.339,591.2414,707.6923,504.0293,661.7827,585.569,610.9658,615.8498,515.7509,484.9817,652.0146,1.84,0.87,5.5,3
2018-05-16 7:31,0,0,0,0,0,0,0,0,0,0,0,0,0,0,0,0,0,0,1,1,0,675.9463,579.7314,421.0013,655.9218,677.8999,565.5678,531.8681,647.6191,548.939,550.3158,591.2414,712.5763,498.6569,664.7131,588.9878,616.8266,616.8266,502.5366,485.9585,652.0146,1.84,0.85,6.5,3
2018-05-16 7:36,0,0,0,0,0,0,0,0,0,0,0,0,0,0,0,0,0,0,1,1,0,675.9463,579.7314,421.0013,655.9218,677.8999,565.5678,531.8681,647.6191,548.939,550.3158,591.2414,712.5763,498.6569,664.7131,588.9878,616.8266,616.8266,502.5366,485.9585,652.0146,1.83,0.87,6.5,3
2018-05-16 7:41,0,0,0,0,0,0,0,0,0,0,0,0,0,0,0,0,0,0,1,1,0,675.9463,579.7314,421.0013,655.9218,677.8999,565.5678,531.8681,648.5959,548.939,550.3158,591.2414,712.5763,498.6569,664.7131,588.9878,616.8266,616.8266,502.5366,485.9585,651.0378,1.83,0.88,6,3
2018-05-16 7:46,0,0,0,0,0,0,0,0,0,0,0,0,0,0,0,0,0,0,1,1,0,681.8071,576.7735,420.0244,652.0146,666.6666,572.8937,540.6594,648.5959,548.939,551.2926,593.2419,700.8547,497.6801,659.829,588.011,612.9194,614.873,506.9597,488.8889,651.0378,1.83,0.84,5.5,3
2018-05-16 7:51,0,0,0,0,0,0,0,0,0,0,0,0,0,0,0,0,0,0,1,1,0,681.8071,576.7735,420.0244,652.0146,666.6666,572.8937,540.6594,648.5959,548.939,551.2926,593.2419,700.8547,497.6801,659.829,588.011,612.9194,614.873,506.9597,488.8889,651.0378,1.83,0.84,5,2
2018-05-16 7:56,0,0,0,0,0,0,0,0,0,0,0,0,0,0,0,0,0,0,1,1,0,681.8071,576.7735,420.0244,652.0146,666.6666,572.8937,540.6594,648.5959,548.939,551.2926,593.2419,700.8547,497.6801,659.829,588.011,612.9194,614.873,506.9597,488.8889,651.0378,2.11,1.01,5,2
2018-05-16 8:01,0,0,0,0,0,0,0,0,0,0,0,0,0,0,0,0,0,0,1,1,0,689.6215,571.9347,421.011,655.9218,669.597,569.9634,540.6594,648.5959,548.939,551.2926,595.1486,688.6447,484.9817,665.6899,588.011,609.0551,613.8962,500.6105,499.6337,651.0378,2.1,0.86,5,2
2018-05-16 8:06,0,0,0,0,0,0,0,0,0,0,0,0,0,0,0,0,0,0,1,1,1,689.6215,571.9347,421.011,655.9218,669.597,569.9634,540.6594,648.5959,548.939,551.2926,595.1486,688.6447,484.9817,665.6899,588.011,609.0551,613.8962,500.6105,499.6337,651.0378,2.29,0.85,5,2
2018-05-16 8:11,0,0,0,0,0,0,0,0,0,0,0,0,0,0,0,0,0,0,1,1,0,689.6215,571.9347,421.011,655.9218,669.597,569.9634,540.6594,655.9218,548.939,551.2926,595.1486,688.6447,484.9817,665.6899,588.011,609.0551,613.8962,500.6105,499.6337,651.0378,2.28,0.88,5,3
2018-05-16 8:16,0,0,0,0,0,0,0,0,0,0,0,0,0,0,0,0,0,0,1,1,0,680.8303,578.4029,420.0244,649.5726,664.7131,565.5678,547.0085,655.9218,548.939,553.2462,593.195,683.7607,473.7485,659.829,632.9438,610.9658,613.8962,499.6337,501.5873,651.0378,2.28,0.9,5,3
2018-05-16 8:21,0,0,0,0,0,0,0,0,0,0,0,0,0,0,0,0,0,0,1,1,0,680.8303,578.4029,420.0244,649.5726,664.7131,565.5678,547.0085,655.9218,548.939,553.2462,593.195,683.7607,473.7485,659.829,632.9438,610.9658,613.8962,499.6337,501.5873,651.0378,3.74,1.05,5.5,3
2018-05-16 8:26,1,1,0,0,0,0,0,0,0,0,0,0,0,0,0,0,0,0,1,1,0,680.8303,578.4029,420.0244,649.5726,664.7131,565.5678,547.0085,655.9218,548.939,553.2462,593.195,683.7607,473.7485,659.829,632.9438,610.9658,613.8962,499.6337,501.5873,651.0378,3.85,1.05,6,5
2018-05-16 8:31,0,0,0,0,0,0,0,0,0,0,0,0,0,0,0,0,0,0,1,1,0,686.6911,573.8705,430.7693,647.6191,663.7363,570.9402,541.6361,655.9218,548.939,548.3622,596.1254,699.8779,476.6789,657.8754,672.0159,612.9194,613.8962,528.9377,501.5873,651.0378,5.08,0.98,7,5
2018-05-16 8:36,0,0,0,0,1,0,0,0,0,0,0,0,0,0,0,0,0,0,1,1,0,688.6447,582.6477,421.0013,644.6984,663.7363,570.9402,541.6361,655.9218,548.939,546.4086,593.451,682.7839,475.7021,657.8754,672.0159,612.9194,613.8962,505.0061,502.5641,673.0997,5.05,0.98,8,5
2018-05-16 8:41,0,1,0,0,0,0,0,0,0,0,0,0,0,0,0,0,0,0,1,1,0,688.6447,582.6477,421.0013,644.6984,663.7363,570.9402,541.6361,652.9915,548.939,546.4086,593.451,682.7839,475.7021,657.8754,672.0159,612.9194,613.8962,505.0061,502.5641,661.7827,5.05,1,8.5,7
2018-05-16 8:46,0,0,0,0,0,0,0,0,0,0,0,0,0,0,0,0,0,0,1,1,0,700.8547,582.6617,459.5849,647.6191,668.63,571.917,543.5897,652.9915,548.939,547.3854,596.1254,720.8792,521.6118,668.6202,693.0171,614.873,615.8498,531.8681,511.8437,661.7827,5.04,1.02,10.5,7
2018-05-16 8:51,0,0,0,0,0,0,0,0,0,0,0,0,0,0,0,0,0,0,1,1,0,700.8547,582.6617,459.5849,647.6191,668.63,571.917,543.5897,652.9915,548.939,547.3854,596.1254,720.8792,521.6118,668.6202,693.0171,614.873,615.8498,531.8681,511.8437,661.7827,5.05,1.01,13,8
2018-05-16 8:56,0,0,0,0,0,0,0,0,0,0,0,0,0,0,1,0,0,0,1,1,0,700.8547,582.6617,459.5849,647.6191,668.63,571.917,543.5897,652.9915,548.939,547.3854,596.1254,720.8792,521.6118,668.6202,693.0171,614.873,615.8498,531.8681,511.8437,661.7827,5.04,1.02,14,9
2018-05-16 9:01,0,0,0,0,0,0,0,0,0,0,0,0,0,0,0,0,0,0,1,1,0,707.6923,582.6617,446.8864,622.7106,664.7131,568.9866,549.939,652.9915,548.939,546.4086,595.1627,719.9023,516.7277,740.9035,705.7155,616.8266,611.9426,517.7045,505.9829,661.7827,5.23,1.52,14.5,9
2018-05-16 9:06,0,1,0,0,0,0,0,0,0,0,0,0,0,0,0,0,0,0,1,1,0,707.6923,582.6617,446.8864,622.7106,664.7131,568.9866,549.939,652.9915,548.939,546.4086,595.1627,719.9023,516.7277,740.9035,705.7155,616.8266,611.9426,517.7045,505.9829,661.7827,5.47,1.35,16.5,8
2018-05-16 9:11,0,0,0,0,0,0,0,0,0,0,0,0,0,0,0,0,0,0,1,1,0,707.6923,582.6617,446.8864,622.7106,664.7131,568.9866,549.939,657.8754,548.939,546.4086,595.1627,719.9023,516.7277,740.9035,705.7155,616.8266,611.9426,517.7045,505.9829,666.7095,5.47,1.37,18.5,8
2018-05-16 9:16,0,0,0,0,0,0,0,0,0,0,0,0,0,0,0,0,0,0,1,1,0,701.8315,585.3873,505.0061,630.0366,665.6899,571.917,551.8926,657.8754,548.939,549.339,601.0094,719.9023,521.6118,759.9512,707.6691,609.0122,612.9194,527.9609,492.7961,666.7095,5.28,1.39,19,10
2018-05-16 9:21,0,0,0,0,0,0,0,0,0,0,0,0,0,0,0,0,0,0,1,1,0,701.8315,585.3873,505.0061,630.0366,665.6899,571.917,551.8926,657.8754,548.939,549.339,601.0094,719.9023,521.6118,759.9512,707.6691,609.0122,612.9194,527.9609,492.7961,666.7095,5.29,1.36,19.5,12
2018-05-16 9:26,0,0,0,0,0,0,0,0,0,0,0,0,0,0,0,0,0,0,1,1,0,701.8315,585.3873,505.0061,630.0366,665.6899,571.917,551.8926,657.8754,548.939,549.339,601.0094,719.9023,521.6118,759.9512,707.6691,609.0122,612.9194,527.9609,492.7961,666.7095,5.28,1.34,20.5,12
2018-05-16 9:31,0,0,0,0,0,0,0,0,0,0,0,0,0,0,0,0,0,0,1,1,0,699.8779,586.569,529.9146,636.8743,665.6899,572.8937,553.8462,657.8754,548.939,550.3158,600.0326,732.6007,523.5654,763.8583,707.678,613.8962,612.9194,527.9609,515.7509,666.7095,5.15,1.7,20,11
2018-05-16 9:36,0,0,0,0,0,0,0,0,0,0,0,0,0,0,0,0,0,0,1,1,0,699.8779,586.569,529.9146,636.8743,665.6899,572.8937,553.8462,657.8754,548.939,550.3158,600.0326,732.6007,523.5654,763.8583,707.678,613.8962,612.9194,527.9609,515.7509,666.7095,5.15,1.37,19.5,12
2018-05-16 9:41,0,0,0,0,0,0,0,0,0,0,0,0,0,0,0,0,0,0,1,1,0,699.8779,586.569,529.9146,636.8743,665.6899,572.8937,553.8462,652.9915,548.939,550.3158,600.0326,732.6007,523.5654,763.8583,707.678,613.8962,612.9194,527.9609,515.7509,680.8303,5.32,1.19,20,13
2018-05-16 9:46,0,0,0,0,0,0,0,0,0,0,0,0,0,0,0,0,0,0,1,1,0,724.7863,589.011,544.7131,628.5714,664.7131,570.9402,547.0085,652.9915,548.939,545.4318,600.0326,695.9707,493.7729,774.6031,693.9939,613.8962,613.8962,555.7997,529.9146,680.8303,5.33,1.34,21,13
2018-05-16 9:51,0,0,0,0,0,0,0,0,0,0,0,0,0,0,1,0,0,0,1,1,0,724.7863,589.011,544.7131,628.5714,664.7131,570.9402,547.0085,652.9915,548.939,545.4318,600.0326,695.9707,493.7729,774.6031,693.9939,613.8962,613.8962,555.7997,529.9146,680.8303,5.33,1.32,23,13
2018-05-16 9:56,0,0,0,0,0,0,0,0,0,0,0,0,0,0,0,0,0,1,1,1,0,724.7863,589.011,544.7131,628.5714,664.7131,570.9402,547.0085,652.9915,548.939,545.4318,600.0326,695.9707,493.7729,774.6031,693.9939,613.8962,613.8962,555.7997,529.9146,680.8303,5.32,1.22,24,13
2018-05-16 10:01,0,0,0,0,0,0,0,0,0,0,0,0,0,0,0,0,0,0,1,1,0,708.0923,584.6154,547.0085,615.873,660.8058,571.917,547.9854,652.9915,548.939,554.223,601.9862,676.9231,472.7717,771.6728,682.7607,611.9426,614.873,550.9158,523.5654,680.8303,5.33,1.39,22.5,13
2018-05-16 10:06,0,0,0,0,0,0,0,0,0,0,0,0,0,0,0,0,0,0,1,1,0,708.0923,584.6154,547.0085,615.873,660.8058,571.917,547.9854,652.9915,548.939,554.223,601.9862,676.9231,472.7717,771.6728,682.7607,611.9426,614.873,550.9158,523.5654,680.8303,5.09,1.36,20.5,13
2018-05-16 10:11,0,0,1,0,0,0,0,0,0,0,0,0,0,0,0,0,0,1,1,1,0,708.0923,584.6154,547.0085,615.873,660.8058,571.917,547.9854,654.9451,548.939,554.223,601.9862,676.9231,472.7717,771.6728,682.7607,611.9426,614.873,550.9158,523.5654,687.6679,4.92,1.26,19.5,10
2018-05-16 10:16,0,0,0,0,0,0,0,0,0,0,0,0,0,0,0,0,0,1,1,1,0,690.5983,579.7314,553.8462,628.5714,663.7363,570.9402,553.8462,654.9451,548.939,549.339,604.9166,675.9463,472.7717,731.624,693.0171,611.9426,613.8962,562.6374,520.6349,687.6679,5.16,1.3,19,11
2018-05-16 10:21,0,0,0,0,0,0,0,0,0,0,0,0,0,0,0,0,0,0,1,1,0,690.5983,579.7314,553.8462,628.5714,663.7363,570.9402,553.8462,654.9451,548.939,549.339,604.9166,675.9463,472.7717,731.624,693.0171,611.9426,613.8962,562.6374,520.6349,687.6679,5.17,1.22,20,11
2018-05-16 10:26,0,0,0,0,0,0,0,0,0,0,0,0,0,0,0,0,0,0,1,1,0,690.5983,579.7314,553.8462,628.5714,663.7363,570.9402,553.8462,654.9451,548.939,549.339,604.9166,675.9463,472.7717,731.624,693.0171,611.9426,613.8962,562.6374,520.6349,687.6679,5.17,1.03,20.5,11
2018-05-16 10:31,0,0,0,0,0,0,0,0,0,0,0,0,0,0,0,0,0,0,1,1,0,693.0403,579.7314,564.591,624.6642,658.8522,574.8474,550.9158,654.9451,548.939,547.0653,605.8934,686.6911,471.7949,728.6935,704.7387,614.101,611.9426,564.5567,522.5886,687.6679,5.16,1.19,19.5,11
2018-05-16 10:36,0,0,0,0,0,0,0,0,0,0,0,0,0,0,0,0,0,0,1,1,0,693.0403,579.7314,564.591,624.6642,658.8522,574.8474,550.9158,654.9451,548.939,547.0653,605.8934,686.6911,471.7949,728.6935,704.7387,614.101,611.9426,564.5567,522.5886,687.6679,5.16,1.15,19,12
2018-05-16 10:41,0,0,0,0,0,0,0,0,0,0,0,0,0,0,0,0,0,0,1,1,0,693.0403,579.7314,564.591,624.6642,658.8522,574.8474,550.9158,657.8754,548.939,547.0653,605.8934,686.6911,471.7949,728.6935,704.7387,614.101,611.9426,564.5567,522.5886,674.9695,5.16,1.19,20,13
2018-05-16 10:46,0,0,0,0,0,0,0,0,0,0,0,0,0,0,0,0,0,0,1,1,0,696.9475,593.895,544.5665,626.6178,669.597,581.685,551.8926,657.8754,548.939,548.3622,616.1385,675.9463,471.7949,735.0427,705.7155,613.8962,616.8266,558.7302,533.8217,674.9695,5.16,1.22,21,13
2018-05-16 10:51,0,0,0,0,0,0,0,0,0,0,0,0,0,0,0,0,0,0,1,1,0,696.9475,593.895,544.5665,626.6178,669.597,581.685,551.8926,657.8754,548.939,548.3622,616.1385,675.9463,471.7949,735.0427,705.7155,613.8962,616.8266,558.7302,533.8217,674.9695,4.91,1.14,21,13
2018-05-16 10:56,0,0,0,0,0,0,0,0,0,0,0,0,0,0,0,0,0,0,1,1,0,696.9475,593.895,544.5665,626.6178,669.597,581.685,551.8926,657.8754,548.939,548.3622,616.1385,675.9463,471.7949,735.0427,705.7155,613.8962,616.8266,558.7302,533.8217,674.9695,4.92,1.19,21,11
2018-05-16 11:01,0,0,0,0,0,0,0,0,0,0,0,0,0,0,0,0,0,0,1,1,0,710.4884,598.779,554.823,635.8975,667.6434,586.569,565.5678,657.8754,548.939,556.1766,613.2194,682.7839,472.7717,728.6935,704.7387,613.8962,619.757,529.9146,529.9146,674.9695,4.92,1.07,21,12
2018-05-16 11:06,0,0,0,0,0,0,0,0,0,0,0,0,0,0,0,0,0,1,1,1,0,710.4884,598.779,554.823,635.8975,667.6434,586.569,565.5678,657.8754,548.939,556.1766,613.2194,682.7839,472.7717,728.6935,704.7387,613.8962,619.757,529.9146,529.9146,674.9695,4.92,1.21,21,12
2018-05-16 11:11,0,0,1,0,0,0,0,0,0,0,0,0,0,0,0,0,0,0,1,1,0,710.4884,598.779,554.823,635.8975,667.6434,586.569,565.5678,683.6936,548.939,556.1766,613.2194,682.7839,472.7717,728.6935,704.7387,613.8962,619.757,529.9146,529.9146,685.7143,4.91,1.38,22.5,12
2018-05-16 11:16,0,0,0,0,0,0,0,0,0,0,0,0,0,0,0,0,0,0,1,1,0,742.8571,620.757,555.7997,689.6215,707.6923,613.9194,596.8254,683.6936,548.939,562.0374,622.0106,700.8547,491.8193,759.9512,725.7287,640.7582,636.8511,606.2734,550.9158,685.7143,4.91,1.2,23.5,10
2018-05-16 11:21,0,0,0,0,0,0,0,0,0,0,0,0,0,0,0,0,0,0,1,1,0,742.8571,620.757,555.7997,689.6215,707.6923,613.9194,596.8254,683.6936,548.939,562.0374,622.0106,700.8547,491.8193,759.9512,725.7287,640.7582,636.8511,606.2734,550.9158,685.7143,5.09,1.09,23,11
2018-05-16 11:26,0,0,0,0,0,0,0,0,0,0,0,0,0,0,1,0,0,0,1,1,0,742.8571,620.757,555.7997,689.6215,707.6923,613.9194,596.8254,683.6936,548.939,562.0374,622.0106,700.8547,491.8193,759.9512,725.7287,640.7582,636.8511,606.2734,550.9158,685.7143,5.45,1.29,21.5,11
2018-05-16 11:31,0,0,0,0,1,0,0,0,0,0,0,0,0,0,0,0,0,0,1,1,0,775.58,656.8986,505.0061,730.6472,726.7399,659.829,630.0366,683.6936,548.939,597.2022,629.3366,751.6483,535.7753,745.7875,714.9951,661.6546,669.5739,630.0366,548.8645,685.7143,5.45,1.23,21.5,13
2018-05-16 11:36,0,0,0,0,0,0,0,0,0,0,0,0,0,0,0,0,0,0,1,1,0,775.58,656.8986,505.0061,730.6472,726.7399,659.829,630.0366,683.6936,548.939,597.2022,629.3366,751.6483,535.7753,745.7875,714.9951,661.6546,669.5739,630.0366,548.8645,685.7143,5.45,1.4,24,10
2018-05-16 11:41,1,1,0,0,0,0,0,0,0,0,0,0,0,0,0,0,0,0,1,1,1,775.58,656.8986,505.0061,730.6472,726.7399,659.829,630.0366,735.0427,548.939,597.2022,629.3366,751.6483,535.7753,745.7875,714.9951,661.6546,669.5739,630.0366,548.8645,744.8107,5.46,1.05,22.5,10
2018-05-16 11:46,0,0,0,0,0,0,0,0,0,0,0,0,0,0,0,0,0,0,1,1,0,821.0012,682.7839,505.0061,736.0195,748.718,668.6202,649.5726,735.0427,548.939,610.3778,622.9874,780.9523,568.0098,757.9976,708.6459,685.6911,682.7607,649.5726,560.6838,744.8107,5.23,1.29,20,13
2018-05-16 11:51,0,0,0,0,0,0,0,0,0,0,0,0,0,0,0,0,0,0,1,1,0,821.0012,682.7839,505.0061,736.0195,748.718,668.6202,649.5726,735.0427,548.939,610.3778,622.9874,780.9523,568.0098,757.9976,708.6459,685.6911,682.7607,649.5726,560.6838,744.8107,5.22,1.09,19,14
2018-05-16 11:56,1,1,0,0,0,0,0,0,0,0,0,0,0,0,0,0,0,0,0,0,0,821.0012,682.7839,505.0061,736.0195,748.718,668.6202,649.5726,735.0427,548.939,610.3778,622.9874,780.9523,568.0098,757.9976,708.6459,685.6911,682.7607,649.5726,560.6838,744.8107,5.46,1.23,19,13
2018-05-16 12:01,0,0,0,0,0,0,0,0,0,0,0,0,0,0,0,0,0,0,1,1,0,814.652,706.7155,485.9585,667.6434,742.8571,631.0134,604.6398,735.0427,548.939,604.0399,634.2206,842.9792,605.6166,730.6472,671.2439,673.9695,669.5739,594.8718,583.6385,744.8107,5.28,1.25,19,13
2018-05-16 12:06,0,0,0,0,0,0,0,0,0,0,0,0,0,0,0,0,0,0,1,1,0,814.652,706.7155,485.9585,667.6434,742.8571,631.0134,604.6398,735.0427,548.939,604.0399,634.2206,842.9792,605.6166,730.6472,671.2439,673.9695,669.5739,594.8718,583.6385,744.8107,5.28,1.4,21,14
2018-05-16 12:11,0,0,0,0,0,0,0,0,0,0,0,0,0,0,0,0,0,0,1,1,0,814.652,706.7155,485.9585,667.6434,742.8571,631.0134,604.6398,697.9779,548.939,604.0399,634.2206,842.9792,605.6166,730.6472,671.2439,673.9695,669.5739,594.8718,583.6385,750.6495,5.27,1.2,24.5,14
2018-05-16 12:16,0,0,0,0,0,0,0,0,0,0,0,0,0,0,0,0,0,0,1,1,0,786.8132,642.735,509.8901,661.7827,704.7619,601.7094,581.685,697.9779,548.939,598.179,641.0582,793.6508,590.9646,765.812,678.8535,641.735,638.8046,580.7082,582.6617,750.6495,5.33,1.09,23,18
2018-05-16 12:21,0,0,0,0,0,0,0,0,0,0,0,0,0,0,1,0,0,0,1,1,0,786.8132,642.735,509.8901,661.7827,704.7619,601.7094,581.685,697.9779,548.939,598.179,641.0582,793.6508,590.9646,765.812,678.8535,641.735,638.8046,580.7082,582.6617,750.6495,5.33,1.16,24.5,16
2018-05-16 12:26,0,0,0,0,0,0,0,0,0,0,0,0,0,0,0,0,0,0,1,1,0,786.8132,642.735,509.8901,661.7827,704.7619,601.7094,581.685,697.9779,548.939,598.179,641.0582,793.6508,590.9646,765.812,678.8535,641.735,638.8046,580.7082,582.6617,750.6495,5.33,1.07,26,16
2018-05-16 12:31,0,0,0,0,0,0,0,0,0,0,0,0,0,0,0,0,0,0,1,1,0,749.6947,621.7338,504.0293,647.6191,682.7839,599.7558,568.0098,697.9779,548.939,576.2285,652.2825,739.9267,537.7289,733.5775,661.7595,631.967,630.0134,565.5678,564.591,750.6495,5.33,1.13,26,15
2018-05-16 12:36,0,0,0,0,1,0,0,0,0,0,0,0,0,0,0,0,0,0,1,1,0,749.6947,621.7338,504.0293,647.6191,682.7839,599.7558,568.0098,697.9779,548.939,576.2285,652.2825,739.9267,537.7289,733.5775,661.7595,631.967,630.0134,565.5678,564.591,750.6495,5.33,1.08,27,14
2018-05-16 12:41,0,0,0,0,0,0,0,0,0,0,0,0,0,0,0,0,0,0,1,0,0,749.6947,621.7338,504.0293,647.6191,682.7839,599.7558,568.0098,667.6434,548.939,576.2285,652.2825,739.9267,537.7289,733.5775,661.7595,631.967,630.0134,565.5678,564.591,721.856,5.15,1.19,25.5,14
2018-05-16 12:46,0,0,0,0,0,0,0,0,0,0,0,0,0,1,0,0,0,0,1,1,0,762.7767,638.8278,505.9829,634.9207,676.9231,589.9878,559.707,667.6434,548.939,576.201,662.0594,714.0415,500.6105,715.9951,659.8058,625.6178,631.967,591.9414,552.8694,721.856,5.16,1.33,24,13
2018-05-16 12:51,0,0,0,0,0,0,0,0,0,0,0,0,0,0,0,0,0,0,1,1,0,762.7767,638.8278,505.9829,634.9207,676.9231,589.9878,559.707,667.6434,548.939,576.201,662.0594,714.0415,500.6105,715.9951,659.8058,625.6178,631.967,591.9414,552.8694,721.856,5.16,1.28,24,14
2018-05-16 12:56,0,0,0,0,0,0,0,0,0,0,0,0,0,0,0,0,0,0,1,1,0,762.7767,638.8278,505.9829,634.9207,676.9231,589.9878,559.707,667.6434,548.939,576.201,662.0594,714.0415,500.6105,715.9951,659.8058,625.6178,631.967,591.9414,552.8694,721.856,4.92,1.07,23.5,16
2018-05-16 13:01,0,0,0,0,0,0,0,0,0,0,0,0,0,0,0,0,0,0,1,1,1,749.6947,640.7814,509.8901,677.8999,690.5983,612.9426,600.7326,667.6434,548.939,582.0618,660.1058,715.9951,496.7033,831.746,659.8058,643.6887,650.0378,602.4302,585.5922,721.856,5.35,1.09,24.5,15
2018-05-16 13:06,0,0,0,0,0,0,0,0,0,0,0,0,0,0,0,0,0,0,1,1,0,749.6947,640.7814,509.8901,677.8999,690.5983,612.9426,600.7326,667.6434,548.939,582.0618,660.1058,715.9951,496.7033,831.746,659.8058,643.6887,650.0378,602.4302,585.5922,721.856,5.35,1.09,24,14
2018-05-16 13:11,0,0,0,0,0,0,0,0,0,0,0,0,0,0,0,0,0,0,1,1,0,749.6947,640.7814,509.8901,677.8999,690.5983,612.9426,600.7326,702.8083,548.939,582.0618,660.1058,715.9951,496.7033,831.746,659.8058,643.6887,650.0378,602.4302,585.5922,737.9619,5.35,1.28,23,13
2018-05-16 13:16,0,0,0,0,0,0,0,0,0,0,0,0,0,0,0,0,0,0,1,1,0,772.6496,673.9797,498.6569,696.9475,703.7851,631.0134,602.6862,702.8083,548.939,597.2861,667.9202,730.6472,514.7741,795.6044,672.9927,660.7827,660.7827,619.7802,570.9402,737.9619,5.35,1.2,24,12
2018-05-16 13:21,0,0,0,0,0,0,0,0,0,0,0,0,0,0,0,0,0,0,1,1,0,772.6496,673.9797,498.6569,696.9475,703.7851,631.0134,602.6862,702.8083,548.939,597.2861,667.9202,730.6472,514.7741,795.6044,672.9927,660.7827,660.7827,619.7802,570.9402,737.9619,5.35,1.07,23.5,13
2018-05-16 13:26,0,0,0,0,0,0,0,0,0,0,0,0,0,0,0,0,0,0,1,1,0,772.6496,673.9797,498.6569,696.9475,703.7851,631.0134,602.6862,702.8083,548.939,597.2861,667.9202,730.6472,514.7741,795.6044,672.9927,660.7827,660.7827,619.7802,570.9402,737.9619,5.17,1.07,24,13
2018-05-16 13:31,0,0,0,0,0,0,0,0,0,0,0,0,0,0,0,0,0,0,1,1,1,771.6728,673.9927,511.8437,694.9939,715.9951,642.735,619.7802,702.8083,548.939,602.0862,667.9202,736.0195,518.6813,781.9291,678.8535,672.9927,669.5739,619.7802,568.0098,737.9619,4.92,1.23,25,14
2018-05-16 13:36,0,0,0,0,0,0,0,0,0,0,0,0,0,0,0,0,0,0,1,1,0,771.6728,673.9927,511.8437,694.9939,715.9951,642.735,619.7802,702.8083,548.939,602.0862,667.9202,736.0195,518.6813,781.9291,678.8535,672.9927,669.5739,619.7802,568.0098,737.9619,4.92,1.07,24.5,13
2018-05-16 13:41,0,0,0,0,0,0,0,0,0,0,0,0,0,0,0,0,0,0,1,1,0,771.6728,673.9927,511.8437,694.9939,715.9951,642.735,619.7802,719.9023,548.939,602.0862,667.9202,736.0195,518.6813,781.9291,678.8535,672.9927,669.5739,619.7802,568.0098,760.928,5.04,1.08,24,12
2018-05-16 13:46,0,0,0,0,0,0,0,0,0,0,0,0,0,0,0,0,0,1,1,1,0,786.8132,676.6671,504.0293,710.6227,729.6703,645.6655,621.7338,719.9023,548.939,617.2266,672.3159,770.696,532.8449,754.5787,683.9473,672.9927,675.9231,623.6874,589.011,760.928,5.04,1.22,24,11
2018-05-16 13:51,0,0,0,0,0,0,0,0,0,0,0,0,0,0,1,0,0,0,1,1,0,786.8132,676.6671,504.0293,710.6227,729.6703,645.6655,621.7338,719.9023,548.939,617.2266,672.3159,770.696,532.8449,754.5787,683.9473,672.9927,675.9231,623.6874,589.011,760.928,5.04,1.23,23.5,13
2018-05-16 13:56,0,0,0,0,0,0,0,0,0,0,0,0,0,0,0,0,0,1,1,1,0,786.8132,676.6671,504.0293,710.6227,729.6703,645.6655,621.7338,719.9023,548.939,617.2266,672.3159,770.696,532.8449,754.5787,683.9473,672.9927,675.9231,623.6874,589.011,760.928,4.92,1.08,24,14
2018-05-16 14:01,0,0,0,0,0,0,0,0,0,0,0,0,0,0,0,0,0,0,1,1,0,787.79,669.597,516.7277,723.8095,729.6703,648.5959,631.9902,719.9023,548.939,619.1802,677.6,775.7265,568.0098,848.84,711.5763,678.8535,675.9231,630.0366,592.9182,760.928,4.92,1.1,23.5,12
2018-05-16 14:06,0,0,0,0,0,0,0,0,0,0,0,0,0,0,0,0,0,0,1,1,0,787.79,669.597,516.7277,723.8095,729.6703,648.5959,631.9902,719.9023,548.939,619.1802,677.6,775.7265,568.0098,848.84,711.5763,678.8535,675.9231,630.0366,592.9182,760.928,4.92,1.2,22,15
2018-05-16 14:11,0,0,0,0,0,0,0,0,0,0,0,0,0,0,0,0,0,0,0,0,0,787.79,669.597,516.7277,723.8095,729.6703,648.5959,631.9902,732.4958,548.939,619.1802,677.6,775.7265,568.0098,848.84,711.5763,678.8535,675.9231,630.0366,592.9182,778.9988,4.91,1.1,24,15
2018-05-16 14:16,0,0,0,0,0,0,0,0,0,0,0,0,0,0,1,0,0,1,1,1,0,808.5959,682.7839,542.6129,717.9487,733.5775,656.8986,635.8975,732.4958,548.939,625.041,673.2837,758.9744,542.6129,778.9988,728.6703,682.7431,679.8303,628.5714,593.895,778.9988,4.92,1.1,25,15
2018-05-16 14:21,0,0,0,0,0,0,0,0,0,0,0,0,0,0,0,0,0,0,1,1,0,808.5959,682.7839,542.6129,717.9487,733.5775,656.8986,635.8975,732.4958,548.939,625.041,673.2837,758.9744,542.6129,778.9988,728.6703,682.7431,679.8303,628.5714,593.895,778.9988,5.1,1.24,24.5,15
2018-05-16 14:26,0,0,0,0,0,0,0,0,0,0,0,0,0,0,0,0,0,0,1,1,1,808.5959,682.7839,542.6129,717.9487,733.5775,656.8986,635.8975,732.4958,548.939,625.041,673.2837,758.9744,542.6129,778.9988,728.6703,682.7431,679.8303,628.5714,593.895,778.9988,5.09,1.21,25,14
2018-05-16 14:31,0,0,0,0,0,0,0,0,0,0,0,0,0,0,0,0,0,0,1,1,1,813.6752,684.5421,540.6594,727.7167,742.8571,664.7131,637.8511,732.4958,548.939,630.4135,685.0143,764.8351,539.6826,857.6313,723.7863,693.0171,689.5983,638.8278,601.7094,778.9988,5.1,1.09,25.5,14
2018-05-16 14:36,0,0,0,0,0,0,0,0,0,0,0,0,0,0,0,0,0,0,1,1,0,813.6752,684.5421,540.6594,727.7167,742.8571,664.7131,637.8511,732.4958,548.939,630.4135,685.0143,764.8351,539.6826,857.6313,723.7863,693.0171,689.5983,638.8278,601.7094,778.9988,5.09,1.23,25,15
2018-05-16 14:41,0,0,0,0,0,0,0,0,0,0,0,0,0,0,0,0,0,0,1,1,0,813.6752,684.5421,540.6594,727.7167,742.8571,664.7131,637.8511,738.9499,548.939,630.4135,685.0143,764.8351,539.6826,857.6313,723.7863,693.0171,689.5983,638.8278,601.7094,777.0452,5.09,1.17,25,14
2018-05-16 14:46,0,0,0,0,0,0,0,0,0,0,0,0,0,0,0,0,0,1,1,1,0,809.768,700.8547,527.9609,717.9487,750.6715,666.6666,636.8743,738.9499,548.939,642.1351,687.9447,764.8351,549.939,848.84,715.9719,701.8083,698.8779,639.8046,602.6862,777.0452,5.34,1.09,26,14
2018-05-16 14:51,0,0,0,0,0,0,0,0,0,0,0,0,0,1,0,0,0,0,1,1,0,809.768,700.8547,527.9609,717.9487,750.6715,666.6666,636.8743,738.9499,548.939,642.1351,687.9447,764.8351,549.939,848.84,715.9719,701.8083,698.8779,639.8046,602.6862,777.0452,5.35,1.4,26,14
2018-05-16 14:56,0,0,1,0,0,0,0,0,0,0,0,0,0,0,0,0,0,0,1,1,0,809.768,700.8547,527.9609,717.9487,750.6715,666.6666,636.8743,738.9499,548.939,642.1351,687.9447,764.8351,549.939,848.84,715.9719,701.8083,698.8779,639.8046,602.6862,777.0452,5.35,1.32,26,14
2018-05-16 15:01,0,0,0,0,0,0,0,0,0,0,0,0,0,0,0,0,0,0,1,1,0,796.5812,691.5751,523.5654,719.9023,748.718,661.7827,638.8278,738.9499,548.939,645.0655,699.1779,773.6264,556.7766,811.7216,704.7387,711.8835,703.7619,610.989,625.641,777.0452,5.23,1.23,25,15
2018-05-16 15:06,0,0,0,0,0,0,0,0,0,0,0,0,0,0,0,0,0,0,1,1,0,796.5812,691.5751,523.5654,719.9023,748.718,661.7827,638.8278,738.9499,548.939,645.0655,699.1779,773.6264,556.7766,811.7216,704.7387,711.8835,703.7619,610.989,625.641,777.0452,4.98,1.3,24.5,15
2018-05-16 15:11,0,0,0,0,0,0,0,0,0,0,0,0,0,0,0,0,0,0,1,1,0,796.5812,691.5751,523.5654,719.9023,748.718,661.7827,638.8278,742.8571,548.939,645.0655,699.1779,773.6264,556.7766,811.7216,704.7387,711.8835,703.7619,610.989,625.641,799.0232,4.98,1.08,24.5,12
2018-05-16 15:16,0,0,0,0,0,0,0,0,0,0,0,0,0,0,0,0,0,0,1,1,0,812.6985,691.5751,552.8694,726.7399,747.7411,664.7131,645.6655,742.8571,548.939,644.0887,704.0619,774.6031,555.7997,804.884,676.8999,700.8405,702.7851,631.9902,612.9426,799.0232,4.98,1.08,24.5,12
2018-05-16 15:21,0,0,0,0,0,0,0,0,0,0,0,0,0,0,0,0,0,0,1,1,0,812.6985,691.5751,552.8694,726.7399,747.7411,664.7131,645.6655,742.8571,548.939,644.0887,704.0619,774.6031,555.7997,804.884,676.8999,700.8405,702.7851,631.9902,612.9426,799.0232,4.98,1.32,23,12
2018-05-16 15:26,0,0,0,0,0,0,0,0,0,0,0,0,0,0,0,0,0,0,1,1,0,812.6985,691.5751,552.8694,726.7399,747.7411,664.7131,645.6655,742.8571,548.939,644.0887,704.0619,774.6031,555.7997,804.884,676.8999,700.8405,702.7851,631.9902,612.9426,799.0232,4.98,1.07,22.5,11
2018-05-16 15:31,0,0,0,0,0,0,0,0,0,0,0,0,0,0,0,0,0,0,1,1,0,807.7113,693.0403,594.8718,723.8095,752.6251,662.7595,645.6655,742.8571,548.939,650.4379,713.3415,774.6031,556.7766,790.7204,681.7839,706.6923,702.949,652.0146,617.8266,799.0232,4.98,1.21,22.3333,11
2018-05-16 15:36,0,0,1,0,0,0,0,0,0,0,0,0,0,0,0,0,0,0,1,1,0,807.7113,693.0403,594.8718,723.8095,752.6251,662.7595,645.6655,742.8571,548.939,650.4379,713.3415,774.6031,556.7766,790.7204,681.7839,706.6923,702.949,652.0146,617.8266,799.0232,4.97,1.26,22,11
2018-05-16 15:41,1,0,0,0,0,0,0,0,0,0,0,0,0,0,0,0,0,0,1,1,0,807.7113,693.0403,594.8718,723.8095,752.6251,662.7595,645.6655,747.7411,548.939,650.4379,713.3415,774.6031,556.7766,790.7204,681.7839,706.6923,702.949,652.0146,617.8266,788.1417,4.97,1.06,20,10
2018-05-16 15:46,0,0,0,0,0,0,0,0,0,0,0,0,0,0,0,0,0,0,1,1,0,795.6044,695.9707,552.8694,720.4884,748.718,658.8522,644.6887,747.7411,548.939,647.9959,711.8763,777.0452,555.7997,795.6044,695.9475,695.9475,705.7155,657.8754,610.0122,788.1417,4.98,1.06,20.5,10
2018-05-16 15:51,0,0,0,0,0,0,0,0,0,0,0,0,0,0,0,0,0,0,1,1,0,795.6044,695.9707,552.8694,720.4884,748.718,658.8522,644.6887,747.7411,548.939,647.9959,711.8763,777.0452,555.7997,795.6044,695.9475,695.9475,705.7155,657.8754,610.0122,788.1417,4.98,1.17,19,9
2018-05-16 15:56,0,0,0,0,0,0,0,0,0,0,0,0,0,0,0,0,0,0,1,1,0,795.6044,695.9707,552.8694,720.4884,748.718,658.8522,644.6887,747.7411,548.939,647.9959,711.8763,777.0452,555.7997,795.6044,695.9475,695.9475,705.7155,657.8754,610.0122,788.1417,4.98,1.09,17,11
2018-05-16 16:01,0,0,0,0,0,0,0,0,0,0,0,0,0,0,0,0,0,0,1,1,0,805.8608,694.0171,527.9609,727.7167,752.6251,663.7363,644.6887,747.7411,548.939,652.2866,704.0619,777.0452,552.8694,774.6031,680.8071,698.9315,703.7619,658.8522,615.873,788.1417,4.98,1.18,17,10
2018-05-16 16:06,0,0,1,0,0,0,0,0,0,0,0,0,0,0,0,0,0,0,1,1,0,805.8608,694.0171,527.9609,727.7167,752.6251,663.7363,644.6887,747.7411,548.939,652.2866,704.0619,777.0452,552.8694,774.6031,680.8071,698.9315,703.7619,658.8522,615.873,788.1417,4.98,1.17,17,10
2018-05-16 16:11,0,0,1,0,0,0,0,0,0,0,0,0,0,0,0,0,0,0,1,1,0,805.8608,694.0171,527.9609,727.7167,752.6251,663.7363,644.6887,749.6947,548.939,652.2866,704.0619,777.0452,552.8694,774.6031,680.8071,698.9315,703.7619,658.8522,615.873,774.6031,4.98,1.17,17.5,8
2018-05-16 16:16,0,0,0,0,0,0,0,0,0,0,0,0,0,0,0,0,0,0,1,1,0,789.7436,680.4786,562.6374,712.5763,757.0208,672.0391,647.6191,749.6947,548.939,646.0423,707.9691,769.7192,552.8694,763.8583,690.5751,702.7851,699.8547,647.6191,607.5702,774.6031,4.98,1.25,18,8
2018-05-16 16:21,0,0,0,0,0,0,0,0,0,0,0,0,0,0,0,0,0,0,0,0,0,789.7436,680.4786,562.6374,712.5763,757.0208,672.0391,647.6191,749.6947,548.939,646.0423,707.9691,769.7192,552.8694,763.8583,690.5751,702.7851,699.8547,647.6191,607.5702,774.6031,4.98,1.07,18,7
2018-05-16 16:26,0,0,1,0,0,0,0,0,0,0,0,0,0,0,0,0,0,0,1,1,1,789.7436,680.4786,562.6374,712.5763,757.0208,672.0391,647.6191,749.6947,548.939,646.0423,707.9691,769.7192,552.8694,763.8583,690.5751,702.7851,699.8547,647.6191,607.5702,774.6031,4.98,1.21,17.5,7
2018-05-16 16:31,0,0,0,0,0,0,0,0,0,0,0,0,0,0,0,0,0,0,1,1,0,772.6496,664.7131,562.6374,725.7631,772.6496,666.6666,643.7119,749.6947,548.939,647.0191,705.0387,770.696,552.8694,763.8583,693.0611,698.8779,703.7619,651.0114,606.5934,774.6031,4.98,1.39,17,7
2018-05-16 16:36,0,0,1,0,0,0,0,0,0,0,0,0,0,0,0,0,0,0,1,1,0,772.6496,664.7131,562.6374,725.7631,772.6496,666.6666,643.7119,749.6947,548.939,647.0191,705.0387,770.696,552.8694,763.8583,693.0611,698.8779,703.7619,651.0114,606.5934,774.6031,4.99,1.1,17,6
2018-05-16 16:41,0,0,0,0,0,0,0,0,0,0,0,0,0,1,0,0,0,0,1,1,0,772.6496,664.7131,562.6374,725.7631,772.6496,666.6666,643.7119,743.8339,548.939,647.0191,705.0387,770.696,552.8694,763.8583,693.0611,698.8779,703.7619,651.0114,606.5934,782.4058,4.99,1.19,17.5,6
2018-05-16 16:46,0,0,0,0,0,0,0,0,0,0,0,0,0,0,0,0,0,0,1,1,0,782.9059,667.6322,533.8217,715.9951,769.7192,664.7131,643.7119,743.8339,548.939,639.2047,706.1204,779.9756,557.7534,766.7888,704.7387,701.8083,706.6923,630.0366,612.9426,782.4058,4.98,1.05,17.5,7
2018-05-16 16:51,0,0,0,0,0,0,0,0,0,0,0,0,0,0,0,0,0,0,1,1,0,782.9059,667.6322,533.8217,715.9951,769.7192,664.7131,643.7119,743.8339,548.939,639.2047,706.1204,779.9756,557.7534,766.7888,704.7387,701.8083,706.6923,630.0366,612.9426,782.4058,4.99,1.17,18,7
2018-05-16 16:56,0,0,0,0,0,0,0,0,0,0,0,0,0,0,0,0,0,0,1,1,0,782.9059,667.6322,533.8217,715.9951,769.7192,664.7131,643.7119,743.8339,548.939,639.2047,706.1204,779.9756,557.7534,766.7888,704.7387,701.8083,706.6923,630.0366,612.9426,782.4058,4.99,1.05,18.5,8
2018-05-16 17:01,0,0,0,0,0,0,0,0,0,0,0,0,0,0,0,0,0,0,1,1,0,772.6496,669.597,552.8694,726.7399,757.0208,667.6434,649.5726,743.8339,548.939,644.0711,703.0851,788.7668,555.7997,828.8157,692.0403,694.9707,705.7155,633.9438,618.8034,782.4058,4.99,1.22,18,8
2018-05-16 17:06,0,0,0,0,0,0,0,0,0,0,0,0,0,0,0,0,0,0,1,1,1,772.6496,669.597,552.8694,726.7399,757.0208,667.6434,649.5726,743.8339,548.939,644.0711,703.0851,788.7668,555.7997,828.8157,692.0403,694.9707,705.7155,633.9438,618.8034,782.4058,4.99,1.18,18.5,8
2018-05-16 17:11,0,0,0,0,1,0,0,0,0,0,0,0,0,1,1,0,0,0,1,1,0,772.6496,669.597,552.8694,726.7399,757.0208,667.6434,649.5726,741.8803,548.939,644.0711,703.0851,788.7668,555.7997,828.8157,692.0403,694.9707,705.7155,633.9438,618.8034,768.7424,4.99,1.18,19.5,10
2018-05-16 17:16,0,0,0,0,1,0,0,0,0,0,0,0,0,1,1,0,0,0,1,1,0,787.79,661.3826,516.7277,722.8327,754.5787,667.6434,640.7814,741.8803,548.939,646.0423,697.2242,775.58,555.7997,775.58,686.504,694.9707,704.0179,619.7802,617.8266,768.7424,4.98,1.26,20,10
2018-05-16 17:21,0,0,0,0,0,0,0,0,0,0,0,0,0,0,0,0,0,1,1,1,0,787.79,661.3826,516.7277,722.8327,754.5787,667.6434,640.7814,741.8803,548.939,646.0423,697.2242,775.58,555.7997,775.58,686.504,694.9707,704.0179,619.7802,617.8266,768.7424,4.8,1.03,20,9
2018-05-16 17:26,0,0,0,0,0,0,0,0,0,0,0,0,0,0,0,0,0,0,1,1,0,787.79,661.3826,516.7277,722.8327,754.5787,667.6434,640.7814,741.8803,548.939,646.0423,697.2242,775.58,555.7997,775.58,686.504,694.9707,704.0179,619.7802,617.8266,768.7424,4.8,1.06,19,9
2018-05-16 17:31,0,0,0,0,0,0,0,0,0,0,0,0,0,0,0,0,0,0,1,1,0,780.9523,666.6392,495.7265,720.8792,757.0208,667.6434,643.7119,741.8803,548.939,638.2278,694.2939,761.9048,546.0317,753.6019,659.8148,699.8547,694.9707,624.6642,600.7326,768.7424,4.81,1.12,18,9
2018-05-16 17:36,0,0,0,0,0,0,0,0,0,0,0,0,0,0,0,0,0,0,1,1,0,780.9523,666.6392,495.7265,720.8792,757.0208,667.6434,643.7119,741.8803,548.939,638.2278,694.2939,761.9048,546.0317,753.6019,659.8148,699.8547,694.9707,624.6642,600.7326,768.7424,4.81,1.29,16.5,8
2018-05-16 17:41,0,0,0,0,0,0,0,0,0,0,0,0,0,0,0,0,0,0,1,1,0,780.9523,666.6392,495.7265,720.8792,757.0208,667.6434,643.7119,745.7875,548.939,638.2278,694.2939,761.9048,546.0317,753.6019,659.8148,699.8547,694.9707,624.6642,600.7326,764.8351,4.81,1.14,15,5
2018-05-16 17:46,0,0,0,0,0,0,0,0,0,0,0,0,0,0,0,0,0,0,1,1,0,785.8364,666.6666,488.0098,722.8327,757.0208,666.6666,642.735,745.7875,548.939,626.9946,701.1315,754.5787,535.7753,749.6947,662.7363,689.5983,684.7143,641.7582,584.6154,764.8351,4.81,1.02,13,6
2018-05-16 17:51,1,0,0,0,0,0,0,0,0,0,0,0,0,0,0,0,0,0,1,1,0,785.8364,666.6666,488.0098,722.8327,757.0208,666.6666,642.735,745.7875,548.939,626.9946,701.1315,754.5787,535.7753,749.6947,662.7363,689.5983,684.7143,641.7582,584.6154,764.8351,4.57,1.02,12.6667,3
2018-05-16 17:56,0,0,0,0,0,0,0,0,0,0,0,0,0,0,0,0,0,0,1,1,0,785.8364,666.6666,488.0098,722.8327,757.0208,666.6666,642.735,745.7875,548.939,626.9946,701.1315,754.5787,535.7753,749.6947,662.7363,689.5983,684.7143,641.7582,584.6154,764.8351,4.57,1.08,12,3
2018-05-16 18:01,0,0,0,0,0,0,0,0,0,0,0,0,0,0,0,0,0,0,1,1,0,778.9988,673.9927,492.7961,743.8339,758.9744,672.0391,648.5959,745.7875,548.939,631.3903,686.9679,745.7875,533.8217,750.6715,645.6423,682.7607,685.6911,635.8975,576.801,764.8351,4.57,1.27,10,3
2018-05-16 18:06,0,0,0,0,0,0,0,0,0,0,0,0,0,0,0,0,0,0,1,1,0,778.9988,673.9927,492.7961,743.8339,758.9744,672.0391,648.5959,745.7875,548.939,631.3903,686.9679,745.7875,533.8217,750.6715,645.6423,682.7607,685.6911,635.8975,576.801,764.8351,4.64,1.13,9.5,3
2018-05-16 18:11,0,0,0,0,0,0,0,0,0,0,0,0,0,0,0,0,0,0,1,1,0,778.9988,673.9927,492.7961,743.8339,758.9744,672.0391,648.5959,745.7875,548.939,631.3903,686.9679,745.7875,533.8217,750.6715,645.6423,682.7607,685.6911,635.8975,576.801,736.0195,4.64,1.1,9,3
2018-05-16 18:16,0,0,0,0,0,0,0,0,0,0,0,0,0,0,0,0,0,0,1,1,0,787.79,663.7363,514.7741,728.6935,763.8583,672.0391,652.0146,745.7875,548.939,623.0875,688.9215,733.5775,533.8217,749.6947,653.7812,680.8071,682.7607,631.9902,583.6385,736.0195,4.82,1.39,9,2
2018-05-16 18:21,0,0,0,0,0,0,0,0,0,0,0,0,0,0,0,0,0,0,1,1,0,787.79,663.7363,514.7741,728.6935,763.8583,672.0391,652.0146,745.7875,548.939,623.0875,688.9215,733.5775,533.8217,749.6947,653.7812,680.8071,682.7607,631.9902,583.6385,736.0195,4.64,1.37,9,2
2018-05-16 18:26,0,0,0,0,0,0,0,0,0,0,0,0,0,0,0,0,0,0,1,1,0,787.79,663.7363,514.7741,728.6935,763.8583,672.0391,652.0146,745.7875,548.939,623.0875,688.9215,733.5775,533.8217,749.6947,653.7812,680.8071,682.7607,631.9902,583.6385,736.0195,4.63,1.56,8.5,3
2018-05-16 18:31,0,0,0,0,0,0,0,0,0,0,0,0,0,0,0,0,0,0,1,1,0,789.7436,670.5464,525.0305,733.5775,761.9048,673.0159,652.8938,745.7875,548.939,622.1107,689.8983,730.6472,530.8913,726.7399,659.8058,672.9927,683.7234,624.6642,573.8705,736.0195,4.63,1.43,8.5,3
2018-05-16 18:36,0,0,0,0,0,0,0,0,0,0,0,0,0,0,0,0,0,0,1,1,0,789.7436,670.5464,525.0305,733.5775,761.9048,673.0159,652.8938,745.7875,548.939,622.1107,689.8983,730.6472,530.8913,726.7399,659.8058,672.9927,683.7234,624.6642,573.8705,736.0195,4.58,1.39,9,3
2018-05-16 18:41,0,0,0,0,0,0,0,0,0,0,0,0,0,0,0,0,0,0,1,1,0,789.7436,670.5464,525.0305,733.5775,761.9048,673.0159,652.8938,757.9976,548.939,622.1107,689.8983,730.6472,530.8913,726.7399,659.8058,672.9927,683.7234,624.6642,573.8705,761.6487,3.16,1.51,9,2
2018-05-16 18:46,0,0,0,0,0,0,0,0,0,0,0,0,0,0,0,0,0,1,1,1,0,802.9305,675.9463,538.7057,747.7411,763.8583,679.8535,656.8986,757.9976,548.939,622.1107,675.2463,736.0195,532.8449,733.5775,651.9915,683.7375,678.8535,624.6642,584.6154,761.6487,3.16,1.37,9,4
2018-05-16 18:51,0,0,0,0,0,0,0,0,0,0,0,0,0,0,0,0,0,0,1,1,0,802.9305,675.9463,538.7057,747.7411,763.8583,679.8535,656.8986,757.9976,548.939,622.1107,675.2463,736.0195,532.8449,733.5775,651.9915,683.7375,678.8535,624.6642,584.6154,761.6487,3.33,1.51,9,2
2018-05-16 18:56,0,0,0,0,0,0,0,0,0,0,0,0,0,0,0,0,0,0,1,1,0,802.9305,675.9463,538.7057,747.7411,763.8583,679.8535,656.8986,757.9976,548.939,622.1107,675.2463,736.0195,532.8449,733.5775,651.9915,683.7375,678.8535,624.6642,584.6154,761.6487,3.62,0.97,8,2
2018-05-16 19:01,0,0,0,0,0,0,0,0,0,0,0,0,0,0,0,0,0,0,1,1,0,786.5571,676.9231,530.8913,746.7643,771.6728,685.7143,661.7827,757.9976,548.939,624.0642,684.0375,741.8803,530.8913,761.9048,646.6191,685.6799,681.7839,600.7326,590.9646,761.6487,3.61,0.97,8,2
2018-05-16 19:06,0,0,0,0,0,0,0,0,0,0,0,0,0,0,0,0,0,0,1,1,0,786.5571,676.9231,530.8913,746.7643,771.6728,685.7143,661.7827,757.9976,548.939,624.0642,684.0375,741.8803,530.8913,761.9048,646.6191,685.6799,681.7839,600.7326,590.9646,761.6487,4.81,1.02,8,2
2018-05-16 19:11,0,0,0,0,0,0,0,0,0,0,0,0,0,0,0,0,0,0,1,1,0,786.5571,676.9231,530.8913,746.7643,771.6728,685.7143,661.7827,759.9512,548.939,624.0642,684.0375,741.8803,530.8913,761.9048,646.6191,685.6799,681.7839,600.7326,590.9646,751.6483,4.82,1.1,8,1
2018-05-16 19:16,0,0,0,0,0,0,0,0,0,0,0,0,0,0,0,0,0,0,1,1,0,778.0309,675.9463,505.9829,740.9035,768.7424,677.8999,659.829,759.9512,548.939,620.157,682.0839,725.7631,527.9609,769.7192,653.0026,680.8071,679.8303,585.5922,589.011,751.6483,4.81,1.14,8,1
2018-05-16 19:21,0,0,0,0,0,0,0,0,0,0,0,0,0,0,0,0,0,0,1,1,0,778.0309,675.9463,505.9829,740.9035,768.7424,677.8999,659.829,759.9512,548.939,620.157,682.0839,725.7631,527.9609,769.7192,653.0026,680.8071,679.8303,585.5922,589.011,751.6483,4.81,0.98,7.5,1
2018-05-16 19:26,0,0,0,0,0,0,0,0,0,0,0,0,0,0,0,0,0,0,1,1,0,778.0309,675.9463,505.9829,740.9035,768.7424,677.8999,659.829,759.9512,548.939,620.157,682.0839,725.7631,527.9609,769.7192,653.0026,680.8071,679.8303,585.5922,589.011,751.6483,4.8,1.03,6.5,0
2018-05-16 19:31,0,0,0,0,0,0,0,0,0,0,0,0,0,0,0,0,0,0,1,1,0,778.9988,673.9927,500.6105,736.9963,771.663,668.6202,648.5959,759.9512,548.939,618.2034,677.1999,751.6483,526.0073,775.58,645.6423,673.1975,682.7607,571.917,576.801,751.6483,4.79,0.99,6,0
2018-05-16 19:36,0,0,0,0,0,0,0,0,0,0,0,0,0,0,0,0,0,0,1,1,0,778.9988,673.9927,500.6105,736.9963,771.663,668.6202,648.5959,759.9512,548.939,618.2034,677.1999,751.6483,526.0073,775.58,645.6423,673.1975,682.7607,571.917,576.801,751.6483,4.37,1.02,5.5,0
2018-05-16 19:41,1,1,0,0,0,0,0,0,0,0,0,0,0,0,0,0,0,0,1,1,0,778.9988,673.9927,500.6105,736.9963,771.663,668.6202,648.5959,762.8816,548.939,618.2034,677.1999,751.6483,526.0073,775.58,645.6423,673.1975,682.7607,571.917,576.801,724.393,4.37,1,5,0
2018-05-16 19:46,0,0,0,0,0,0,0,0,0,0,0,0,0,0,0,0,0,0,1,1,0,800.3517,673.9927,501.5873,749.6947,766.7888,670.5739,655.9218,762.8816,548.939,618.2034,676.2231,737.9731,527.9609,777.0452,648.5726,679.8303,679.8303,569.9634,582.6617,724.393,4.37,1.11,5,0
2018-05-16 19:51,0,0,0,0,0,0,0,0,0,0,0,0,0,0,0,0,0,0,1,1,0,800.3517,673.9927,501.5873,749.6947,766.7888,670.5739,655.9218,762.8816,548.939,618.2034,676.2231,737.9731,527.9609,777.0452,648.5726,679.8303,679.8303,569.9634,582.6617,724.393,4.36,0.99,5,0
2018-05-16 19:56,0,0,0,0,0,0,0,0,0,0,0,0,0,0,0,0,0,0,1,1,0,800.3517,673.9927,501.5873,749.6947,766.7888,670.5739,655.9218,762.8816,548.939,618.2034,676.2231,737.9731,527.9609,777.0452,648.5726,679.8303,679.8303,569.9634,582.6617,724.393,4.36,1,5.5,0
2018-05-16 20:01,0,0,0,0,0,0,0,0,0,0,0,0,0,0,0,0,0,0,1,1,0,805.8608,675.9463,505.0061,743.8339,770.696,673.9927,654.9451,762.8816,548.939,615.273,673.2927,735.0427,526.0073,774.6031,671.0391,678.8535,678.8535,562.6374,572.8937,724.393,4.36,1.02,5.5,0
2018-05-16 20:06,0,0,0,0,0,0,0,0,0,0,0,0,0,0,0,0,0,0,1,1,0,805.8608,675.9463,505.0061,743.8339,770.696,673.9927,654.9451,762.8816,548.939,615.273,673.2927,735.0427,526.0073,774.6031,671.0391,678.8535,678.8535,562.6374,572.8937,724.393,4.36,0.98,5,1
2018-05-16 20:11,0,0,0,0,0,0,0,0,0,0,0,0,0,0,0,0,0,0,1,1,0,805.8608,675.9463,505.0061,743.8339,770.696,673.9927,654.9451,765.812,548.939,615.273,673.2927,735.0427,526.0073,774.6031,671.0391,678.8535,678.8535,562.6374,572.8937,758.9744,4.42,0.99,5.5,1
2018-05-16 20:16,0,0,0,0,0,0,0,0,0,0,0,0,0,0,0,0,0,0,1,1,0,820.0244,665.6899,514.7741,765.812,766.7888,677.8999,658.8522,765.812,548.939,620.157,674.2695,745.7875,530.8913,764.8351,667.6202,680.8071,677.8767,568.0098,575.8242,758.9744,4.42,1.34,6,1
2018-05-16 20:21,0,0,0,0,0,0,0,0,0,0,0,0,0,1,0,0,0,0,1,1,0,820.0244,665.6899,514.7741,765.812,766.7888,677.8999,658.8522,765.812,548.939,620.157,674.2695,745.7875,530.8913,764.8351,667.6202,680.8071,677.8767,568.0098,575.8242,758.9744,4.42,1.05,6,1
2018-05-16 20:26,0,0,0,0,0,0,0,0,0,0,0,0,0,0,0,0,0,0,1,1,0,820.0244,665.6899,514.7741,765.812,766.7888,677.8999,658.8522,765.812,548.939,620.157,674.2695,745.7875,530.8913,764.8351,667.6202,680.8071,677.8767,568.0098,575.8242,758.9744,3.22,0.97,6,1
2018-05-16 20:31,0,0,0,0,0,0,0,0,0,0,0,0,0,0,0,0,0,0,1,1,0,823.9316,673.9927,525.0305,771.6728,775.58,684.7375,665.6899,765.812,548.939,608.4354,668.897,714.0415,508.9133,731.624,654.9218,658.829,660.7827,544.5665,590.9646,758.9744,3.22,0.99,6,1
2018-05-16 20:36,0,0,0,0,0,0,0,0,0,0,0,0,0,0,0,0,0,0,1,1,0,823.9316,673.9927,525.0305,771.6728,775.58,684.7375,665.6899,765.812,548.939,608.4354,668.897,714.0415,508.9133,731.624,654.9218,658.829,660.7827,544.5665,590.9646,758.9744,3.22,1.04,6,1
2018-05-16 20:41,0,0,0,0,0,0,0,0,0,0,0,0,0,0,0,0,0,0,1,1,0,823.9316,673.9927,525.0305,771.6728,775.58,684.7375,665.6899,764.8351,548.939,608.4354,668.897,714.0415,508.9133,731.624,654.9218,658.829,660.7827,544.5665,590.9646,754.5787,3.22,1.05,6,1
2018-05-16 20:46,0,0,0,0,0,0,0,0,0,0,0,0,0,0,0,0,0,0,1,1,0,809.2009,678.8767,523.5654,758.9744,775.58,686.6911,661.7827,764.8351,548.939,599.1734,653.2682,696.9475,487.9121,726.7399,632.9438,640.7582,640.7582,527.9609,586.569,754.5787,3.22,1.09,6,1
2018-05-16 20:51,0,0,0,0,0,0,0,0,0,0,0,0,0,0,0,0,0,0,1,1,0,809.2009,678.8767,523.5654,758.9744,775.58,686.6911,661.7827,764.8351,548.939,599.1734,653.2682,696.9475,487.9121,726.7399,632.9438,640.7582,640.7582,527.9609,586.569,754.5787,3.22,1.18,6,1
2018-05-16 20:56,0,0,0,0,0,0,0,0,0,0,0,0,0,0,0,0,0,0,1,1,0,809.2009,678.8767,523.5654,758.9744,775.58,686.6911,661.7827,764.8351,548.939,599.1734,653.2682,696.9475,487.9121,726.7399,632.9438,640.7582,640.7582,527.9609,586.569,754.5787,4.22,0.98,6,1
2018-05-16 21:01,0,0,0,0,0,0,0,0,0,0,0,0,0,0,0,0,0,0,1,1,0,808.8265,682.7839,505.9829,740.9035,775.58,679.8535,654.9451,764.8351,548.939,587.4342,651.3146,690.5983,484.9817,717.9487,627.5714,632.9438,632.9438,516.7277,583.6385,754.5787,4.25,0.98,6,1
2018-05-16 21:06,0,0,0,0,0,0,0,0,0,0,0,0,0,0,0,0,0,0,1,1,0,808.8265,682.7839,505.9829,740.9035,775.58,679.8535,654.9451,764.8351,548.939,587.4342,651.3146,690.5983,484.9817,717.9487,627.5714,632.9438,632.9438,516.7277,583.6385,754.5787,4.25,1.03,6,0
2018-05-16 21:11,0,0,0,0,0,0,0,0,0,0,0,0,0,0,0,0,0,0,1,1,0,808.8265,682.7839,505.9829,740.9035,775.58,679.8535,654.9451,759.9512,548.939,587.4342,651.3146,690.5983,484.9817,717.9487,627.5714,632.9438,632.9438,516.7277,583.6385,746.7643,4.25,1,6,0
2018-05-16 21:16,0,0,0,0,0,0,0,0,0,0,0,0,0,1,0,0,0,0,1,1,0,790.7204,679.8395,483.0281,722.8327,769.7192,664.7131,640.7814,759.9512,548.939,579.1314,655.2218,688.6447,480.5861,716.9719,616.8266,621.2105,627.5714,511.8437,571.917,746.7643,4.25,1.03,6,0
2018-05-16 21:21,0,0,0,0,0,0,0,0,0,0,0,0,0,0,0,0,0,0,1,1,0,790.7204,679.8395,483.0281,722.8327,769.7192,664.7131,640.7814,759.9512,548.939,579.1314,655.2218,688.6447,480.5861,716.9719,616.8266,621.2105,627.5714,511.8437,571.917,746.7643,4.25,1.09,6,0
2018-05-16 21:26,0,0,0,0,0,0,0,0,0,0,0,0,0,0,0,0,0,0,1,1,0,790.7204,679.8395,483.0281,722.8327,769.7192,664.7131,640.7814,759.9512,548.939,579.1314,655.2218,688.6447,480.5861,716.9719,616.8266,621.2105,627.5714,511.8437,571.917,746.7643,4.25,0.98,6,0
2018-05-16 21:31,0,0,0,0,0,0,0,0,0,0,0,0,0,0,0,0,0,0,1,1,0,760.928,659.829,463.0037,700.8547,758.9744,655.9218,624.6642,759.9512,548.939,575.2242,647.8959,681.8071,475.7021,716.9719,617.8034,624.641,622.6874,515.7509,563.6142,746.7643,4.25,1.02,6,0
2018-05-16 21:36,0,0,0,0,0,0,0,0,0,0,0,0,0,0,0,0,0,0,1,1,0,760.928,659.829,463.0037,700.8547,758.9744,655.9218,624.6642,759.9512,548.939,575.2242,647.8959,681.8071,475.7021,716.9719,617.8034,624.641,622.6874,515.7509,563.6142,746.7643,4.25,1.2,6,0
2018-05-16 21:41,0,0,0,0,0,0,0,0,0,0,0,0,0,0,0,0,0,0,1,1,0,760.928,659.829,463.0037,700.8547,758.9744,655.9218,624.6642,744.8107,548.939,575.2242,647.8959,681.8071,475.7021,716.9719,617.8034,624.641,622.6874,515.7509,563.6142,731.624,4.16,1,6,0
2018-05-16 21:46,0,0,0,0,0,0,0,0,0,0,0,0,0,0,0,0,0,0,1,1,0,746.6595,653.9683,453.7241,693.0403,750.6715,637.8511,610.0122,744.8107,548.939,568.3866,648.8726,683.7607,473.7485,722.8327,612.9194,605.5934,620.7338,510.8669,553.8462,731.624,4.16,1.01,6,0
2018-05-16 21:51,0,0,0,0,0,0,0,0,0,0,0,0,0,0,0,0,0,0,1,1,0,746.6595,653.9683,453.7241,693.0403,750.6715,637.8511,610.0122,744.8107,548.939,568.3866,648.8726,683.7607,473.7485,722.8327,612.9194,605.5934,620.7338,510.8669,553.8462,731.624,4.15,1.02,6,0
2018-05-16 21:56,0,0,0,0,0,0,0,0,0,0,0,0,0,0,0,0,0,0,1,1,0,746.6595,653.9683,453.7241,693.0403,750.6715,637.8511,610.0122,744.8107,548.939,568.3866,648.8726,683.7607,473.7485,722.8327,612.9194,605.5934,620.7338,510.8669,553.8462,731.624,4.15,1.14,6,0
2018-05-17 6:01,0,0,0,0,0,0,0,0,0,0,0,0,0,0,0,0,0,0,1,1,0,682.7839,589.011,421.9781,645.6655,676.9231,581.685,560.6838,675.9463,548.939,560.0838,614.1962,688.6447,476.6789,676.9231,618.7802,613.8962,617.8034,495.7265,499.6337,675.9463,1.98,0.95,3.5,0
2018-05-17 6:06,0,0,0,0,0,0,0,0,0,0,0,0,0,0,0,0,0,0,1,1,0,682.7839,589.011,421.9781,645.6655,676.9231,581.685,560.6838,675.9463,548.939,560.0838,614.1962,688.6447,476.6789,676.9231,618.7802,613.8962,617.8034,495.7265,499.6337,675.9463,1.98,0.97,4,0
2018-05-17 6:11,0,0,0,0,0,0,0,0,0,0,0,0,0,0,0,0,0,0,1,1,0,682.7839,589.011,421.9781,645.6655,676.9231,581.685,560.6838,672.0391,548.939,560.0838,614.1962,688.6447,476.6789,676.9231,618.7802,613.8962,617.8034,495.7265,499.6337,670.5739,1.98,0.97,3.5,0
2018-05-17 6:16,0,0,0,0,0,0,0,0,0,0,0,0,0,0,0,0,0,0,1,1,0,679.8535,589.9878,418.5592,651.0378,678.8767,580.7082,559.707,672.0391,548.939,561.0606,614.1962,682.7839,475.7021,676.9231,615.8498,612.9194,615.8498,500.6105,499.6337,670.5739,1.98,1.04,3,0
2018-05-17 6:21,0,0,0,0,0,0,0,0,0,0,0,0,0,0,0,0,0,0,1,1,0,679.8535,589.9878,418.5592,651.0378,678.8767,580.7082,559.707,672.0391,548.939,561.0606,614.1962,682.7839,475.7021,676.9231,615.8498,612.9194,615.8498,500.6105,499.6337,670.5739,1.98,0.97,3.5,0
2018-05-17 6:26,0,0,0,0,0,0,0,0,0,0,0,0,0,0,0,0,0,0,1,1,0,679.8535,589.9878,418.5592,651.0378,678.8767,580.7082,559.707,672.0391,548.939,561.0606,614.1962,682.7839,475.7021,676.9231,615.8498,612.9194,615.8498,500.6105,499.6337,670.5739,1.98,0.98,3.5,0
2018-05-17 6:31,0,0,0,0,0,0,0,0,0,0,0,0,0,0,0,0,0,0,1,1,0,676.9231,580.7222,415.6288,658.8522,674.9695,582.6617,557.7534,672.0391,548.939,557.4094,612.2426,674.9695,474.7253,673.9927,617.8034,609.989,614.873,478.6325,496.7033,670.5739,1.98,0.97,3,0
2018-05-17 6:36,0,0,0,0,0,0,0,0,0,0,0,0,0,0,0,0,0,0,1,1,0,676.9231,580.7222,415.6288,658.8522,674.9695,582.6617,557.7534,672.0391,548.939,557.4094,612.2426,674.9695,474.7253,673.9927,617.8034,609.989,614.873,478.6325,496.7033,670.5739,1.98,1.12,3,0
2018-05-17 6:41,0,0,0,0,0,0,0,0,0,0,0,0,0,0,0,0,0,0,1,1,0,676.9231,580.7222,415.6288,658.8522,674.9695,582.6617,557.7534,673.0159,548.939,557.4094,612.2426,674.9695,474.7253,673.9927,617.8034,609.989,614.873,478.6325,496.7033,666.6666,1.98,1.02,3.5,0
2018-05-17 6:46,0,0,0,0,0,0,0,0,0,0,0,0,0,0,0,0,0,0,1,1,0,673.0159,584.6154,415.6288,639.8046,674.9695,580.7082,557.7534,673.0159,548.939,553.2462,609.3122,676.9231,471.7949,669.597,611.9426,604.6166,617.8034,502.8919,500.6105,666.6666,1.68,0.98,4,0
2018-05-17 6:51,0,0,0,0,0,0,0,0,0,0,0,0,0,0,0,0,0,0,1,1,0,673.0159,584.6154,415.6288,639.8046,674.9695,580.7082,557.7534,673.0159,548.939,553.2462,609.3122,676.9231,471.7949,669.597,611.9426,604.6166,617.8034,502.8919,500.6105,666.6666,1.41,0.99,3.5,0
2018-05-17 6:56,0,0,0,0,0,0,0,0,0,0,0,0,0,0,0,0,0,0,1,1,0,673.0159,584.6154,415.6288,639.8046,674.9695,580.7082,557.7534,673.0159,548.939,553.2462,609.3122,676.9231,471.7949,669.597,611.9426,604.6166,617.8034,502.8919,500.6105,666.6666,1.41,1.15,3,0
2018-05-17 7:01,0,0,0,0,0,0,0,0,0,0,0,0,0,0,0,0,0,0,1,1,0,672.9884,585.5922,413.6752,636.8743,669.597,576.801,548.9622,673.0159,548.939,547.3854,605.8934,675.9463,472.7717,664.7131,611.9426,602.663,614.2963,498.6569,493.7729,666.6666,1.41,1,3,0
2018-05-17 7:06,0,0,0,0,0,0,0,0,0,0,0,0,0,0,0,0,0,0,1,1,0,672.9884,585.5922,413.6752,636.8743,669.597,576.801,548.9622,673.0159,548.939,547.3854,605.8934,675.9463,472.7717,664.7131,611.9426,602.663,614.2963,498.6569,493.7729,666.6666,1.41,1.14,3.5,0
2018-05-17 7:11,0,0,0,0,0,0,0,0,0,0,0,0,0,0,0,0,0,0,1,1,0,672.9884,585.5922,413.6752,636.8743,669.597,576.801,548.9622,661.7827,548.939,547.3854,605.8934,675.9463,472.7717,664.7131,611.9426,602.663,614.2963,498.6569,493.7729,663.7706,1.84,0.97,3.5,0
2018-05-17 7:16,0,0,0,0,0,0,0,0,0,0,0,0,0,0,0,0,0,0,1,1,0,668.6202,584.669,409.768,635.8975,669.597,573.8705,547.0085,661.7827,548.939,550.3158,601.9862,677.8999,474.7253,661.7827,606.5702,601.6862,610.9658,478.6325,495.7265,663.7706,1.84,1.24,3,0
2018-05-17 7:21,0,0,0,0,0,0,0,0,0,0,0,0,0,0,0,0,0,0,1,1,0,668.6202,584.669,409.768,635.8975,669.597,573.8705,547.0085,661.7827,548.939,550.3158,601.9862,677.8999,474.7253,661.7827,606.5702,601.6862,610.9658,478.6325,495.7265,663.7706,1.84,0.97,3,0
2018-05-17 7:26,0,0,0,0,0,0,0,0,0,0,0,0,0,0,0,0,0,0,1,1,0,668.6202,584.669,409.768,635.8975,669.597,573.8705,547.0085,661.7827,548.939,550.3158,601.9862,677.8999,474.7253,661.7827,606.5702,601.6862,610.9658,478.6325,495.7265,663.7706,1.28,1,3.6667,0
2018-05-17 7:31,0,0,0,0,0,0,0,0,0,0,0,0,0,0,0,0,0,0,1,1,0,669.597,579.7314,409.768,630.0366,662.7595,570.9402,544.5665,661.7827,548.939,552.2694,601.9862,667.6434,476.6789,660.8058,615.8498,602.7679,609.989,480.5861,492.7961,663.7706,1.28,0.98,4,1
2018-05-17 7:36,0,0,0,0,0,0,0,0,0,0,0,0,0,0,0,0,0,0,1,1,0,669.597,579.7314,409.768,630.0366,662.7595,570.9402,544.5665,661.7827,548.939,552.2694,601.9862,667.6434,476.6789,660.8058,615.8498,602.7679,609.989,480.5861,492.7961,663.7706,1.28,1.01,4,1
2018-05-17 7:41,0,0,0,0,0,0,0,0,0,0,0,0,0,0,0,0,0,0,1,1,0,669.597,579.7314,409.768,630.0366,662.7595,570.9402,544.5665,649.5726,548.939,552.2694,601.9862,667.6434,476.6789,660.8058,615.8498,602.7679,609.989,480.5861,492.7961,639.8046,1.28,0.98,4.5,1
2018-05-17 7:46,0,0,0,0,0,0,0,0,0,0,0,0,0,0,0,0,0,0,1,1,0,666.6666,575.8242,408.7912,626.6178,673.0159,568.0098,539.6826,649.5726,548.939,547.3854,598.079,666.6666,473.7485,654.9451,604.6166,599.7326,609.989,483.9958,463.0037,639.8046,1.28,1,5,1
2018-05-17 7:51,0,0,0,0,0,0,0,0,0,0,0,0,0,0,0,0,0,0,1,1,0,666.6666,575.8242,408.7912,626.6178,673.0159,568.0098,539.6826,649.5726,548.939,547.3854,598.079,666.6666,473.7485,654.9451,604.6166,599.7326,609.989,483.9958,463.0037,639.8046,1.28,1.14,4.5,1
2018-05-17 7:56,0,0,0,0,0,0,0,0,0,0,0,0,0,0,0,0,0,0,1,1,0,666.6666,575.8242,408.7912,626.6178,673.0159,568.0098,539.6826,649.5726,548.939,547.3854,598.079,666.6666,473.7485,654.9451,604.6166,599.7326,609.989,483.9958,463.0037,639.8046,2.73,1.01,3.5,1
2018-05-17 8:01,0,0,0,0,0,0,0,0,0,0,0,0,0,0,0,0,0,0,1,1,0,668.6202,578.7546,437.6069,631.0134,669.597,571.917,554.823,649.5726,548.939,542.9897,598.079,667.6434,468.8645,654.9451,609.0122,601.6862,612.9194,482.0904,489.8657,639.8046,2.72,0.99,3.5,0
2018-05-17 8:06,0,0,0,0,0,0,0,0,0,0,0,0,0,0,0,0,0,0,1,1,0,668.6202,578.7546,437.6069,631.0134,669.597,571.917,554.823,649.5726,548.939,542.9897,598.079,667.6434,468.8645,654.9451,609.0122,601.6862,612.9194,482.0904,489.8657,639.8046,3.01,0.98,4,0
2018-05-17 8:11,0,0,0,0,0,0,0,0,0,0,0,0,0,0,0,0,0,0,1,1,1,668.6202,578.7546,437.6069,631.0134,669.597,571.917,554.823,647.6191,548.939,542.9897,598.079,667.6434,468.8645,654.9451,609.0122,601.6862,612.9194,482.0904,489.8657,661.7827,2.99,1.14,4,0
2018-05-17 8:16,0,0,0,0,0,0,0,0,0,0,0,0,0,0,0,0,0,0,1,1,0,670.5739,569.9634,423.9316,632.9475,667.6434,574.8474,555.7997,647.6191,548.939,542.9897,597.1187,669.597,466.9109,666.6666,606.6032,596.8022,611.9426,484.9817,493.7729,661.7827,2.99,0.98,4,1
2018-05-17 8:21,0,0,0,0,1,0,0,0,0,0,0,0,0,0,0,0,0,0,1,1,0,670.5739,569.9634,423.9316,632.9475,667.6434,574.8474,555.7997,647.6191,548.939,542.9897,597.1187,669.597,466.9109,666.6666,606.6032,596.8022,611.9426,484.9817,493.7729,661.7827,2.99,1.14,4,1
2018-05-17 8:26,0,0,0,0,0,0,0,0,0,0,0,0,0,0,0,0,0,0,1,1,0,670.5739,569.9634,423.9316,632.9475,667.6434,574.8474,555.7997,647.6191,548.939,542.9897,597.1187,669.597,466.9109,666.6666,606.6032,596.8022,611.9426,484.9817,493.7729,661.7827,2.98,1.11,6,0
2018-05-17 8:31,0,0,0,0,0,0,0,0,0,0,0,0,0,0,0,0,0,0,1,1,0,667.6434,576.801,425.7876,644.6887,667.6434,580.7082,554.823,647.6191,548.939,549.4229,598.079,669.597,463.9805,659.829,608.0354,601.6862,613.8962,509.759,496.7033,661.7827,2.98,0.99,5.3333,1
2018-05-17 8:36,0,0,0,0,0,0,0,0,0,0,0,0,0,0,0,0,0,0,1,1,0,667.6434,576.801,425.7876,644.6887,667.6434,580.7082,554.823,647.6191,548.939,549.4229,598.079,669.597,463.9805,659.829,608.0354,601.6862,613.8962,509.759,496.7033,661.7827,2.98,1.05,4,1
2018-05-17 8:41,0,0,0,0,0,0,0,0,0,0,0,0,0,0,0,0,0,0,1,1,0,667.6434,576.801,425.7876,644.6887,667.6434,580.7082,554.823,658.8522,548.939,549.4229,598.079,669.597,463.9805,659.829,608.0354,601.6862,613.8962,509.759,496.7033,664.7131,2.98,1,4.5,1
2018-05-17 8:46,0,0,0,0,0,0,0,0,0,0,0,0,0,0,0,0,0,0,1,1,0,674.9695,577.7778,441.0256,642.735,668.6202,577.7778,561.6606,658.8522,548.939,554.223,592.2182,673.0159,469.8413,669.597,625.6178,598.7558,616.8266,514.7741,513.7973,664.7131,3.17,1,6,2
2018-05-17 8:51,0,0,0,0,0,0,0,0,0,0,0,0,0,0,0,0,0,0,1,1,0,674.9695,577.7778,441.0256,642.735,668.6202,577.7778,561.6606,658.8522,548.939,554.223,592.2182,673.0159,469.8413,669.597,625.6178,598.7558,616.8266,514.7741,513.7973,664.7131,3.16,1.01,7,2
2018-05-17 8:56,0,0,0,0,0,0,0,0,0,0,0,0,0,0,0,0,0,0,1,1,0,674.9695,577.7778,441.0256,642.735,668.6202,577.7778,561.6606,658.8522,548.939,554.223,592.2182,673.0159,469.8413,669.597,625.6178,598.7558,616.8266,514.7741,513.7973,664.7131,4.39,1.19,7,2
2018-05-17 9:01,0,0,0,0,0,0,0,0,0,0,0,0,0,0,0,0,0,0,1,1,0,677.8773,585.1921,452.7473,641.7582,668.6202,578.7546,559.707,658.8522,548.939,553.2462,598.079,681.8071,474.7253,662.7595,656.8754,603.6398,618.7802,515.7509,504.0293,664.7131,4.38,1.24,7,3
2018-05-17 9:06,0,0,0,0,0,0,0,0,0,0,0,0,0,0,0,0,0,0,1,1,0,677.8773,585.1921,452.7473,641.7582,668.6202,578.7546,559.707,658.8522,548.939,553.2462,598.079,681.8071,474.7253,662.7595,656.8754,603.6398,618.7802,515.7509,504.0293,664.7131,4.38,1.06,8.5,4
2018-05-17 9:11,0,0,0,0,0,0,0,0,0,0,0,0,0,0,0,0,0,0,1,1,0,677.8773,585.1921,452.7473,641.7582,668.6202,578.7546,559.707,657.8411,548.939,553.2462,598.079,681.8071,474.7253,662.7595,656.8754,603.6398,618.7802,515.7509,504.0293,676.9231,4.55,1.07,10,4
2018-05-17 9:16,0,0,0,0,0,0,0,0,0,0,0,0,0,0,0,0,0,0,1,1,0,683.7607,579.7314,444.9328,652.0146,672.0391,582.6617,563.6142,657.8411,548.939,545.0477,596.1925,679.8535,477.6557,718.9255,660.7827,602.663,618.7802,513.7973,502.5641,676.9231,4.55,1.12,11,5
2018-05-17 9:21,0,0,0,0,0,0,0,0,0,0,0,0,0,0,0,0,0,0,1,1,0,683.7607,579.7314,444.9328,652.0146,672.0391,582.6617,563.6142,657.8411,548.939,545.0477,596.1925,679.8535,477.6557,718.9255,660.7827,602.663,618.7802,513.7973,502.5641,676.9231,4.54,1.19,12.5,5
2018-05-17 9:26,0,0,0,0,0,0,0,0,0,0,0,0,0,0,0,0,0,0,0,0,0,683.7607,579.7314,444.9328,652.0146,672.0391,582.6617,563.6142,657.8411,548.939,545.0477,596.1925,679.8535,477.6557,718.9255,660.7827,602.663,618.7802,513.7973,502.5641,676.9231,4.79,1.06,12.5,5
2018-05-17 9:31,0,0,0,0,0,0,0,0,0,0,0,0,0,0,0,0,0,0,1,1,0,691.5751,597.8022,447.8633,643.7119,672.0391,582.6617,558.7302,657.8411,548.939,549.339,598.079,676.9231,480.5861,762.8816,648.5726,606.5871,619.757,542.6129,514.7741,676.9231,4.79,1.05,12.6667,7
2018-05-17 9:36,0,0,0,0,0,0,0,0,0,0,0,0,0,0,0,0,0,0,1,1,0,691.5751,597.8022,447.8633,643.7119,672.0391,582.6617,558.7302,657.8411,548.939,549.339,598.079,676.9231,480.5861,762.8816,648.5726,606.5871,619.757,542.6129,514.7741,676.9231,4.79,1.35,13.6667,8
2018-05-17 9:41,0,0,0,0,0,0,0,0,0,0,0,0,0,0,0,0,0,0,1,1,0,691.5751,597.8022,447.8633,643.7119,672.0391,582.6617,558.7302,649.5726,548.939,549.339,598.079,676.9231,480.5861,762.8816,648.5726,606.5871,619.757,542.6129,514.7741,660.8058,4.79,1.1,16,8
2018-05-17 9:46,0,0,0,0,0,0,0,0,0,0,0,0,0,0,0,0,0,0,1,1,0,706.7155,603.663,464.9573,645.6655,673.9927,579.7314,568.0098,649.5726,548.939,551.2926,600.0326,674.9695,480.5861,764.8351,667.6202,605.5934,620.7338,547.9854,516.7277,660.8058,4.79,1.22,17.5,10
2018-05-17 9:51,0,0,0,0,0,0,0,0,0,0,0,0,0,0,0,0,0,0,1,1,0,706.7155,603.663,464.9573,645.6655,673.9927,579.7314,568.0098,649.5726,548.939,551.2926,600.0326,674.9695,480.5861,764.8351,667.6202,605.5934,620.7338,547.9854,516.7277,660.8058,4.79,1.05,18,9
2018-05-17 9:56,0,0,0,0,0,0,0,0,0,0,0,0,0,0,0,0,0,0,1,1,0,706.7155,603.663,464.9573,645.6655,673.9927,579.7314,568.0098,649.5726,548.939,551.2926,600.0326,674.9695,480.5861,764.8351,667.6202,605.5934,620.7338,547.9854,516.7277,660.8058,4.37,1.22,17.6667,10
2018-05-17 10:01,0,0,0,0,0,0,0,0,0,0,0,0,0,0,0,0,0,0,1,1,0,701.8315,601.7094,477.6557,649.5726,670.5739,580.7082,562.6374,649.5726,548.939,548.3622,596.1254,679.8535,481.5629,764.8351,659.8058,605.5934,617.8034,540.6594,500.6105,660.8058,4.36,1.07,19.5,10
2018-05-17 10:06,0,0,0,0,0,0,0,0,0,0,0,0,0,0,1,0,0,0,1,1,0,701.8315,601.7094,477.6557,649.5726,670.5739,580.7082,562.6374,649.5726,548.939,548.3622,596.1254,679.8535,481.5629,764.8351,659.8058,605.5934,617.8034,540.6594,500.6105,660.8058,4.55,1.25,21,10
2018-05-17 10:11,0,0,0,0,0,0,0,0,0,0,0,0,0,0,0,0,0,0,1,1,1,701.8315,601.7094,477.6557,649.5726,670.5739,580.7082,562.6374,654.9451,548.939,548.3622,596.1254,679.8535,481.5629,764.8351,659.8058,605.5934,617.8034,540.6594,500.6105,691.5661,4.31,1.1,21,10
2018-05-17 10:16,0,0,0,0,0,0,0,0,0,0,0,0,0,0,1,0,0,0,1,1,0,703.7851,594.8718,470.8181,645.6655,673.0159,580.7082,558.7302,654.9451,548.939,547.3854,602.9287,673.9927,483.0281,767.7656,697.9011,601.6862,615.8498,539.6826,517.7045,691.5661,4.42,1.1,21,9
2018-05-17 10:21,0,0,0,0,0,0,0,0,0,0,0,0,0,0,0,0,0,0,1,1,0,703.7851,594.8718,470.8181,645.6655,673.0159,580.7082,558.7302,654.9451,548.939,547.3854,602.9287,673.9927,483.0281,767.7656,697.9011,601.6862,615.8498,539.6826,517.7045,691.5661,4.67,1.14,20,9
2018-05-17 10:26,0,0,0,0,0,0,0,0,0,0,0,0,0,0,0,0,0,0,1,1,0,703.7851,594.8718,470.8181,645.6655,673.0159,580.7082,558.7302,654.9451,548.939,547.3854,602.9287,673.9927,483.0281,767.7656,697.9011,601.6862,615.8498,539.6826,517.7045,691.5661,4.91,1.08,21.5,13
2018-05-17 10:31,0,0,0,0,0,0,0,0,0,0,0,0,0,0,0,0,0,0,1,1,0,690.5983,592.9182,472.7717,655.9218,679.8535,580.7082,563.6142,654.9451,548.939,542.9897,601.9862,848.84,623.6874,756.0439,701.8083,598.7558,609.989,554.823,494.7497,691.5661,5.47,1.07,25,13
2018-05-17 10:36,0,0,0,0,0,0,0,0,0,0,0,0,0,0,0,0,0,0,1,1,0,690.5983,592.9182,472.7717,655.9218,679.8535,580.7082,563.6142,654.9451,548.939,542.9897,601.9862,848.84,623.6874,756.0439,701.8083,598.7558,609.989,554.823,494.7497,691.5661,5.47,1.16,24.5,14
2018-05-17 10:41,0,0,0,0,0,0,0,0,0,0,0,0,0,0,1,0,0,0,1,1,0,690.5983,592.9182,472.7717,655.9218,679.8535,580.7082,563.6142,652.0146,548.939,542.9897,601.9862,848.84,623.6874,756.0439,701.8083,598.7558,609.989,554.823,494.7497,725.7631,5.95,1.48,22.5,14
2018-05-17 10:46,0,0,0,0,0,0,0,0,0,0,0,1,0,0,1,0,0,1,1,1,0,690.5701,590.9646,506.9597,642.735,665.6899,578.7546,563.6142,652.0146,548.939,547.3854,602.963,863.0037,666.6666,753.6019,673.9695,603.6398,615.8498,550.9158,529.9146,725.7631,5.95,1.08,23,12
2018-05-17 10:51,0,0,0,0,0,0,0,0,0,0,0,1,0,0,0,0,0,1,1,1,0,690.5701,590.9646,506.9597,642.735,665.6899,578.7546,563.6142,652.0146,548.939,547.3854,602.963,863.0037,666.6666,753.6019,673.9695,603.6398,615.8498,550.9158,529.9146,725.7631,5.94,1.07,24.5,13
2018-05-17 10:56,0,0,0,0,0,0,0,0,0,0,0,1,0,0,0,0,0,1,1,1,0,690.5701,590.9646,506.9597,642.735,665.6899,578.7546,563.6142,652.0146,548.939,547.3854,602.963,863.0037,666.6666,753.6019,673.9695,603.6398,615.8498,550.9158,529.9146,725.7631,5.94,1.11,24,13
2018-05-17 11:01,0,0,0,0,0,0,0,0,0,0,0,1,0,0,0,0,0,0,1,1,0,685.7143,589.9878,495.7265,642.735,673.0159,580.7082,557.7534,652.0146,548.939,562.0374,605.8934,869.8413,660.8058,746.7643,666.6434,601.6862,613.8962,556.7766,510.8669,725.7631,5.94,1.17,21.6667,14
2018-05-17 11:06,1,1,0,0,0,0,0,0,0,0,0,1,0,0,0,0,0,1,1,1,0,685.7143,589.9878,495.7265,642.735,673.0159,580.7082,557.7534,652.0146,548.939,562.0374,605.8934,869.8413,660.8058,746.7643,666.6434,601.6862,613.8962,556.7766,510.8669,725.7631,5.95,1.18,21.3333,13
2018-05-17 11:11,0,0,0,0,1,0,0,0,0,0,0,1,0,0,0,0,0,1,1,1,0,685.7143,589.9878,495.7265,642.735,673.0159,580.7082,557.7534,662.7595,548.939,562.0374,605.8934,869.8413,660.8058,746.7643,666.6434,601.6862,613.8962,556.7766,510.8669,701.8315,5.95,1.3,22.5,13
2018-05-17 11:16,0,0,0,0,0,0,0,0,0,0,0,1,0,0,0,0,0,1,1,1,0,693.431,594.8718,491.8193,646.6423,675.9463,581.685,558.7302,662.7595,548.939,571.317,614.1962,890.8425,653.9683,703.7851,674.9463,604.5892,617.8034,567.033,520.6349,701.8315,5.7,1.19,23,14
2018-05-17 11:21,0,0,0,0,1,0,0,0,0,0,0,1,0,0,0,0,0,1,1,1,0,693.431,594.8718,491.8193,646.6423,675.9463,581.685,558.7302,662.7595,548.939,571.317,614.1962,890.8425,653.9683,703.7851,674.9463,604.5892,617.8034,567.033,520.6349,701.8315,5.23,1.12,23.6667,13
2018-05-17 11:26,0,0,0,0,0,0,0,0,0,0,0,1,0,0,0,0,0,1,1,1,0,693.431,594.8718,491.8193,646.6423,675.9463,581.685,558.7302,662.7595,548.939,571.317,614.1962,890.8425,653.9683,703.7851,674.9463,604.5892,617.8034,567.033,520.6349,701.8315,5.23,1.12,24,13
2018-05-17 11:31,0,0,0,0,1,0,0,0,0,0,0,0,0,0,0,0,0,1,1,1,0,701.8986,598.779,506.9597,645.6655,677.8999,585.5922,564.591,662.7595,548.939,558.1302,619.0802,900.6105,693.0403,676.9231,665.6666,604.6166,614.873,577.9826,554.823,701.8315,5.22,1.08,24,14
2018-05-17 11:36,0,0,1,0,0,0,0,0,0,0,0,1,0,0,0,0,0,1,1,1,1,701.8986,598.779,506.9597,645.6655,677.8999,585.5922,564.591,662.7595,548.939,558.1302,619.0802,900.6105,693.0403,676.9231,665.6666,604.6166,614.873,577.9826,554.823,701.8315,5.23,1.08,24.6667,16
2018-05-17 11:41,0,0,0,0,0,0,0,0,0,0,0,1,0,0,0,0,0,1,1,1,0,701.8986,598.779,506.9597,645.6655,677.8999,585.5922,564.591,663.7363,548.939,558.1302,619.0802,900.6105,693.0403,676.9231,665.6666,604.6166,614.873,577.9826,554.823,721.856,5.22,1.2,25.5,16
2018-05-17 11:46,0,0,0,0,0,0,0,0,0,0,0,0,0,0,0,0,0,1,1,1,0,705.7387,598.779,517.7045,631.9902,680.8303,588.0342,571.917,663.7363,548.939,558.1302,629.3366,863.9805,654.9451,717.9487,664.6899,603.6398,617.8034,539.6826,555.7997,721.856,5.04,1.25,24.5,21
2018-05-17 11:51,0,0,0,0,0,0,0,0,0,0,0,0,0,0,0,0,0,1,1,1,0,705.7387,598.779,517.7045,631.9902,680.8303,588.0342,571.917,663.7363,548.939,558.1302,629.3366,863.9805,654.9451,717.9487,664.6899,603.6398,617.8034,539.6826,555.7997,721.856,5.04,1.25,23.5,20
2018-05-17 11:56,0,0,0,0,0,0,0,0,0,0,0,0,0,0,0,0,0,1,1,1,0,705.7387,598.779,517.7045,631.9902,680.8303,588.0342,571.917,663.7363,548.939,558.1302,629.3366,863.9805,654.9451,717.9487,664.6899,603.6398,617.8034,539.6826,555.7997,721.856,5.04,1.09,22,21
2018-05-17 12:01,0,0,0,0,0,0,0,0,0,0,0,0,0,0,0,0,0,1,1,1,0,728.6935,601.7094,532.8449,635.8975,676.9231,589.011,568.9866,663.7363,548.939,556.1766,632.1359,747.7411,574.8474,742.8571,669.5739,600.7094,622.6874,560.6838,548.9622,721.856,4.92,1.1,21,19
2018-05-17 12:06,0,0,0,0,0,0,0,0,0,0,0,0,0,0,0,0,0,1,1,1,0,728.6935,601.7094,532.8449,635.8975,676.9231,589.011,568.9866,663.7363,548.939,556.1766,632.1359,747.7411,574.8474,742.8571,669.5739,600.7094,622.6874,560.6838,548.9622,721.856,4.92,1.09,21,19
2018-05-17 12:11,1,0,0,0,0,0,0,0,0,0,0,0,0,0,0,0,0,1,1,1,0,728.6935,601.7094,532.8449,635.8975,676.9231,589.011,568.9866,658.8522,548.939,556.1766,632.1359,747.7411,574.8474,742.8571,669.5739,600.7094,622.6874,560.6838,548.9622,711.5995,4.92,1.11,21.6667,18
2018-05-17 12:16,0,0,0,0,0,0,0,0,0,0,0,0,0,0,0,0,0,1,1,1,0,731.624,602.6862,484.9817,632.967,675.9463,589.9878,565.5678,658.8522,548.939,561.0606,648.8726,708.6691,528.9377,750.6715,666.6434,608.0354,621.7106,543.5897,528.9377,711.5995,4.92,1.12,20.6667,17
2018-05-17 12:21,1,0,0,0,0,0,0,0,0,0,0,0,0,0,0,0,0,1,1,1,0,731.624,602.6862,484.9817,632.967,675.9463,589.9878,565.5678,658.8522,548.939,561.0606,648.8726,708.6691,528.9377,750.6715,666.6434,608.0354,621.7106,543.5897,528.9377,711.5995,4.92,1.23,17.5,17
2018-05-17 12:26,0,0,0,0,0,0,0,0,0,0,0,0,0,0,0,0,0,1,1,1,0,731.624,602.6862,484.9817,632.967,675.9463,589.9878,565.5678,658.8522,548.939,561.0606,648.8726,708.6691,528.9377,750.6715,666.6434,608.0354,621.7106,543.5897,528.9377,711.5995,4.92,1.13,18,17
2018-05-17 12:31,0,0,0,0,0,0,0,0,0,0,0,0,0,1,0,0,0,1,1,1,0,745.7875,605.6166,478.6325,641.7582,674.9695,589.011,568.0098,658.8522,548.939,557.1534,664.0131,697.9243,501.5873,754.5787,669.5739,603.6398,621.7106,548.9622,508.9133,711.5995,4.92,1.14,18.6667,16
2018-05-17 12:36,0,0,0,0,0,0,0,0,0,0,0,0,0,0,0,0,0,1,1,1,0,745.7875,605.6166,478.6325,641.7582,674.9695,589.011,568.0098,658.8522,548.939,557.1534,664.0131,697.9243,501.5873,754.5787,669.5739,603.6398,621.7106,548.9622,508.9133,711.5995,4.92,1.14,18.6667,17
2018-05-17 12:41,0,0,0,0,0,0,0,0,0,0,0,0,0,0,0,0,0,1,1,1,0,745.7875,605.6166,478.6325,641.7582,674.9695,589.011,568.0098,661.7827,548.939,557.1534,664.0131,697.9243,501.5873,754.5787,669.5739,603.6398,621.7106,548.9622,508.9133,709.6224,4.93,1.11,18.5,17
2018-05-17 12:46,0,0,0,0,0,0,0,0,0,0,0,0,0,0,0,0,0,1,1,1,0,714.1226,612.9426,479.6093,641.7582,678.8767,589.9878,570.9402,661.7827,548.939,559.107,658.1522,685.7143,487.9121,708.6691,675.9231,605.5934,619.757,553.8462,542.6129,709.6224,4.92,1.08,20.5,17
2018-05-17 12:51,0,0,0,0,0,0,0,0,0,0,0,0,0,0,0,0,0,1,1,1,0,714.1226,612.9426,479.6093,641.7582,678.8767,589.9878,570.9402,661.7827,548.939,559.107,658.1522,685.7143,487.9121,708.6691,675.9231,605.5934,619.757,553.8462,542.6129,709.6224,4.92,1.09,22,16
2018-05-17 12:56,0,0,0,0,0,0,0,0,0,0,0,0,0,0,0,0,0,1,1,1,0,714.1226,612.9426,479.6093,641.7582,678.8767,589.9878,570.9402,661.7827,548.939,559.107,658.1522,685.7143,487.9121,708.6691,675.9231,605.5934,619.757,553.8462,542.6129,709.6224,5.32,1.22,21,15
2018-05-17 13:01,0,0,0,0,0,0,0,0,0,0,0,0,0,0,0,0,0,1,1,1,0,707.6923,610.0122,475.7021,639.8046,679.8535,588.0342,636.8743,661.7827,548.939,552.2694,656.1986,676.9231,481.5629,676.9231,671.0391,604.7805,621.7106,548.9622,526.9841,709.6224,5.2,1.08,22,16
2018-05-17 13:06,0,0,0,0,0,0,0,0,0,0,0,0,0,0,0,0,0,1,1,1,0,707.6923,610.0122,475.7021,639.8046,679.8535,588.0342,636.8743,661.7827,548.939,552.2694,656.1986,676.9231,481.5629,676.9231,671.0391,604.7805,621.7106,548.9622,526.9841,709.6224,5.14,1.1,22.5,14
2018-05-17 13:11,0,0,0,0,0,0,0,0,0,0,0,0,0,0,0,0,0,1,1,1,0,707.6923,610.0122,475.7021,639.8046,679.8535,588.0342,636.8743,657.8754,548.939,552.2694,656.1986,676.9231,481.5629,676.9231,671.0391,604.7805,621.7106,548.9622,526.9841,729.6703,5.14,1.12,22,15
2018-05-17 13:16,0,0,0,0,0,0,0,0,0,0,0,0,0,0,0,0,0,1,1,1,0,741.0674,610.989,449.8168,639.8046,682.7839,596.8254,588.0342,657.8754,548.939,561.0782,657.1754,679.8535,480.5861,663.7363,672.0159,604.6166,621.7106,529.7097,547.0085,729.6703,5.14,1.21,21,16
2018-05-17 13:21,0,0,0,0,0,0,0,0,0,0,0,0,0,0,0,0,0,1,1,1,0,741.0674,610.989,449.8168,639.8046,682.7839,596.8254,588.0342,657.8754,548.939,561.0782,657.1754,679.8535,480.5861,663.7363,672.0159,604.6166,621.7106,529.7097,547.0085,729.6703,5.14,1.52,21.6667,15
2018-05-17 13:26,0,0,0,0,0,0,0,0,0,0,0,0,0,0,0,0,0,1,1,1,0,741.0674,610.989,449.8168,639.8046,682.7839,596.8254,588.0342,657.8754,548.939,561.0782,657.1754,679.8535,480.5861,663.7363,672.0159,604.6166,621.7106,529.7097,547.0085,729.6703,5.14,1.48,23.5,15
2018-05-17 13:31,0,0,0,0,0,0,0,0,0,0,0,0,0,0,0,0,0,1,0,0,0,731.638,618.8034,442.9792,645.6655,679.8535,599.7558,652.9915,657.8754,548.939,567.4098,657.1754,677.8999,478.6325,664.7131,672.0159,604.6166,620.7338,559.707,552.8694,729.6703,5.32,1.56,24,16
2018-05-17 13:36,0,0,0,0,0,0,0,0,0,0,0,0,0,0,0,0,0,1,1,1,0,731.638,618.8034,442.9792,645.6655,679.8535,599.7558,652.9915,657.8754,548.939,567.4098,657.1754,677.8999,478.6325,664.7131,672.0159,604.6166,620.7338,559.707,552.8694,729.6703,4.93,1.56,24,17
2018-05-17 13:41,0,0,0,0,0,0,1,0,0,0,0,0,0,0,0,0,0,1,1,1,0,731.638,618.8034,442.9792,645.6655,679.8535,599.7558,652.9915,662.2828,548.939,567.4098,657.1754,677.8999,478.6325,664.7131,672.0159,604.6166,620.7338,559.707,552.8694,679.2134,4.93,1.46,23,17
2018-05-17 13:46,0,0,0,0,0,0,1,0,0,0,0,0,0,0,0,0,0,1,1,1,0,715.9951,609.0891,460.5616,647.6191,687.6679,609.0354,672.0391,662.2828,548.939,563.991,658.1522,678.8767,475.7021,749.6947,667.6202,600.514,617.8034,554.823,537.7289,679.2134,4.92,1.46,23,17
2018-05-17 13:51,0,0,0,0,1,0,1,0,0,0,0,0,0,0,0,0,0,1,1,1,1,715.9951,609.0891,460.5616,647.6191,687.6679,609.0354,672.0391,662.2828,548.939,563.991,658.1522,678.8767,475.7021,749.6947,667.6202,600.514,617.8034,554.823,537.7289,679.2134,5.11,1.6,23,18
2018-05-17 13:56,0,0,0,0,0,1,0,0,0,0,0,0,0,1,0,0,0,0,1,1,0,715.9951,609.0891,460.5616,647.6191,687.6679,609.0354,672.0391,662.2828,548.939,563.991,658.1522,678.8767,475.7021,749.6947,667.6202,600.514,617.8034,554.823,537.7289,679.2134,5.11,1.46,22.5,17
2018-05-17 14:01,0,0,0,0,0,0,0,0,0,0,0,0,0,0,0,0,0,0,0,0,0,707.6923,596.8254,447.8633,640.7814,689.6215,613.9194,640.7814,662.2828,548.939,564.9678,656.1986,672.0391,476.6789,753.6019,650.0378,604.6166,615.8498,542.6129,551.6972,679.2134,5.51,1.09,23.6667,17
2018-05-17 14:06,0,0,0,0,0,0,0,0,0,0,0,0,0,0,0,0,0,0,1,1,0,707.6923,596.8254,447.8633,640.7814,689.6215,613.9194,640.7814,662.2828,548.939,564.9678,656.1986,672.0391,476.6789,753.6019,650.0378,604.6166,615.8498,542.6129,551.6972,679.2134,5.5,1.06,24.3333,18
2018-05-17 14:11,0,0,0,0,0,0,0,0,0,0,0,0,0,0,0,0,0,0,1,1,0,707.6923,596.8254,447.8633,640.7814,689.6215,613.9194,640.7814,668.6202,548.939,564.9678,656.1986,672.0391,476.6789,753.6019,650.0378,604.6166,615.8498,542.6129,551.6972,740.9035,5.5,1.2,26,17
2018-05-17 14:16,0,0,0,0,0,0,0,0,0,0,0,0,0,0,0,0,0,1,1,1,0,694.0842,599.7558,443.9561,648.5959,689.6215,603.663,577.7778,668.6202,548.939,563.991,650.3378,676.9231,472.7815,760.928,620.7338,604.6166,620.7338,548.9622,556.7766,740.9035,4.93,1.07,25.5,17
2018-05-17 14:21,0,0,0,0,0,0,0,0,0,0,0,0,0,0,0,0,0,0,0,0,1,694.0842,599.7558,443.9561,648.5959,689.6215,603.663,577.7778,668.6202,548.939,563.991,650.3378,676.9231,472.7815,760.928,620.7338,604.6166,620.7338,548.9622,556.7766,740.9035,4.93,1.1,22.5,17
2018-05-17 14:26,0,0,0,0,0,0,0,0,0,0,0,0,0,0,0,0,0,0,1,1,0,694.0842,599.7558,443.9561,648.5959,689.6215,603.663,577.7778,668.6202,548.939,563.991,650.3378,676.9231,472.7815,760.928,620.7338,604.6166,620.7338,548.9622,556.7766,740.9035,5.11,1.07,19.5,17
2018-05-17 14:31,0,0,0,0,0,0,0,0,0,0,0,0,0,0,0,0,0,1,1,1,0,704.7619,589.011,445.9096,651.0378,683.7607,590.9646,568.0098,668.6202,548.939,561.0606,653.2682,679.8535,478.6325,766.7888,628.9359,603.6398,619.757,553.8462,547.9854,740.9035,5.11,1.12,17.5,17
