Time,PIR_A105,PIR_A001,PIR_A105A,PIR_A107,PIR_A108,PIR_A109,PIR_A000,PIR_A101,PIR_A103,PIR_A201,PIR_A202,PIR_A203,PIR_A110,PIR_A111,PIR_A112,PIR_A204,PIR_A205,PIR_A206,PIR_A208,PIR_A209,PIR_A003,PIR_A210,PIR_A212,PIR_A911,PIR_A912,PIR_A911,CO2_A105,CO2_A101,CO2_A105A,CO2_A107 ,CO2_A108,CO2_A109,CO2_A000,CO2_A101,CO2_A103,CO2_A201,CO2_A202,CO2_A203,CO2_A110,CO2_A111,CO2_A112,CO2_A204,CO2_A208,CO2_A205,CO2_A206,CO2_A207,CO2_A209,CO2_A003,CO2_A212,CO2_A210,CO2_A912,CO2_A911,light,plug,devices,groundtruth
2018-03-02 7:56,0,0,0,0,0,0,0,0,0,0,0,0,1,0,0,0,0,1,0,0,1,0,0,1,0,1,535.7753,459.5849,567.033,534.7985,518.6813,442.9792,563.6142,578.7546,573.5706,500.6105,404.884,517.7045,462.0269,456.0544,723.8095,463.9805,583.6385,449.8168,515.7509,586.569,652.0146,514.7741,496.7033,585.5922,379.9756,542.5593,4.32,0.7,6,5
2018-03-02 8:01,0,0,0,0,0,0,0,0,0,0,0,0,1,0,0,0,0,0,0,0,1,0,0,1,0,1,536.7521,452.7473,567.033,526.0073,513.7973,450.7936,540.6594,577.7778,571.617,505.9829,411.7216,514.7741,456.6544,459.7978,723.8095,468.8645,581.685,446.8864,602.6862,601.7094,645.6655,548.9622,492.7961,589.9878,379.9756,542.5593,4.36,0.7,7,6
2018-03-02 8:06,0,0,0,0,0,0,0,0,0,0,0,0,1,0,0,0,0,0,0,0,1,0,0,1,0,1,536.7521,452.7473,567.033,526.0073,513.7973,450.7936,540.6594,577.7778,571.617,505.9829,411.7216,514.7741,456.6544,459.7978,723.8095,468.8645,581.685,446.8864,602.6862,601.7094,645.6655,548.9622,492.7961,589.9878,379.9756,542.5593,4.48,0.79,8,6
2018-03-02 8:11,0,0,0,0,0,0,0,0,0,0,0,0,1,0,0,0,0,0,0,0,1,0,0,1,0,1,536.7521,452.7473,567.033,526.0073,513.7973,450.7936,540.6594,577.7778,571.617,505.9829,411.7216,514.7741,456.6544,459.7978,723.8095,468.8645,581.685,446.8864,602.6862,601.7094,645.6655,548.9622,492.7961,589.9878,379.9756,542.5593,4.41,0.79,8,5
2018-03-02 8:16,0,0,0,0,0,0,0,0,0,0,0,0,1,0,0,0,0,0,0,0,1,0,0,1,0,1,542.6129,448.8401,565.5678,520.6349,510.8669,450.7936,534.7985,579.6777,566.733,497.6801,404.884,512.8206,463.9805,461.4269,721.856,473.7485,583.6385,449.8168,584.6154,578.7546,647.6191,535.7753,491.8193,589.9878,379.9756,542.5593,4.92,0.79,8,6
2018-03-02 8:21,0,0,0,0,0,0,0,0,0,0,0,0,1,0,0,0,0,0,0,0,1,0,0,1,0,1,542.6129,448.8401,565.5678,520.6349,510.8669,450.7936,534.7985,579.6777,566.733,497.6801,404.884,512.8206,463.9805,461.4269,721.856,473.7485,583.6385,449.8168,584.6154,578.7546,647.6191,535.7753,491.8193,589.9878,379.9756,534.7985,4.97,0.76,8,5
2018-03-02 8:26,0,0,0,0,0,0,0,0,0,0,0,0,1,0,0,0,0,0,0,0,1,0,0,1,0,1,542.6129,448.8401,565.5678,520.6349,510.8669,450.7936,534.7985,579.6777,566.733,497.6801,404.884,512.8206,463.9805,461.4269,721.856,473.7485,583.6385,449.8168,584.6154,578.7546,647.6191,535.7753,491.8193,589.9878,379.9756,534.7985,5,0.76,8,5
2018-03-02 8:31,0,0,0,0,0,0,0,0,0,0,0,0,1,0,0,0,0,0,0,0,1,0,0,1,0,1,537.7289,449.8168,585.5922,526.9841,506.9597,453.7241,548.9622,586.569,569.6634,498.6569,408.7912,515.7509,459.6826,458.9849,719.9023,477.6557,581.685,452.7473,568.9866,569.9634,690.5983,534.7985,493.7729,588.0342,379.9756,534.7985,5.04,0.76,10,6
2018-03-02 8:36,0,0,0,0,0,0,0,0,0,0,0,0,1,0,0,0,0,0,0,0,1,0,0,1,0,1,537.7289,449.8168,585.5922,526.9841,506.9597,453.7241,548.9622,586.569,569.6634,498.6569,408.7912,515.7509,459.6826,458.9849,719.9023,477.6557,581.685,452.7473,568.9866,569.9634,690.5983,534.7985,493.7729,588.0342,379.9756,534.7985,5.14,0.76,12,7
2018-03-02 8:41,0,0,0,0,0,0,0,0,0,0,0,0,1,0,0,0,0,1,0,0,1,0,0,1,0,1,537.7289,449.8168,585.5922,526.9841,506.9597,453.7241,548.9622,586.569,569.6634,498.6569,408.7912,515.7509,459.6826,458.9849,719.9023,477.6557,581.685,452.7473,568.9866,569.9634,690.5983,534.7985,493.7729,588.0342,379.9756,534.7985,5.08,0.79,11,7
2018-03-02 8:46,0,0,0,0,0,0,0,0,0,0,0,0,1,0,0,0,0,0,0,0,1,0,0,1,0,1,548.9622,450.7936,590.9646,532.8449,506.9597,451.7704,549.939,582.6617,568.6866,505.0061,410.7448,525.0305,466.9109,463.3805,722.8327,481.5629,589.011,463.0037,584.6154,569.9634,747.7411,546.0317,500.6105,585.5922,379.9756,534.7985,5.02,0.76,11,6
2018-03-02 8:51,0,0,0,0,0,0,0,0,0,0,0,0,1,0,0,0,0,0,0,0,1,0,0,1,0,1,548.9622,450.7936,590.9646,532.8449,506.9597,451.7704,549.939,582.6617,568.6866,505.0061,410.7448,525.0305,466.9109,463.3805,722.8327,481.5629,589.011,463.0037,584.6154,569.9634,747.7411,546.0317,500.6105,585.5922,379.9756,540.6868,5.14,0.86,10,7
2018-03-02 8:56,0,0,0,0,0,0,0,0,0,0,0,0,1,0,0,0,0,0,0,0,1,0,0,1,0,1,548.9622,450.7936,590.9646,532.8449,506.9597,451.7704,549.939,582.6617,568.6866,505.0061,410.7448,525.0305,466.9109,463.3805,722.8327,481.5629,589.011,463.0037,584.6154,569.9634,747.7411,546.0317,500.6105,585.5922,379.9756,540.6868,5.08,0.83,9,8
2018-03-02 9:01,0,0,0,0,0,0,0,0,0,0,0,0,1,0,0,0,0,0,0,0,1,0,0,1,0,1,541.6361,455.6776,589.011,532.8449,510.8669,458.6081,559.707,586.569,573.9706,514.7741,454.7009,527.0818,475.7021,464.3573,736.0195,484.9817,600.7326,463.0037,535.7753,576.801,737.9731,555.7997,506.9597,595.8486,379.9756,540.6868,5.07,0.83,10,5
2018-03-02 9:06,0,0,0,0,0,0,0,0,0,0,0,0,1,0,0,0,0,0,0,1,1,0,0,1,0,1,541.6361,455.6776,589.011,532.8449,510.8669,458.6081,559.707,586.569,573.9706,514.7741,454.7009,527.0818,475.7021,464.3573,736.0195,484.9817,600.7326,463.0037,535.7753,576.801,737.9731,555.7997,506.9597,595.8486,379.9756,540.6868,5.04,0.83,10,5
2018-03-02 9:11,0,0,0,0,0,0,0,0,0,0,0,0,1,0,0,0,0,0,0,1,1,0,0,1,0,1,541.6361,455.6776,589.011,532.8449,510.8669,458.6081,559.707,586.569,573.9706,514.7741,454.7009,527.0818,475.7021,464.3573,736.0195,484.9817,600.7326,463.0037,535.7753,576.801,737.9731,555.7997,506.9597,595.8486,379.9756,540.6868,5.04,0.83,9,5
2018-03-02 9:16,0,0,0,0,0,0,0,0,0,0,0,0,1,0,0,0,0,0,0,1,1,0,0,1,0,1,547.0085,457.6313,591.9634,538.7057,512.8206,454.7009,563.6142,594.8718,575.5242,515.7509,442.9792,534.7985,474.7253,477.0557,731.624,484.0049,606.5934,470.8181,535.7753,584.6154,736.0195,550.9158,512.8206,600.7326,379.9756,540.6868,5.64,0.93,11,6
2018-03-02 9:21,0,0,0,0,0,0,0,0,0,0,0,0,1,0,0,0,0,0,0,0,1,0,0,1,0,1,547.0085,457.6313,591.9634,538.7057,512.8206,454.7009,563.6142,594.8718,575.5242,515.7509,442.9792,534.7985,474.7253,477.0557,731.624,484.0049,606.5934,470.8181,535.7753,584.6154,736.0195,550.9158,512.8206,600.7326,379.9756,543.5897,5.17,0.93,12,6
2018-03-02 9:26,0,0,0,0,0,0,0,0,0,0,0,0,1,0,0,0,0,0,0,0,1,0,0,1,0,1,547.0085,457.6313,591.9634,538.7057,512.8206,454.7009,563.6142,594.8718,575.5242,515.7509,442.9792,534.7985,474.7253,477.0557,731.624,484.0049,606.5934,470.8181,535.7753,584.6154,736.0195,550.9158,512.8206,600.7326,379.9756,543.5897,5.12,0.9,12,7
2018-03-02 9:31,0,0,0,0,0,0,0,0,0,0,0,0,1,0,0,0,0,0,0,0,1,0,0,1,0,1,551.8926,457.6313,606.5934,527.9609,516.7277,452.7473,577.7778,633.9438,575.5242,513.7973,442.0024,540.6594,484.9817,479.9861,751.6483,484.0049,603.663,476.6789,539.6826,592.9182,750.6715,555.7997,603.663,607.5702,379.9756,543.5897,5.14,0.9,13,6
2018-03-02 9:36,0,0,0,0,0,0,0,0,0,0,0,0,1,0,0,0,0,0,0,0,1,0,0,1,0,1,551.8926,457.6313,606.5934,527.9609,516.7277,452.7473,577.7778,633.9438,575.5242,513.7973,442.0024,540.6594,484.9817,479.9861,751.6483,484.0049,603.663,476.6789,539.6826,592.9182,750.6715,555.7997,603.663,607.5702,379.9756,543.5897,5.1,0.9,13,7
2018-03-02 9:41,0,0,0,0,0,1,0,0,0,0,0,0,1,0,0,0,0,0,0,0,1,0,0,1,0,1,551.8926,457.6313,606.5934,527.9609,516.7277,452.7473,577.7778,633.9438,575.5242,513.7973,442.0024,540.6594,484.9817,479.9861,751.6483,484.0049,603.663,476.6789,539.6826,592.9182,750.6715,555.7997,603.663,607.5702,379.9756,543.5897,5.21,0.9,14,7
2018-03-02 9:46,0,0,0,0,0,0,0,0,0,0,0,0,1,0,0,0,0,0,0,0,1,0,0,1,0,1,564.591,455.6776,603.663,536.7521,517.7045,470.8181,577.7778,642.735,578.4546,514.7741,437.6069,539.6826,484.9817,488.2889,745.7875,489.8657,610.0122,484.9817,542.6129,593.895,744.8107,563.6142,532.8449,615.873,379.9756,543.5897,5.15,1,14,8
2018-03-02 9:51,0,0,0,0,0,0,0,0,1,0,0,0,1,0,0,0,0,0,0,0,1,0,0,1,0,1,564.591,455.6776,603.663,536.7521,517.7045,470.8181,577.7778,642.735,578.4546,514.7741,437.6069,539.6826,484.9817,488.2889,745.7875,489.8657,610.0122,484.9817,542.6129,593.895,744.8107,563.6142,532.8449,615.873,379.9756,558.7576,5.08,1,16,10
2018-03-02 9:56,1,0,0,0,0,1,0,0,0,0,0,0,1,0,0,0,0,0,0,0,1,0,0,1,1,1,564.591,455.6776,603.663,536.7521,517.7045,470.8181,577.7778,642.735,578.4546,514.7741,437.6069,539.6826,484.9817,488.2889,745.7875,489.8657,610.0122,484.9817,542.6129,593.895,744.8107,563.6142,532.8449,615.873,379.9756,558.7576,5.1,1.03,15,12
2018-03-02 10:01,0,0,0,0,0,0,0,1,0,0,0,0,1,0,0,0,0,0,0,0,1,0,0,1,1,1,558.7302,462.0269,614.7651,531.8681,517.7045,487.9121,595.8486,641.7582,602.3862,516.7277,436.6301,548.9622,488.8889,489.2657,750.6715,492.7961,609.0354,491.8193,549.939,607.5702,741.8803,572.8937,653.9683,614.8962,379.9756,558.7576,5.64,1.03,21,11
2018-03-02 10:06,0,0,0,0,0,0,0,0,0,0,0,0,1,0,0,0,0,0,0,0,1,0,0,1,0,1,558.7302,462.0269,614.7651,531.8681,517.7045,487.9121,595.8486,641.7582,602.3862,516.7277,436.6301,548.9622,488.8889,489.2657,750.6715,492.7961,609.0354,491.8193,549.939,607.5702,741.8803,572.8937,653.9683,614.8962,379.9756,558.7576,5.14,1,26,11
2018-03-02 10:11,0,0,0,0,0,0,0,1,0,0,0,0,1,0,0,0,0,0,0,0,1,0,0,1,0,1,558.7302,462.0269,614.7651,531.8681,517.7045,487.9121,595.8486,641.7582,602.3862,516.7277,436.6301,548.9622,488.8889,489.2657,750.6715,492.7961,609.0354,491.8193,549.939,607.5702,741.8803,572.8937,653.9683,614.8962,379.9756,558.7576,5.15,1,27,14
2018-03-02 10:16,0,0,0,0,0,0,0,0,0,0,0,0,1,0,0,0,0,0,0,0,1,0,0,1,0,1,592.9182,463.9805,598.779,535.7753,523.5654,498.6569,596.8254,672.0179,621.4338,526.9841,444.9328,553.8462,492.7961,496.1033,754.3739,492.7961,616.8498,493.7729,552.8694,610.0122,752.6251,598.779,595.8486,621.7338,379.9756,558.7576,5.23,1,29,16
2018-03-02 10:21,0,0,0,0,0,0,0,0,0,0,0,0,1,0,0,0,0,0,0,0,1,0,0,1,0,1,592.9182,463.9805,598.779,535.7753,523.5654,498.6569,596.8254,672.0179,621.4338,526.9841,444.9328,553.8462,492.7961,496.1033,754.3739,492.7961,616.8498,493.7729,552.8694,610.0122,752.6251,598.779,595.8486,621.7338,379.9756,590.9646,5.28,1,28,13
2018-03-02 10:26,0,0,0,0,0,0,0,0,0,0,0,0,1,0,0,0,0,0,0,0,1,0,0,1,1,1,592.9182,463.9805,598.779,535.7753,523.5654,498.6569,596.8254,672.0179,621.4338,526.9841,444.9328,553.8462,492.7961,496.1033,754.3739,492.7961,616.8498,493.7729,552.8694,610.0122,752.6251,598.779,595.8486,621.7338,379.9756,590.9646,5.35,1,28,13
2018-03-02 10:31,0,0,0,0,0,0,0,0,0,0,0,0,1,0,0,0,0,0,0,0,1,0,0,1,0,1,589.011,463.9805,616.8498,537.7289,526.0073,508.9133,597.8022,655.9218,631.6902,526.9841,446.8864,558.7302,504.0293,499.0337,767.7656,495.7265,630.0366,497.6801,565.5678,612.9426,826.8621,606.5934,597.8022,628.5714,379.9756,590.9646,5.27,1.03,26,13
2018-03-02 10:36,0,0,0,0,0,0,0,0,0,0,0,0,1,0,0,0,0,0,0,0,1,0,0,1,0,1,589.011,463.9805,616.8498,537.7289,526.0073,508.9133,597.8022,655.9218,631.6902,526.9841,446.8864,558.7302,504.0293,499.0337,767.7656,495.7265,630.0366,497.6801,565.5678,612.9426,826.8621,606.5934,597.8022,628.5714,379.9756,590.9646,5.32,1.03,24,15
2018-03-02 10:41,0,0,0,0,0,0,0,0,1,0,0,0,1,0,0,0,0,0,0,0,1,0,0,1,0,1,589.011,463.9805,616.8498,537.7289,526.0073,508.9133,597.8022,655.9218,631.6902,526.9841,446.8864,558.7302,504.0293,499.0337,767.7656,495.7265,630.0366,497.6801,565.5678,612.9426,826.8621,606.5934,597.8022,628.5714,379.9756,590.9646,5.89,1.02,24,16
2018-03-02 10:46,0,0,0,0,0,0,0,0,0,0,0,0,1,0,0,0,0,0,0,0,1,0,0,1,0,1,579.7314,465.9341,618.8034,535.7753,527.9609,509.8901,599.7558,659.829,660.5059,535.7753,451.7704,562.6374,507.9365,507.3365,770.696,505.0061,632.967,506.9597,573.8705,647.6191,753.6019,643.7119,607.5702,639.8046,379.9756,590.9646,5.34,1.02,25,17
2018-03-02 10:51,0,0,0,0,0,0,0,0,0,0,0,0,1,0,0,0,0,0,0,0,1,0,0,1,0,1,579.7314,465.9341,618.8034,535.7753,527.9609,509.8901,599.7558,659.829,660.5059,535.7753,451.7704,562.6374,507.9365,507.3365,770.696,505.0061,632.967,506.9597,573.8705,647.6191,753.6019,643.7119,607.5702,639.8046,379.9756,598.779,5.39,1.03,25,16
2018-03-02 10:56,0,0,0,0,0,0,0,0,0,0,0,0,1,0,0,0,0,0,0,0,1,0,1,1,0,1,579.7314,465.9341,618.8034,535.7753,527.9609,509.8901,599.7558,659.829,660.5059,535.7753,451.7704,562.6374,507.9365,507.3365,770.696,505.0061,632.967,506.9597,573.8705,647.6191,753.6019,643.7119,607.5702,639.8046,379.9756,598.779,5.4,1.03,27,17
2018-03-02 11:01,0,0,0,0,0,0,0,0,0,0,0,0,1,0,0,0,0,0,0,0,1,0,0,1,0,1,579.7314,473.7485,643.7119,537.7289,534.7985,516.7277,603.663,643.7119,686.3911,529.9146,454.7009,568.9866,515.7509,515.1729,778.022,510.8669,635.8975,507.9365,577.7778,644.6887,788.7668,631.9902,632.967,646.6423,379.9756,598.779,5.35,1.03,28,18
2018-03-02 11:06,0,0,0,0,0,0,0,0,0,0,0,0,1,0,0,0,0,0,0,0,1,0,1,1,0,1,579.7314,473.7485,643.7119,537.7289,534.7985,516.7277,603.663,643.7119,686.3911,529.9146,454.7009,568.9866,515.7509,515.1729,778.022,510.8669,635.8975,507.9365,577.7778,644.6887,788.7668,631.9902,632.967,646.6423,379.9756,598.779,6.17,1.03,31,19
2018-03-02 11:11,0,0,0,0,0,0,0,0,0,0,0,0,1,0,0,0,0,0,0,0,1,0,1,1,0,1,579.7314,473.7485,643.7119,537.7289,534.7985,516.7277,603.663,643.7119,686.3911,529.9146,454.7009,568.9866,515.7509,515.1729,778.022,510.8669,635.8975,507.9365,577.7778,644.6887,788.7668,631.9902,632.967,646.6423,379.9756,598.779,5.48,1.03,33,17
2018-03-02 11:16,0,0,0,0,0,0,0,0,0,0,0,0,1,0,0,0,0,0,0,0,1,0,1,1,0,1,592.9182,467.8877,627.5946,539.6826,531.8681,496.7033,622.7106,646.6423,693.7283,556.7766,463.0037,579.7314,515.7509,518.0814,772.3936,514.7741,631.9902,508.9133,575.8242,652.9915,762.8816,634.9207,653.9683,648.5959,379.9756,598.779,5.51,1.06,33,20
2018-03-02 11:21,0,0,0,0,0,0,0,0,0,0,0,0,1,0,0,1,0,0,0,0,1,0,1,1,0,1,592.9182,467.8877,627.5946,539.6826,531.8681,496.7033,622.7106,646.6423,693.7283,556.7766,463.0037,579.7314,515.7509,518.0814,772.3936,514.7741,631.9902,508.9133,575.8242,652.9915,762.8816,634.9207,653.9683,648.5959,379.9756,616.8498,5.37,1.06,33,16
2018-03-02 11:26,0,0,0,0,0,0,0,0,0,0,0,0,1,0,0,0,0,0,0,0,1,0,1,1,0,1,592.9182,467.8877,627.5946,539.6826,531.8681,496.7033,622.7106,646.6423,693.7283,556.7766,463.0037,579.7314,515.7509,518.0814,772.3936,514.7741,631.9902,508.9133,575.8242,652.9915,762.8816,634.9207,653.9683,648.5959,379.9756,616.8498,5.34,1.15,33,17
2018-03-02 11:31,0,0,0,0,0,0,0,0,0,0,0,0,1,0,0,0,1,0,0,0,1,0,1,1,0,1,593.895,476.6789,625.641,542.6129,539.6826,493.7729,628.5714,647.6191,701.5315,544.5665,459.5849,580.7082,521.6118,543.9666,776.9646,523.5654,635.8975,505.9829,579.7314,644.6887,702.8083,631.0134,697.9243,653.9683,379.9756,616.8498,5.97,1.18,29,20
2018-03-02 11:36,0,0,0,0,0,0,0,0,0,0,0,0,1,0,0,0,0,0,0,0,1,0,1,1,0,1,593.895,476.6789,625.641,542.6129,539.6826,493.7729,628.5714,647.6191,701.5315,544.5665,459.5849,580.7082,521.6118,543.9666,776.9646,523.5654,635.8975,505.9829,579.7314,644.6887,702.8083,631.0134,697.9243,653.9683,379.9756,616.8498,4.75,1.18,31,22
2018-03-02 11:41,0,0,0,0,0,0,0,0,0,0,0,0,1,0,0,0,0,0,0,0,1,0,1,1,0,1,593.895,476.6789,625.641,542.6129,539.6826,493.7729,628.5714,647.6191,701.5315,544.5665,459.5849,580.7082,521.6118,543.9666,776.9646,523.5654,635.8975,505.9829,579.7314,644.6887,702.8083,631.0134,697.9243,653.9683,379.9756,616.8498,5.57,1.11,35,23
2018-03-02 11:46,0,0,0,0,0,0,0,0,0,0,1,0,1,0,0,0,0,0,0,0,1,0,1,1,0,1,610.0122,475.7021,626.5507,543.5897,531.8681,507.9365,623.6874,637.72,703.418,561.6606,525.0305,595.8486,517.7045,571.317,782.9059,533.8217,656.8986,556.7766,579.7314,648.5959,715.0183,632.967,727.7265,656.8986,379.9756,616.8498,4.95,1.11,36,22
2018-03-02 11:51,0,0,0,0,0,0,0,0,0,0,0,0,1,0,0,0,0,0,0,0,1,0,1,1,0,1,610.0122,475.7021,626.5507,543.5897,531.8681,507.9365,623.6874,637.72,703.418,561.6606,525.0305,595.8486,517.7045,571.317,782.9059,533.8217,656.8986,556.7766,579.7314,648.5959,715.0183,632.967,727.7265,656.8986,379.9756,627.5946,5.68,1.04,34,22
2018-03-02 11:56,0,0,0,0,0,0,0,0,0,0,0,0,1,0,0,0,1,0,0,0,1,0,1,1,0,1,610.0122,475.7021,626.5507,543.5897,531.8681,507.9365,623.6874,637.72,703.418,561.6606,525.0305,595.8486,517.7045,571.317,782.9059,533.8217,656.8986,556.7766,579.7314,648.5959,715.0183,632.967,727.7265,656.8986,379.9756,627.5946,6.11,0.98,35,22
2018-03-02 12:01,0,0,0,0,0,0,0,0,1,0,0,1,1,0,0,0,1,0,0,0,1,0,1,1,0,1,617.8266,470.8181,614.8821,541.6361,534.7985,498.6569,617.8266,642.735,713.7415,561.6606,469.8413,601.7094,530.8913,598.179,792.674,529.9146,635.8975,693.0403,646.6423,647.6191,710.6227,636.8743,614.8962,659.829,379.9756,627.5946,5.54,0.98,36,21
2018-03-02 12:06,0,0,0,0,0,0,0,0,0,0,0,1,1,0,0,0,1,0,0,0,1,0,1,1,0,1,617.8266,470.8181,614.8821,541.6361,534.7985,498.6569,617.8266,642.735,713.7415,561.6606,469.8413,601.7094,530.8913,598.179,792.674,529.9146,635.8975,693.0403,646.6423,647.6191,710.6227,636.8743,614.8962,659.829,379.9756,627.5946,5.42,0.98,32,21
2018-03-02 12:11,0,0,0,0,0,0,0,0,1,0,0,0,1,0,0,0,1,0,0,0,1,0,1,1,0,1,617.8266,470.8181,614.8821,541.6361,534.7985,498.6569,617.8266,642.735,713.7415,561.6606,469.8413,601.7094,530.8913,598.179,792.674,529.9146,635.8975,693.0403,646.6423,647.6191,710.6227,636.8743,614.8962,659.829,379.9756,627.5946,6.08,0.98,30,22
2018-03-02 12:16,0,0,0,0,0,0,0,0,0,0,0,0,1,0,0,0,1,0,0,0,1,0,1,1,0,1,610.0122,475.7021,614.8817,546.0317,529.9146,486.9353,624.6642,641.7582,721.5384,570.9402,537.7289,634.9207,534.7985,543.9666,786.8132,532.8449,638.8278,819.0477,586.569,652.0146,690.5983,636.8743,594.8718,662.7595,379.9756,627.5946,5.43,1.11,30,21
2018-03-02 12:21,0,0,0,0,0,0,0,0,0,0,0,0,1,0,0,0,1,0,0,0,1,0,1,1,0,1,610.0122,475.7021,614.8817,546.0317,529.9146,486.9353,624.6642,641.7582,721.5384,570.9402,537.7289,634.9207,534.7985,543.9666,786.8132,532.8449,638.8278,819.0477,586.569,652.0146,690.5983,636.8743,594.8718,662.7595,379.9756,636.0023,5.45,1.11,34,22
2018-03-02 12:26,0,0,0,0,0,0,0,0,0,0,1,1,1,0,0,0,1,0,0,0,1,0,1,1,0,1,610.0122,475.7021,614.8817,546.0317,529.9146,486.9353,624.6642,641.7582,721.5384,570.9402,537.7289,634.9207,534.7985,543.9666,786.8132,532.8449,638.8278,819.0477,586.569,652.0146,690.5983,636.8743,594.8718,662.7595,379.9756,636.0023,5.52,1.1,34,26
2018-03-02 12:31,0,0,0,0,0,0,0,0,0,0,0,0,1,0,0,0,1,0,0,0,1,0,1,1,0,1,598.779,481.5629,626.6178,543.5897,531.8681,501.5873,625.641,620.757,748.418,564.591,568.9866,716.9719,525.0305,534.1985,801.9536,529.9146,642.735,770.696,581.685,644.6887,706.7155,661.7827,591.9414,666.6666,379.9756,636.0023,5.6,1.11,35,24
2018-03-02 12:36,0,0,0,0,0,0,0,0,0,0,0,0,1,0,0,0,0,0,0,0,1,0,1,1,0,1,598.779,481.5629,626.6178,543.5897,531.8681,501.5873,625.641,620.757,748.418,564.591,568.9866,716.9719,525.0305,534.1985,801.9536,529.9146,642.735,770.696,581.685,644.6887,706.7155,661.7827,591.9414,666.6666,379.9756,636.0023,5.61,1.13,34,24
2018-03-02 12:41,0,0,0,0,0,0,0,0,0,0,0,0,1,0,0,0,0,0,0,0,1,0,1,1,0,1,598.779,481.5629,626.6178,543.5897,531.8681,501.5873,625.641,620.757,748.418,564.591,568.9866,716.9719,525.0305,534.1985,801.9536,529.9146,642.735,770.696,581.685,644.6887,706.7155,661.7827,591.9414,666.6666,379.9756,636.0023,5.65,1.1,32,23
2018-03-02 12:46,0,0,0,0,0,0,0,0,0,0,0,0,1,0,0,0,0,0,0,0,1,0,1,1,0,1,594.8718,475.7021,618.1783,548.9622,534.7985,492.7961,613.9194,625.641,735.7195,570.9402,563.6142,619.7802,530.8913,641.1583,916.7126,526.0073,648.5959,611.9658,694.9939,654.9451,714.0415,641.7582,605.6166,660.8058,379.9756,636.0023,5.6,1.11,33,23
2018-03-02 12:51,0,0,0,0,0,0,0,0,0,0,0,0,1,0,0,0,0,0,0,0,1,0,1,1,0,1,594.8718,475.7021,618.1783,548.9622,534.7985,492.7961,613.9194,625.641,735.7195,570.9402,563.6142,619.7802,530.8913,641.1583,916.7126,526.0073,648.5959,611.9658,694.9939,654.9451,714.0415,641.7582,605.6166,660.8058,379.9756,641.7582,5.65,1.08,33,23
2018-03-02 12:56,0,0,0,0,0,0,0,0,0,0,1,0,1,0,0,0,0,0,0,0,1,0,1,0,0,1,594.8718,475.7021,618.1783,548.9622,534.7985,492.7961,613.9194,625.641,735.7195,570.9402,563.6142,619.7802,530.8913,641.1583,916.7126,526.0073,648.5959,611.9658,694.9939,654.9451,714.0415,641.7582,605.6166,660.8058,379.9756,641.7582,5.49,1.09,34,24
2018-03-03 7:31,0,0,0,0,0,0,0,0,0,0,0,0,1,0,0,0,0,0,0,0,1,0,0,1,0,1,536.7521,433.6996,586.569,526.0073,507.9365,430.7693,529.9146,589.011,579.4314,499.6337,405.8608,505.0061,447.8633,448.2401,690.5983,453.7241,564.591,450.7936,497.6801,558.7302,640.7814,520.6349,481.5629,576.801,379.9756,488.7578,4.58,0.12,5,2
2018-03-03 7:36,0,0,0,0,0,0,0,0,0,0,0,0,1,0,0,0,0,0,0,0,1,0,0,1,0,1,536.7521,433.6996,586.569,526.0073,507.9365,430.7693,529.9146,589.011,579.4314,499.6337,405.8608,505.0061,447.8633,448.2401,690.5983,453.7241,564.591,450.7936,497.6801,558.7302,640.7814,520.6349,481.5629,576.801,379.9756,488.7578,4.53,0.12,4,2
2018-03-03 7:41,0,0,0,0,0,0,0,0,0,0,0,0,1,0,0,0,0,0,0,0,1,0,0,1,0,1,536.7521,433.6996,586.569,526.0073,507.9365,430.7693,529.9146,589.011,579.4314,499.6337,405.8608,505.0061,447.8633,448.2401,690.5983,453.7241,564.591,450.7936,497.6801,558.7302,640.7814,520.6349,481.5629,576.801,379.9756,488.7578,4.51,0.12,4,2
2018-03-03 7:46,0,0,0,0,0,0,0,0,0,0,0,0,1,0,0,0,0,0,0,0,1,0,0,1,0,1,530.8913,434.6765,583.6385,532.8449,507.9365,435.6533,527.9609,596.1047,577.4778,500.6105,405.8608,501.5873,453.7241,449.2344,683.7607,454.7009,570.9402,448.8401,492.7961,561.6606,639.8046,522.5886,484.9817,574.8474,379.9756,488.7578,4.51,0.18,4,2
2018-03-03 7:51,0,0,0,0,0,0,0,0,0,0,0,0,1,0,0,0,0,0,0,0,1,0,0,1,0,1,530.8913,434.6765,583.6385,532.8449,507.9365,435.6533,527.9609,596.1047,577.4778,500.6105,405.8608,501.5873,453.7241,449.2344,683.7607,454.7009,570.9402,448.8401,492.7961,561.6606,639.8046,522.5886,484.9817,574.8474,379.9756,490.8425,4.51,0.17,4,2
2018-03-03 7:56,0,0,0,0,0,0,0,0,0,0,0,0,1,0,0,0,0,0,0,0,1,0,0,1,0,1,530.8913,434.6765,583.6385,532.8449,507.9365,435.6533,527.9609,596.1047,577.4778,500.6105,405.8608,501.5873,453.7241,449.2344,683.7607,454.7009,570.9402,448.8401,492.7961,561.6606,639.8046,522.5886,484.9817,574.8474,379.9756,490.8425,4.5,0.17,5,2
2018-03-03 8:01,0,0,0,0,0,0,0,0,0,0,0,0,1,0,0,0,0,0,0,0,1,0,0,1,0,1,531.8681,434.6765,584.6154,531.8681,508.9133,438.5836,538.7057,594.8542,579.4314,496.7033,407.8144,502.5641,456.6544,456.0544,689.6215,453.7241,564.591,451.7704,502.5641,562.6374,641.7582,518.6813,479.6093,574.8474,379.9756,490.8425,4.57,0.17,5,2
2018-03-03 8:06,0,0,0,0,0,0,0,0,0,0,0,0,1,0,0,0,0,0,0,0,1,0,0,1,0,1,531.8681,434.6765,584.6154,531.8681,508.9133,438.5836,538.7057,594.8542,579.4314,496.7033,407.8144,502.5641,456.6544,456.0544,689.6215,453.7241,564.591,451.7704,502.5641,562.6374,641.7582,518.6813,479.6093,574.8474,379.9756,490.8425,4.58,0.17,5,2
2018-03-03 8:11,0,0,0,0,0,0,0,0,0,0,0,0,1,0,0,0,0,0,0,0,1,0,0,1,0,1,531.8681,434.6765,584.6154,531.8681,508.9133,438.5836,538.7057,594.8542,579.4314,496.7033,407.8144,502.5641,456.6544,456.0544,689.6215,453.7241,564.591,451.7704,502.5641,562.6374,641.7582,518.6813,479.6093,574.8474,379.9756,490.8425,4.59,0.17,5,2
2018-03-03 8:16,0,0,0,0,0,0,0,0,0,0,0,0,1,0,0,0,0,0,0,0,1,0,0,1,0,1,534.7985,434.6765,581.685,531.8681,508.9133,433.6996,535.7753,601.7094,582.3618,499.6337,411.7216,500.6105,450.7936,448.2401,688.6447,448.8401,571.917,448.8401,499.6337,557.7534,639.8046,521.6118,478.6325,574.8474,379.9756,490.8425,4.52,0.17,5,2
2018-03-03 8:21,0,0,0,0,0,0,0,0,0,0,0,0,1,0,0,0,0,0,0,0,1,0,0,1,0,1,534.7985,434.6765,581.685,531.8681,508.9133,433.6996,535.7753,601.7094,582.3618,499.6337,411.7216,500.6105,450.7936,448.2401,688.6447,448.8401,571.917,448.8401,499.6337,557.7534,639.8046,521.6118,478.6325,574.8474,379.9756,489.8657,4.56,0.17,5,2
2018-03-03 8:26,0,0,0,0,0,0,0,0,0,0,0,0,1,0,0,0,0,0,0,0,1,0,0,1,0,1,534.7985,434.6765,581.685,531.8681,508.9133,433.6996,535.7753,601.7094,582.3618,499.6337,411.7216,500.6105,450.7936,448.2401,688.6447,448.8401,571.917,448.8401,499.6337,557.7534,639.8046,521.6118,478.6325,574.8474,379.9756,489.8657,4.58,0.17,5,2
2018-03-03 8:31,0,0,0,0,0,0,0,0,0,0,0,0,1,0,0,0,0,0,0,0,1,0,0,1,0,1,533.8217,435.6533,581.685,531.8681,510.8669,435.6533,532.8449,600.7326,582.3618,496.7033,411.7216,504.0293,460.5616,452.1472,688.6447,457.6313,563.6142,452.7473,500.6105,562.6374,641.7582,520.6349,486.9353,575.8242,379.9756,489.8657,4.48,0.17,5,2
2018-03-03 8:36,0,0,0,0,0,0,0,0,1,0,0,0,1,0,0,0,0,0,0,0,1,0,0,1,0,1,533.8217,435.6533,581.685,531.8681,510.8669,435.6533,532.8449,600.7326,582.3618,496.7033,411.7216,504.0293,460.5616,452.1472,688.6447,457.6313,563.6142,452.7473,500.6105,562.6374,641.7582,520.6349,486.9353,575.8242,379.9756,489.8657,4.58,0.29,5,2
2018-03-03 8:41,0,0,0,0,0,0,0,0,0,0,0,0,1,0,0,0,0,0,0,0,1,0,0,1,0,1,533.8217,435.6533,581.685,531.8681,510.8669,435.6533,532.8449,600.7326,582.3618,496.7033,411.7216,504.0293,460.5616,452.1472,688.6447,457.6313,563.6142,452.7473,500.6105,562.6374,641.7582,520.6349,486.9353,575.8242,379.9756,489.8657,4.48,0.17,6,2
2018-03-03 8:46,0,0,0,0,0,0,0,0,0,0,0,0,1,0,0,0,0,0,0,0,1,0,0,1,0,1,532.8449,436.6301,581.685,536.7521,510.8669,434.6765,531.8681,603.663,605.3167,498.6569,408.7912,502.5641,451.7704,453.1241,685.0717,456.6544,570.9402,447.8633,505.0061,558.7302,647.6191,522.5886,489.768,575.8242,379.9756,489.8657,4.53,0.17,6,2
2018-03-03 8:51,0,0,0,0,0,0,0,0,0,0,0,0,1,0,0,0,0,0,0,0,1,0,0,1,0,1,532.8449,436.6301,581.685,536.7521,510.8669,434.6765,531.8681,603.663,605.3167,498.6569,408.7912,502.5641,451.7704,453.1241,685.0717,456.6544,570.9402,447.8633,505.0061,558.7302,647.6191,522.5886,489.768,575.8242,379.9756,489.8657,4.59,0.17,5,2
2018-03-03 8:56,0,0,0,0,0,0,0,0,0,0,0,0,1,0,0,0,0,0,0,0,1,0,0,1,0,1,532.8449,436.6301,581.685,536.7521,510.8669,434.6765,531.8681,603.663,605.3167,498.6569,408.7912,502.5641,451.7704,453.1241,685.0717,456.6544,570.9402,447.8633,505.0061,558.7302,647.6191,522.5886,489.768,575.8242,379.9756,489.8657,4.64,0.17,5,2
2018-03-03 9:01,0,0,0,0,0,0,0,0,0,0,0,0,1,0,0,0,0,0,0,0,1,0,0,1,0,1,531.8681,441.0256,576.801,540.6594,513.7973,435.6533,538.7057,605.6166,598.479,498.6569,409.768,510.8669,459.5849,454.1009,689.6215,454.7009,576.801,458.6081,509.8901,569.9634,651.0378,526.9841,489.8657,578.7546,379.9756,489.8657,4.53,0.17,5,2
2018-03-03 9:06,0,0,0,0,0,0,0,0,0,0,0,0,1,0,0,0,0,0,0,0,1,0,0,1,0,1,531.8681,441.0256,576.801,540.6594,513.7973,435.6533,538.7057,605.6166,598.479,498.6569,409.768,510.8669,459.5849,454.1009,689.6215,454.7009,576.801,458.6081,509.8901,569.9634,651.0378,526.9841,489.8657,578.7546,379.9756,489.8657,4.68,0.47,5,2
2018-03-03 9:11,0,0,0,0,0,0,0,0,0,0,0,0,1,0,0,0,0,0,0,0,1,0,0,1,0,1,531.8681,441.0256,576.801,540.6594,513.7973,435.6533,538.7057,605.6166,598.479,498.6569,409.768,510.8669,459.5849,454.1009,689.6215,454.7009,576.801,458.6081,509.8901,569.9634,651.0378,526.9841,489.8657,578.7546,379.9756,489.8657,4.6,0.47,5,2
2018-03-03 9:16,0,0,0,0,0,0,0,0,0,0,0,0,1,0,0,0,0,0,0,0,1,0,0,1,0,1,533.8217,450.7936,565.5678,540.6594,514.7741,436.6301,543.5897,603.663,588.711,502.5787,410.7448,511.8437,462.0269,461.4269,695.9707,463.0037,578.7546,457.6313,508.9133,568.0098,649.5726,529.9146,491.8193,578.7546,379.9756,489.8657,4.66,0.58,5,2
2018-03-03 9:21,0,0,0,0,0,0,0,0,0,0,0,0,1,0,0,0,0,0,0,0,1,0,0,1,0,1,533.8217,450.7936,565.5678,540.6594,514.7741,436.6301,543.5897,603.663,588.711,502.5787,410.7448,511.8437,462.0269,461.4269,695.9707,463.0037,578.7546,457.6313,508.9133,568.0098,649.5726,529.9146,491.8193,578.7546,379.9756,515.7509,4.68,0.58,5,2
2018-03-03 9:26,0,0,0,0,0,0,0,0,0,0,0,0,1,0,0,0,0,0,0,0,1,0,0,1,0,1,533.8217,450.7936,565.5678,540.6594,514.7741,436.6301,543.5897,603.663,588.711,502.5787,410.7448,511.8437,462.0269,461.4269,695.9707,463.0037,578.7546,457.6313,508.9133,568.0098,649.5726,529.9146,491.8193,578.7546,379.9756,515.7509,4.72,0.58,5,5
2018-03-03 9:31,0,0,0,0,0,0,0,0,0,0,0,0,1,0,0,0,0,0,0,0,1,0,0,1,0,1,535.7656,448.8401,574.8474,530.8913,514.7741,442.0024,558.7302,603.663,586.5148,506.9597,412.6984,509.8901,456.6544,456.1593,694.9939,458.6081,576.801,462.0269,510.8669,574.8474,646.6423,527.9609,661.7827,580.7082,379.9756,515.7509,4.79,0.67,7,5
2018-03-03 9:36,0,0,0,0,0,0,0,0,0,0,0,0,1,0,0,0,0,0,0,0,1,0,0,1,0,1,535.7656,448.8401,574.8474,530.8913,514.7741,442.0024,558.7302,603.663,586.5148,506.9597,412.6984,509.8901,456.6544,456.1593,694.9939,458.6081,576.801,462.0269,510.8669,574.8474,646.6423,527.9609,661.7827,580.7082,379.9756,515.7509,4.83,0.67,7,5
2018-03-03 9:41,0,0,0,0,0,0,0,0,0,0,0,0,1,0,0,0,0,0,0,0,1,0,0,1,0,1,535.7656,448.8401,574.8474,530.8913,514.7741,442.0024,558.7302,603.663,586.5148,506.9597,412.6984,509.8901,456.6544,456.1593,694.9939,458.6081,576.801,462.0269,510.8669,574.8474,646.6423,527.9609,661.7827,580.7082,379.9756,515.7509,4.91,0.67,5,5
2018-03-03 9:46,0,0,0,0,0,0,0,0,0,0,0,0,1,0,0,0,0,0,0,0,1,0,0,1,0,1,533.8217,447.8633,568.9866,537.7289,512.8206,442.9792,553.8462,601.7094,588.711,506.9597,415.6288,510.8669,464.9573,459.9616,702.7244,466.9109,574.8474,460.5616,508.9133,567.033,648.5959,526.9841,572.8937,583.6385,379.9756,515.7509,4.79,0.67,4,5
2018-03-03 9:51,0,0,0,0,0,0,0,0,0,0,0,0,1,0,0,0,0,0,0,0,1,0,0,1,0,1,533.8217,447.8633,568.9866,537.7289,512.8206,442.9792,553.8462,601.7094,588.711,506.9597,415.6288,510.8669,464.9573,459.9616,702.7244,466.9109,574.8474,460.5616,508.9133,567.033,648.5959,526.9841,572.8937,583.6385,379.9756,533.8217,4.79,0.67,6,5
2018-03-03 9:56,0,0,0,0,0,0,0,0,0,0,0,0,1,0,0,0,0,0,0,0,1,0,0,1,0,1,533.8217,447.8633,568.9866,537.7289,512.8206,442.9792,553.8462,601.7094,588.711,506.9597,415.6288,510.8669,464.9573,459.9616,702.7244,466.9109,574.8474,460.5616,508.9133,567.033,648.5959,526.9841,572.8937,583.6385,379.9756,533.8217,4.84,0.67,7,4
2018-03-03 10:01,0,0,0,0,0,0,0,0,0,0,0,0,1,0,0,0,0,0,0,0,1,0,0,1,0,1,533.8217,443.9561,568.0098,535.7753,515.7509,437.6069,557.7534,611.9658,588.711,502.5641,416.6056,512.8206,468.8645,461.4269,697.9067,463.9903,577.7778,462.0269,509.8901,570.9402,648.5959,529.9146,534.7985,581.685,379.9756,533.8217,4.78,0.67,7,4
2018-03-03 10:06,0,0,0,0,0,0,0,0,0,0,0,0,1,0,0,0,0,0,0,0,1,0,0,1,0,1,533.8217,443.9561,568.0098,535.7753,515.7509,437.6069,557.7534,611.9658,588.711,502.5641,416.6056,512.8206,468.8645,461.4269,697.9067,463.9903,577.7778,462.0269,509.8901,570.9402,648.5959,529.9146,534.7985,581.685,379.9756,533.8217,4.74,0.67,7,5
2018-03-03 10:11,0,0,0,0,0,0,0,0,0,0,0,0,1,0,0,0,0,0,0,0,1,0,0,1,0,1,533.8217,443.9561,568.0098,535.7753,515.7509,437.6069,557.7534,611.9658,588.711,502.5641,416.6056,512.8206,468.8645,461.4269,697.9067,463.9903,577.7778,462.0269,509.8901,570.9402,648.5959,529.9146,534.7985,581.685,379.9756,533.8217,4.09,0.67,8,5
2018-03-03 10:16,0,0,0,0,0,0,0,0,0,0,0,0,1,0,0,0,0,0,0,0,1,0,0,1,0,1,528.9377,447.8633,577.7778,533.8217,515.7509,438.5836,553.8462,610.0122,589.6878,505.9829,421.0013,512.8206,458.6081,462.4037,703.7851,458.6081,578.7546,459.5849,512.8108,571.917,652.9915,529.9146,567.033,583.6385,379.9756,533.8217,4.26,0.67,8,5
2018-03-03 10:21,0,0,0,0,0,0,0,0,0,0,0,0,1,0,0,0,0,0,0,0,1,0,0,1,0,1,528.9377,447.8633,577.7778,533.8217,515.7509,438.5836,553.8462,610.0122,589.6878,505.9829,421.0013,512.8206,458.6081,462.4037,703.7851,458.6081,578.7546,459.5849,512.8108,571.917,652.9915,529.9146,567.033,583.6385,379.9756,526.9841,4.21,0.67,8,5
2018-03-03 10:26,0,0,0,0,0,0,0,0,0,0,0,0,1,0,0,0,0,0,0,0,1,0,0,1,0,1,528.9377,447.8633,577.7778,533.8217,515.7509,438.5836,553.8462,610.0122,589.6878,505.9829,421.0013,512.8206,458.6081,462.4037,703.7851,458.6081,578.7546,459.5849,512.8108,571.917,652.9915,529.9146,567.033,583.6385,379.9756,526.9841,4.19,0.66,8,5
2018-03-03 10:31,0,0,0,0,0,0,0,0,0,0,0,0,1,0,0,0,0,0,0,0,1,0,0,1,0,1,533.8217,446.8864,586.7656,529.9146,514.7741,428.8156,552.8694,605.6166,588.711,505.0061,417.5824,512.8206,464.9573,463.3805,707.6923,467.8877,582.6617,460.5616,513.7973,569.9634,652.0146,536.7521,563.6142,584.6154,379.9756,526.9841,4.86,0.67,8,5
2018-03-03 10:36,0,0,0,0,0,0,0,0,0,0,0,0,1,0,0,0,0,0,0,0,1,0,0,1,0,1,533.8217,446.8864,586.7656,529.9146,514.7741,428.8156,552.8694,605.6166,588.711,505.0061,417.5824,512.8206,464.9573,463.3805,707.6923,467.8877,582.6617,460.5616,513.7973,569.9634,652.0146,536.7521,563.6142,584.6154,379.9756,526.9841,4.83,0.66,8,5
2018-03-03 10:41,0,0,0,0,0,0,0,0,0,0,0,0,1,0,0,0,0,0,0,0,1,0,0,1,0,1,533.8217,446.8864,586.7656,529.9146,514.7741,428.8156,552.8694,605.6166,588.711,505.0061,417.5824,512.8206,464.9573,463.3805,707.6923,467.8877,582.6617,460.5616,513.7973,569.9634,652.0146,536.7521,563.6142,584.6154,379.9756,526.9841,4.73,0.66,8,4
2018-03-03 10:46,0,0,0,0,0,0,0,0,0,0,0,0,1,0,0,0,0,0,0,0,1,0,0,1,0,1,531.8681,445.9096,575.8242,525.0305,514.7741,438.5836,556.7766,609.0354,584.3154,505.9829,423.9316,512.8206,462.0269,466.3109,700.9218,467.8877,580.7082,460.5616,515.7509,577.7778,652.9915,534.7985,557.7534,586.569,379.9756,526.9841,4.83,0.67,8,4
2018-03-03 10:51,0,0,0,0,0,0,0,0,0,0,0,0,1,0,0,0,0,0,0,0,1,0,1,1,0,1,531.8681,445.9096,575.8242,525.0305,514.7741,438.5836,556.7766,609.0354,584.3154,505.9829,423.9316,512.8206,462.0269,466.3109,700.9218,467.8877,580.7082,460.5616,515.7509,577.7778,652.9915,534.7985,557.7534,586.569,379.9756,540.6594,4.76,0.66,7,5
2018-03-03 10:56,0,0,0,0,0,0,0,0,0,0,0,0,1,0,0,0,0,0,0,0,1,0,1,1,0,1,531.8681,445.9096,575.8242,525.0305,514.7741,438.5836,556.7766,609.0354,584.3154,505.9829,423.9316,512.8206,462.0269,466.3109,700.9218,467.8877,580.7082,460.5616,515.7509,577.7778,652.9915,534.7985,557.7534,586.569,379.9756,540.6594,4.73,0.67,8,5
2018-03-03 11:01,0,0,0,0,0,0,0,0,0,0,0,0,1,0,0,0,0,0,0,0,1,0,1,1,0,1,533.8217,445.9096,582.6617,529.9146,509.8901,438.5836,576.8107,599.7558,589.6878,510.8669,421.0013,516.7277,471.7949,459.9616,695.9707,463.9805,580.7082,463.9805,513.7973,578.7546,651.0378,536.7521,610.989,589.011,379.9756,540.6594,4.82,0.67,8,7
2018-03-03 11:06,0,0,0,0,0,0,0,0,0,0,0,0,1,0,0,0,0,0,0,0,1,0,0,1,0,1,533.8217,445.9096,582.6617,529.9146,509.8901,438.5836,576.8107,599.7558,589.6878,510.8669,421.0013,516.7277,471.7949,459.9616,695.9707,463.9805,580.7082,463.9805,513.7973,578.7546,651.0378,536.7521,610.989,589.011,379.9756,540.6594,4.88,0.67,10,7
2018-03-03 11:11,0,0,0,0,0,0,0,0,0,0,0,0,1,0,0,0,0,0,0,0,1,0,0,1,0,1,533.8217,445.9096,582.6617,529.9146,509.8901,438.5836,576.8107,599.7558,589.6878,510.8669,421.0013,516.7277,471.7949,459.9616,695.9707,463.9805,580.7082,463.9805,513.7973,578.7546,651.0378,536.7521,610.989,589.011,379.9756,540.6594,4.79,0.67,12,6
2018-03-03 11:16,0,0,0,0,0,0,0,0,0,0,0,0,1,0,0,0,0,0,0,0,1,0,0,1,0,1,532.8449,444.9328,574.3707,529.9146,510.8669,437.6069,565.5678,598.779,617.5266,512.8206,423.9316,517.7045,474.7253,468.2645,707.6923,467.8877,580.7082,470.8181,512.8206,573.8705,653.9683,543.5897,564.591,589.011,379.9756,540.6594,4.79,0.67,12,6
2018-03-03 11:21,0,0,0,0,0,0,0,0,0,0,0,0,1,0,0,0,0,0,0,0,1,0,0,0,0,0,532.8449,444.9328,574.3707,529.9146,510.8669,437.6069,565.5678,598.779,617.5266,512.8206,423.9316,517.7045,474.7253,468.2645,707.6923,467.8877,580.7082,470.8181,512.8206,573.8705,653.9683,543.5897,564.591,589.011,379.9756,532.8792,4.79,0.66,13,8
2018-03-03 11:26,0,0,0,0,0,0,0,0,0,0,0,0,1,0,0,0,0,0,0,0,1,0,0,1,0,1,532.8449,444.9328,574.3707,529.9146,510.8669,437.6069,565.5678,598.779,617.5266,512.8206,423.9316,517.7045,474.7253,468.2645,707.6923,467.8877,580.7082,470.8181,512.8206,573.8705,653.9683,543.5897,564.591,589.011,379.9756,532.8792,4.84,0.76,14,9
2018-03-03 11:31,0,0,0,0,0,0,0,0,0,0,0,0,1,0,0,0,0,0,0,0,1,0,0,1,0,1,534.7985,449.8168,577.7778,537.7289,512.8206,438.5836,567.033,604.6398,613.6194,509.8901,427.8388,521.6118,476.6789,514.1741,769.6472,471.7949,578.7546,466.9109,516.7277,575.8242,656.8986,538.7057,590.9646,589.9878,379.9756,532.8792,4.87,0.76,15,9
2018-03-03 11:36,0,0,0,0,0,0,0,0,0,0,0,0,1,0,0,0,0,0,0,0,1,0,0,1,0,1,534.7985,449.8168,577.7778,537.7289,512.8206,438.5836,567.033,604.6398,613.6194,509.8901,427.8388,521.6118,476.6789,514.1741,769.6472,471.7949,578.7546,466.9109,516.7277,575.8242,656.8986,538.7057,590.9646,589.9878,379.9756,532.8792,4.75,0.65,15,8
2018-03-03 11:41,0,0,0,0,0,0,0,0,0,0,0,0,1,0,0,0,0,0,0,0,1,0,0,1,0,1,534.7985,449.8168,577.7778,537.7289,512.8206,438.5836,567.033,604.6398,613.6194,509.8901,427.8388,521.6118,476.6789,514.1741,769.6472,471.7949,578.7546,466.9109,516.7277,575.8242,656.8986,538.7057,590.9646,589.9878,379.9756,532.8792,4.79,0.65,14,8
2018-03-03 11:46,0,0,0,0,0,0,0,0,0,0,0,0,1,0,0,0,0,0,0,0,1,0,0,1,0,1,536.7521,453.7241,578.7546,537.7289,514.7741,439.5605,570.9402,602.6862,605.3167,512.8206,429.7924,527.9609,476.6789,507.3365,803.9072,472.7717,591.9414,473.7485,526.0073,574.8474,659.829,544.5665,588.0342,595.8486,379.9756,532.8792,4.9,0.74,14,8
2018-03-03 11:51,0,0,0,0,0,0,0,0,0,0,0,0,1,0,0,0,0,0,0,0,1,0,0,1,0,1,536.7521,453.7241,578.7546,537.7289,514.7741,439.5605,570.9402,602.6862,605.3167,512.8206,429.7924,527.9609,476.6789,507.3365,803.9072,472.7717,591.9414,473.7485,526.0073,574.8474,659.829,544.5665,588.0342,595.8486,379.9756,554.823,4.96,0.75,13,9
2018-03-03 11:56,0,0,0,0,0,0,0,0,0,0,0,0,1,0,0,0,0,0,0,0,1,0,0,1,0,1,536.7521,453.7241,578.7546,537.7289,514.7741,439.5605,570.9402,602.6862,605.3167,512.8206,429.7924,527.9609,476.6789,507.3365,803.9072,472.7717,591.9414,473.7485,526.0073,574.8474,659.829,544.5665,588.0342,595.8486,379.9756,554.823,4.86,0.75,13,9
2018-03-03 12:01,0,0,0,0,0,0,0,0,0,0,0,0,1,0,0,0,0,0,0,0,1,0,0,1,0,1,533.8217,452.7473,577.7778,541.6361,512.8206,448.8401,589.011,606.5934,593.595,514.7741,430.7693,526.0073,477.6557,507.6882,811.7216,474.7253,597.7924,471.7949,521.6118,580.7082,665.6899,548.9622,547.0085,597.8022,379.9756,554.823,4.88,0.75,14,9
2018-03-03 12:06,0,0,0,0,0,0,1,0,0,0,0,0,1,0,0,0,0,0,0,0,1,0,0,1,0,1,533.8217,452.7473,577.7778,541.6361,512.8206,448.8401,589.011,606.5934,593.595,514.7741,430.7693,526.0073,477.6557,507.6882,811.7216,474.7253,597.7924,471.7949,521.6118,580.7082,665.6899,548.9622,547.0085,597.8022,379.9756,554.823,4.87,0.75,14,10
2018-03-03 12:11,0,0,0,0,0,0,0,0,0,0,0,0,1,0,0,0,0,0,0,0,1,0,0,1,0,1,533.8217,452.7473,577.7778,541.6361,512.8206,448.8401,589.011,606.5934,593.595,514.7741,430.7693,526.0073,477.6557,507.6882,811.7216,474.7253,597.7924,471.7949,521.6118,580.7082,665.6899,548.9622,547.0085,597.8022,379.9756,554.823,4.84,0.75,13,11
2018-03-03 12:16,0,0,0,0,0,1,0,0,0,0,0,0,1,0,0,0,0,0,0,0,1,0,0,1,0,1,528.9377,452.7473,582.6617,536.7521,515.7509,481.5629,585.5922,605.6166,595.5486,520.6349,429.7924,528.9377,483.0281,535.1754,782.5543,478.6325,597.8022,474.7253,521.6118,585.5922,663.7363,549.939,581.685,593.895,379.9756,554.823,4.74,0.75,15,13
2018-03-03 12:21,0,0,0,0,0,0,0,0,0,0,0,0,1,0,0,0,0,0,0,0,1,0,0,1,0,1,528.9377,452.7473,582.6617,536.7521,515.7509,481.5629,585.5922,605.6166,595.5486,520.6349,429.7924,528.9377,483.0281,535.1754,782.5543,478.6325,597.8022,474.7253,521.6118,585.5922,663.7363,549.939,581.685,593.895,379.9756,561.6606,4.79,0.75,17,11
2018-03-03 12:26,0,0,0,0,0,0,0,0,0,0,0,0,1,0,0,0,0,0,0,0,1,0,0,1,0,1,528.9377,452.7473,582.6617,536.7521,515.7509,481.5629,585.5922,605.6166,595.5486,520.6349,429.7924,528.9377,483.0281,535.1754,782.5543,478.6325,597.8022,474.7253,521.6118,585.5922,663.7363,549.939,581.685,593.895,379.9756,561.6606,4.77,0.75,15,11
2018-03-03 12:31,0,0,0,0,0,0,0,0,0,0,0,0,1,0,0,0,0,0,0,0,1,0,0,1,0,1,528.9377,454.7009,572.8937,538.7057,519.6581,484.9817,575.8242,600.7326,593.595,520.6349,433.6996,529.9146,487.9121,584.9287,797.9819,479.6093,596.8254,484.9817,522.5886,589.011,664.7131,551.8926,581.685,602.6862,379.9756,561.6606,4.85,0.75,16,12
2018-03-03 12:36,0,0,0,1,0,0,0,0,0,0,0,0,1,0,0,0,0,0,0,0,1,0,0,0,0,0,528.9377,454.7009,572.8937,538.7057,519.6581,484.9817,575.8242,600.7326,593.595,520.6349,433.6996,529.9146,487.9121,584.9287,797.9819,479.6093,596.8254,484.9817,522.5886,589.011,664.7131,551.8926,581.685,602.6862,379.9756,561.6606,4.89,0.75,15,12
2018-03-03 12:41,0,0,0,0,0,0,0,0,0,0,0,0,1,0,0,0,0,0,0,0,1,0,0,0,0,0,528.9377,454.7009,572.8937,538.7057,519.6581,484.9817,575.8242,600.7326,593.595,520.6349,433.6996,529.9146,487.9121,584.9287,797.9819,479.6093,596.8254,484.9817,522.5886,589.011,664.7131,551.8926,581.685,602.6862,379.9756,561.6606,4.78,0.75,16,14
2018-03-03 12:46,0,0,0,1,0,0,0,0,0,0,0,0,1,0,0,0,0,0,0,0,1,0,0,1,0,1,533.8217,453.7241,575.8242,555.7997,525.0305,467.8877,575.8242,603.663,588.711,515.7509,434.6765,530.8913,479.6093,572.2938,808.8093,481.5629,599.7558,474.7253,526.9841,589.011,668.6202,556.7766,561.6606,600.7326,379.9756,561.6606,4.85,0.75,16,14
2018-03-03 12:51,0,0,0,0,0,0,0,0,0,0,0,0,1,0,0,0,0,0,0,0,1,0,0,1,0,1,533.8217,453.7241,575.8242,555.7997,525.0305,467.8877,575.8242,603.663,588.711,515.7509,434.6765,530.8913,479.6093,572.2938,808.8093,481.5629,599.7558,474.7253,526.9841,589.011,668.6202,556.7766,561.6606,600.7326,379.9756,589.011,4.85,0.75,16,14
2018-03-03 12:56,0,0,0,1,0,0,0,0,0,0,0,0,1,0,0,0,0,0,0,0,1,0,0,1,0,1,533.8217,453.7241,575.8242,555.7997,525.0305,467.8877,575.8242,603.663,588.711,515.7509,434.6765,530.8913,479.6093,572.2938,808.8093,481.5629,599.7558,474.7253,526.9841,589.011,668.6202,556.7766,561.6606,600.7326,379.9756,589.011,4.9,0.75,14,14
