"Time","DC","Groundtruth"
2018-06-18 14:04:00,45,42
2018-06-18 14:09:00,45,43
2018-06-18 14:14:00,43,42
2018-06-18 14:19:00,46,43
2018-06-18 14:24:00,45,49
2018-06-18 14:29:00,50,52
2018-06-18 14:34:00,42,52
2018-06-18 14:39:00,44,54
2018-06-18 14:44:00,44,53
2018-06-18 14:49:00,51,55
2018-06-18 14:54:00,50,53
2018-06-18 14:59:00,51,54
2018-06-18 15:04:00,50,55
2018-06-18 15:09:00,53,56
2018-06-18 15:14:00,53,56
2018-06-18 15:19:00,53,55
2018-06-18 15:24:00,50,56
2018-06-18 15:29:00,52,55
2018-06-18 15:34:00,52,56
2018-06-18 15:39:00,52,55
2018-06-18 15:44:00,53,57
2018-06-18 15:49:00,51,57
2018-06-18 15:54:00,52,50
2018-06-18 15:59:00,54,46
2018-06-18 16:04:00,56,46
2018-06-18 16:09:00,51,47
2018-06-18 16:14:00,58,55
2018-06-18 16:19:00,58,55
2018-06-18 16:24:00,62,58
2018-06-18 16:29:00,64,57
2018-06-18 16:34:00,63,60
2018-06-18 16:39:00,64,55
2018-06-18 16:44:00,64,57
2018-06-18 16:49:00,61,57
2018-06-18 16:54:00,61,58
2018-06-18 16:59:00,59,58
2018-06-18 17:04:00,51,49
2018-06-18 17:09:00,49,46
2018-06-18 17:14:00,49,47
2018-06-18 17:19:00,39,47
2018-06-18 17:24:00,42,34
2018-06-18 17:29:00,48,33
2018-06-18 17:34:00,48,37
2018-06-18 17:39:00,43,37
2018-06-18 17:44:00,52,36
2018-06-18 17:49:00,49,49
2018-06-18 17:54:00,48,50
2018-06-18 17:59:00,48,58
2018-06-18 18:04:00,64,63
2018-06-18 18:09:00,80,62
2018-06-18 18:14:00,84,64
2018-06-18 18:19:00,85,64
2018-06-18 18:24:00,88,65
2018-06-18 18:29:00,86,64
2018-06-18 18:34:00,86,64
2018-06-18 18:39:00,87,64
2018-06-18 18:44:00,87,65
2018-06-18 18:49:00,80,66
2018-06-18 18:54:00,83,67
2018-06-18 18:59:00,86,66
2018-06-18 19:04:00,88,66
2018-06-18 19:09:00,86,67
2018-06-18 19:14:00,85,66
2018-06-18 19:19:00,85,61
2018-06-18 19:24:00,87,63
2018-06-18 19:29:00,82,63
2018-06-18 19:34:00,84,63
2018-06-18 19:39:00,84,63
2018-06-18 19:44:00,80,58
2018-06-18 19:49:00,77,45
2018-06-18 19:54:00,72,45
2018-06-18 19:59:00,72,45
2018-06-18 20:04:00,71,44
2018-06-18 20:09:00,68,43
2018-06-18 20:14:00,68,42
2018-06-18 20:19:00,66,40
2018-06-18 20:24:00,66,40
2018-06-18 20:29:00,63,40
2018-06-18 20:34:00,60,39
2018-06-18 20:39:00,64,39
2018-06-18 20:44:00,59,38
2018-06-18 20:49:00,56,39
2018-06-18 20:54:00,56,30
2018-06-18 20:59:00,55,1
2018-06-18 21:04:00,16,0
2018-06-18 21:09:00,3,0
2018-06-18 21:14:00,3,0
2018-06-18 21:19:00,2,0
2018-06-18 21:24:00,3,0
2018-06-18 21:29:00,2,0
2018-06-18 21:34:00,1,0
2018-06-18 21:39:00,1,0
2018-06-18 21:44:00,2,0
2018-06-18 21:49:00,3,0
2018-06-18 21:54:00,3,0
2018-06-18 21:59:00,3,0
2018-06-19 06:04:00,2,1
2018-06-19 06:09:00,2,1
2018-06-19 06:14:00,3,1
2018-06-19 06:19:00,2,1
2018-06-19 06:24:00,4,1
2018-06-19 06:29:00,4,0
2018-06-19 06:34:00,3,1
2018-06-19 06:39:00,3,0
2018-06-19 06:44:00,4,0
2018-06-19 06:49:00,4,0
2018-06-19 06:54:00,2,0
2018-06-19 06:59:00,2,0
2018-06-19 07:04:00,3,0
2018-06-19 07:09:00,3,0
2018-06-19 07:14:00,3,0
2018-06-19 07:19:00,3,0
2018-06-19 07:24:00,3,0
2018-06-19 07:29:00,2,0
2018-06-19 07:34:00,2,1
2018-06-19 07:39:00,2,1
2018-06-19 07:44:00,3,1
2018-06-19 07:49:00,2,1
2018-06-19 07:54:00,3,1
2018-06-19 07:59:00,2,1
2018-06-19 08:04:00,2,2
2018-06-19 08:09:00,4,2
2018-06-19 08:14:00,4,2
2018-06-19 08:19:00,3,2
2018-06-19 08:24:00,4,3
2018-06-19 08:29:00,4,3
2018-06-19 08:34:00,4,3
2018-06-19 08:39:00,6,3
2018-06-19 08:44:00,5,4
2018-06-19 08:49:00,5,6
2018-06-19 08:54:00,5,14
2018-06-19 08:59:00,7,15
2018-06-19 09:04:00,12,16
2018-06-19 09:09:00,18,17
2018-06-19 09:14:00,18,17
2018-06-19 09:19:00,17,17
2018-06-19 09:24:00,18,18
2018-06-19 09:29:00,20,19
2018-06-19 09:34:00,19,19
2018-06-19 09:39:00,23,18
2018-06-19 09:44:00,23,16
2018-06-19 09:49:00,25,16
2018-06-19 09:54:00,20,16
2018-06-19 09:59:00,22,16
2018-06-19 10:04:00,23,13
2018-06-19 10:09:00,23,12
2018-06-19 10:14:00,21,17
2018-06-19 10:19:00,21,16
2018-06-19 10:24:00,24,19
2018-06-19 10:29:00,24,18
2018-06-19 10:34:00,26,18
2018-06-19 10:39:00,26,16
2018-06-19 10:44:00,25,18
2018-06-19 10:49:00,24,19
2018-06-19 10:54:00,26,18
2018-06-19 10:59:00,28,20
2018-06-19 11:04:00,28,20
2018-06-19 11:09:00,29,22
2018-06-19 11:14:00,29,25
2018-06-19 11:19:00,30,26
2018-06-19 11:24:00,30,26
2018-06-19 11:29:00,34,26
2018-06-19 11:34:00,32,26
2018-06-19 11:39:00,33,27
2018-06-19 11:44:00,34,28
2018-06-19 11:49:00,34,29
2018-06-19 11:54:00,35,24
2018-06-19 11:59:00,34,23
2018-06-19 12:04:00,34,19
2018-06-19 12:09:00,33,19
2018-06-19 12:14:00,30,19
2018-06-19 12:19:00,28,20
2018-06-19 12:24:00,27,22
2018-06-19 12:29:00,30,23
2018-06-19 12:34:00,33,20
2018-06-19 12:39:00,33,22
2018-06-19 12:44:00,33,10
2018-06-19 12:49:00,31,12
2018-06-19 12:54:00,31,18
2018-06-19 12:59:00,23,20
2018-06-19 13:04:00,23,19
2018-06-19 13:09:00,28,19
2018-06-19 13:14:00,28,19
2018-06-19 13:19:00,28,20
2018-06-19 13:24:00,29,21
2018-06-19 13:29:00,29,21
2018-06-19 13:34:00,29,21
2018-06-19 13:39:00,31,24
2018-06-19 13:44:00,35,29
2018-06-19 13:49:00,35,31
2018-06-19 13:54:00,35,34
2018-06-19 13:59:00,42,32
2018-06-19 14:04:00,43,32
2018-06-19 14:09:00,44,32
2018-06-19 14:14:00,44,36
2018-06-19 14:19:00,38,37
2018-06-19 14:24:00,39,43
2018-06-19 14:29:00,47,45
2018-06-19 14:34:00,50,44
2018-06-19 14:39:00,48,45
2018-06-19 14:44:00,48,46
2018-06-19 14:49:00,52,43
2018-06-19 14:54:00,52,47
2018-06-19 14:59:00,50,46
2018-06-19 15:04:00,52,43
2018-06-19 15:09:00,47,44
2018-06-19 15:14:00,47,45
2018-06-19 15:19:00,48,47
2018-06-19 15:24:00,48,43
2018-06-19 15:29:00,45,42
2018-06-19 15:34:00,38,41
2018-06-19 15:39:00,41,38
2018-06-19 15:44:00,39,38
2018-06-19 15:49:00,39,38
2018-06-19 15:54:00,40,40
2018-06-19 15:59:00,40,33
2018-06-19 16:04:00,45,35
2018-06-19 16:09:00,43,31
2018-06-19 16:14:00,41,38
2018-06-19 16:19:00,41,37
2018-06-19 16:24:00,40,38
2018-06-19 16:29:00,40,40
2018-06-19 16:34:00,40,38
2018-06-19 16:39:00,39,39
2018-06-19 16:44:00,37,37
2018-06-19 16:49:00,41,38
2018-06-19 16:54:00,41,36
2018-06-19 16:59:00,37,35
2018-06-19 17:04:00,37,33
2018-06-19 17:09:00,34,35
2018-06-19 17:14:00,32,36
2018-06-19 17:19:00,32,36
2018-06-19 17:24:00,32,35
2018-06-19 17:29:00,33,33
2018-06-19 17:34:00,33,15
2018-06-19 17:39:00,29,11
2018-06-19 17:44:00,29,11
2018-06-19 17:49:00,18,10
2018-06-19 17:54:00,14,10
2018-06-19 17:59:00,14,10
2018-06-19 18:04:00,12,10
2018-06-19 18:09:00,14,8
2018-06-19 18:14:00,16,8
2018-06-19 18:19:00,12,8
2018-06-19 18:24:00,11,7
2018-06-19 18:29:00,11,9
2018-06-19 18:34:00,9,7
2018-06-19 18:39:00,9,7
2018-06-19 18:44:00,8,7
2018-06-19 18:49:00,7,7
2018-06-19 18:54:00,6,6
2018-06-19 18:59:00,6,6
2018-06-19 19:04:00,7,6
2018-06-19 19:09:00,6,5
2018-06-19 19:14:00,7,5
2018-06-19 19:19:00,7,7
2018-06-19 19:24:00,7,6
2018-06-19 19:29:00,6,6
2018-06-19 19:34:00,9,6
2018-06-19 19:39:00,8,6
2018-06-19 19:44:00,8,6
2018-06-19 19:49:00,9,4
2018-06-19 19:54:00,6,4
2018-06-19 19:59:00,5,4
2018-06-19 20:04:00,7,4
2018-06-19 20:09:00,7,4
2018-06-19 20:14:00,6,4
2018-06-19 20:19:00,6,4
2018-06-19 20:24:00,6,4
2018-06-19 20:29:00,6,5
2018-06-19 20:34:00,6,4
2018-06-19 20:39:00,7,4
2018-06-19 20:44:00,7,4
2018-06-19 20:49:00,7,4
2018-06-19 20:54:00,6,4
2018-06-19 20:59:00,6,4
2018-06-19 21:04:00,6,4
2018-06-19 21:09:00,6,4
2018-06-19 21:14:00,7,4
2018-06-19 21:19:00,7,2
2018-06-19 21:24:00,7,2
2018-06-19 21:29:00,7,4
2018-06-19 21:34:00,6,4
2018-06-19 21:39:00,9,4
2018-06-19 21:44:00,9,4
2018-06-19 21:49:00,9,4
2018-06-19 21:54:00,10,4
2018-06-19 21:59:00,9,4
2018-06-20 06:04:00,2,1
2018-06-20 06:09:00,4,1
2018-06-20 06:14:00,4,1
2018-06-20 06:19:00,2,1
2018-06-20 06:24:00,3,0
2018-06-20 06:29:00,4,2
2018-06-20 06:34:00,3,2
2018-06-20 06:39:00,3,3
2018-06-20 06:44:00,3,2
2018-06-20 06:49:00,3,2
2018-06-20 06:54:00,2,2
2018-06-20 06:59:00,2,2
2018-06-20 07:04:00,3,2
2018-06-20 07:09:00,2,2
2018-06-20 07:14:00,2,2
2018-06-20 07:19:00,3,2
2018-06-20 07:24:00,3,2
2018-06-20 07:29:00,2,2
2018-06-20 07:34:00,3,2
2018-06-20 07:39:00,2,2
2018-06-20 07:44:00,2,2
2018-06-20 07:49:00,2,2
2018-06-20 07:54:00,2,2
2018-06-20 07:59:00,2,2
2018-06-20 08:04:00,3,2
2018-06-20 08:09:00,2,3
2018-06-20 08:14:00,3,3
2018-06-20 08:19:00,3,3
2018-06-20 08:24:00,3,4
2018-06-20 08:29:00,3,4
2018-06-20 08:34:00,3,5
2018-06-20 08:39:00,3,7
2018-06-20 08:44:00,2,8
2018-06-20 08:49:00,6,11
2018-06-20 08:54:00,9,20
2018-06-20 08:59:00,9,21
2018-06-20 09:04:00,12,22
2018-06-20 09:09:00,22,21
2018-06-20 09:14:00,21,21
2018-06-20 09:19:00,21,21
2018-06-20 09:24:00,20,24
2018-06-20 09:29:00,21,21
2018-06-20 09:34:00,21,21
2018-06-20 09:39:00,21,21
2018-06-20 09:44:00,23,21
2018-06-20 09:49:00,20,21
2018-06-20 09:54:00,21,21
2018-06-20 09:59:00,20,21
2018-06-20 10:04:00,21,21
2018-06-20 10:09:00,21,23
2018-06-20 10:14:00,22,22
2018-06-20 10:19:00,24,23
2018-06-20 10:24:00,21,24
2018-06-20 10:29:00,21,28
2018-06-20 10:34:00,26,28
2018-06-20 10:39:00,28,26
2018-06-20 10:44:00,28,26
2018-06-20 10:49:00,30,27
2018-06-20 10:54:00,30,24
2018-06-20 10:59:00,30,24
2018-06-20 11:04:00,30,25
2018-06-20 11:09:00,32,24
2018-06-20 11:14:00,34,24
2018-06-20 11:19:00,31,25
2018-06-20 11:24:00,32,24
2018-06-20 11:29:00,34,25
2018-06-20 11:34:00,34,28
2018-06-20 11:39:00,32,28
2018-02-13 07:18:00,3,2
2018-02-13 07:23:00,4,2
2018-02-13 07:28:00,4,2
2018-02-13 07:33:00,6,2
2018-02-13 07:38:00,6,2
2018-02-13 07:43:00,6,2
2018-02-13 07:48:00,5,2
2018-02-13 07:53:00,5,2
2018-02-13 07:58:00,5,2
2018-02-13 08:03:00,6,2
2018-02-13 08:08:00,5,2
2018-02-13 08:13:00,6,3
2018-02-13 08:18:00,6,3
2018-02-13 08:23:00,7,6
2018-02-13 08:28:00,10,8
2018-02-13 08:33:00,13,13
2018-02-13 08:38:00,16,16
2018-02-13 08:43:00,21,16
2018-02-13 08:48:00,23,17
2018-02-13 08:53:00,23,19
2018-02-13 08:58:00,22,19
2018-02-13 09:03:00,24,20
2018-02-13 09:08:00,26,21
2018-02-13 09:13:00,27,21
2018-02-13 09:18:00,28,24
2018-02-13 09:23:00,30,25
2018-02-13 09:28:00,32,26
2018-02-13 09:33:00,33,27
2018-02-13 09:38:00,34,26
2018-02-13 09:43:00,34,24
2018-02-13 09:48:00,32,27
2018-02-13 09:53:00,35,26
2018-02-13 09:58:00,35,27
2018-02-13 10:03:00,35,32
2018-02-13 10:08:00,37,33
2018-02-13 10:13:00,37,34
2018-02-13 10:18:00,39,35
2018-02-13 10:23:00,39,37
2018-02-13 10:28:00,42,37
2018-02-13 10:33:00,44,39
2018-02-13 10:38:00,44,37
2018-02-13 10:43:00,46,41
2018-02-13 10:48:00,49,41
2018-02-13 10:53:00,50,36
2018-02-13 10:58:00,48,42
2018-02-13 11:03:00,49,49
2018-02-13 11:08:00,48,49
2018-02-16 07:33:00,5,3
2018-02-16 07:38:00,5,3
2018-02-16 07:43:00,5,3
2018-02-16 07:48:00,5,3
2018-02-16 07:53:00,5,3
2018-02-16 07:58:00,6,3
2018-02-16 08:03:00,7,4
2018-02-16 08:08:00,10,6
2018-02-16 08:13:00,9,8
2018-02-16 08:18:00,13,8
2018-02-16 08:23:00,13,10
2018-02-16 08:28:00,14,9
2018-02-16 08:33:00,16,11
2018-02-16 08:38:00,19,12
2018-02-16 08:43:00,20,12
2018-02-16 08:48:00,20,15
2018-02-16 08:53:00,21,17
2018-02-16 08:58:00,22,18
2018-02-16 09:03:00,22,17
2018-02-16 09:08:00,22,20
2018-02-16 09:13:00,25,21
2018-02-16 09:18:00,25,21
2018-02-16 09:23:00,30,23
2018-02-16 09:28:00,32,25
2018-02-16 09:33:00,31,26
2018-02-16 09:38:00,35,29
2018-02-16 09:43:00,35,32
2018-02-16 09:48:00,39,36
2018-02-16 09:53:00,43,39
2018-02-16 09:58:00,44,43
2018-02-16 10:03:00,50,49
2018-02-16 10:08:00,57,49
2018-02-16 10:13:00,63,51
2018-02-16 10:18:00,62,56
2018-02-16 10:23:00,63,54
2018-02-16 10:28:00,64,53
2018-02-16 10:33:00,65,52
2018-02-16 10:38:00,65,52
2018-02-16 10:43:00,62,56
2018-02-16 10:48:00,64,63
2018-02-16 10:53:00,70,61
2018-02-16 10:58:00,75,64
2018-02-16 11:03:00,76,62
2018-02-16 11:08:00,76,61
2018-02-16 11:13:00,76,62
2018-02-26 07:28:00,3,3
2018-02-26 07:33:00,4,3
2018-02-26 07:38:00,7,4
2018-02-26 07:43:00,7,4
2018-02-26 07:48:00,7,6
2018-02-26 07:53:00,7,6
2018-02-26 07:58:00,7,8
2018-02-26 08:03:00,8,8
2018-02-26 08:08:00,10,10
2018-02-26 08:13:00,16,14
2018-02-26 08:18:00,20,15
2018-02-26 08:23:00,21,22
2018-02-26 08:28:00,25,26
2018-02-26 08:33:00,31,30
2018-02-26 08:38:00,35,30
2018-02-26 08:43:00,37,32
2018-02-26 08:48:00,38,41
2018-02-26 08:53:00,46,44
2018-02-26 08:58:00,47,43
2018-02-26 09:03:00,52,44
2018-02-26 09:08:00,54,44
2018-02-26 09:13:00,55,47
2018-02-26 09:18:00,58,46
2018-02-26 09:23:00,58,47
2018-02-26 09:28:00,57,46
2018-02-26 09:33:00,54,48
2018-02-26 09:38:00,52,48
2018-02-26 09:43:00,52,46
2018-02-26 09:48:00,50,49
2018-02-26 09:53:00,50,55
2018-02-26 09:58:00,55,52
2018-02-26 10:03:00,64,55
2018-02-26 10:08:00,67,54
2018-02-26 10:13:00,66,55
2018-02-26 10:18:00,67,60
2018-02-26 10:23:00,70,59
2018-02-26 10:28:00,74,64
2018-02-26 10:33:00,75,66
2018-02-26 10:38:00,77,64
2018-02-26 10:43:00,78,63
2018-02-26 10:48:00,77,66
2018-02-26 10:53:00,80,60
2018-02-26 10:58:00,83,66
2018-02-26 11:03:00,85,69
2018-02-26 11:08:00,85,65
2018-02-26 11:13:00,82,57
2018-02-26 11:18:00,81,45
2018-02-26 11:23:00,71,48
2018-02-26 11:28:00,63,59
2018-02-26 11:33:00,63,55
2018-02-26 11:38:00,74,58
2018-02-26 11:43:00,74,64
2018-02-26 11:48:00,67,70
2018-02-26 11:53:00,77,67
2018-02-26 11:58:00,89,68
2018-02-26 12:03:00,90,72
2018-02-26 12:08:00,88,71
2018-02-26 12:13:00,88,70
2018-02-26 12:18:00,90,65
2018-02-26 12:23:00,92,65
2018-02-26 12:28:00,90,64
2018-02-26 12:33:00,88,62
2018-02-26 12:38:00,85,59
2018-07-30 16:00:00,40,33
2018-07-30 16:05:00,43,29
2018-07-30 16:10:00,42,17
2018-07-30 16:15:00,40,17
2018-07-30 16:20:00,33,14
2018-07-30 16:25:00,35,15
2018-07-30 16:30:00,34,14
2018-07-30 16:35:00,35,14
2018-07-30 16:40:00,35,15
2018-07-30 16:45:00,34,16
2018-07-30 16:50:00,30,16
2018-07-30 16:55:00,31,16
2018-07-30 17:00:00,33,16
2018-07-30 17:05:00,34,15
2018-07-30 17:10:00,33,15
2018-07-30 17:15:00,32,14
2018-07-30 17:20:00,30,12
2018-07-30 17:25:00,31,13
2018-07-30 17:30:00,31,13
2018-07-30 17:35:00,31,13
2018-07-30 17:40:00,32,12
2018-07-30 17:45:00,33,12
2018-07-30 17:50:00,33,11
2018-07-30 17:55:00,33,8
2018-07-30 18:00:00,30,9
2018-07-30 18:05:00,31,10
2018-07-30 18:10:00,30,10
2018-07-30 18:15:00,31,7
2018-07-30 18:20:00,26,7
2018-07-30 18:25:00,25,5
2018-07-30 18:30:00,21,8
2018-07-30 18:35:00,21,6
2018-07-30 18:40:00,21,5
2018-07-30 18:45:00,19,5
2018-07-30 18:50:00,17,5
2018-07-30 18:55:00,18,6
2018-07-30 19:00:00,16,6
2018-07-30 19:05:00,17,2
2018-07-30 19:10:00,18,2
2018-07-30 19:15:00,11,2
2018-07-30 19:20:00,11,2
2018-07-30 19:25:00,10,2
2018-07-30 19:30:00,11,1
2018-07-30 19:35:00,11,1
2018-07-30 19:40:00,10,1
2018-07-30 19:45:00,11,1
2018-07-30 19:50:00,11,1
2018-07-30 19:55:00,11,1
2018-07-30 20:00:00,11,1
2018-07-30 20:05:00,10,1
2018-07-30 20:10:00,10,1
2018-07-30 20:15:00,10,1
2018-07-30 20:20:00,12,0
2018-07-30 20:25:00,11,0
2018-07-30 20:30:00,10,0
2018-07-30 20:35:00,10,0
2018-07-30 20:40:00,10,0
2018-07-30 20:45:00,10,0
2018-07-30 20:50:00,10,0
2018-07-30 20:55:00,9,1
2018-07-30 21:00:00,10,0
2018-07-30 21:05:00,10,0
2018-07-30 21:10:00,9,0
2018-07-30 21:15:00,9,0
2018-07-30 21:20:00,9,0
2018-07-30 21:25:00,8,0
2018-07-30 21:30:00,8,0
2018-07-30 21:35:00,9,0
2018-07-30 21:40:00,8,0
2018-07-30 21:45:00,9,0
2018-07-30 21:50:00,8,0
2018-07-30 21:55:00,8,0
2018-07-30 22:00:00,8,0
2018-07-31 06:00:00,5,5
2018-07-31 06:05:00,5,5
2018-07-31 06:10:00,5,5
2018-07-31 06:15:00,5,5
2018-07-31 06:20:00,5,5
2018-07-31 06:25:00,5,5
2018-07-31 06:30:00,6,5
2018-07-31 06:35:00,6,5
2018-07-31 06:40:00,6,5
2018-07-31 06:45:00,7,5
2018-07-31 06:50:00,5,5
2018-07-31 06:55:00,5,5
2018-07-31 07:00:00,5,5
2018-07-31 07:05:00,5,5
2018-07-31 07:10:00,5,5
2018-07-31 07:15:00,5,5
2018-07-31 07:20:00,5,5
2018-07-31 07:25:00,5,5
2018-07-31 07:30:00,5,5
2018-07-31 07:35:00,5,5
2018-07-31 07:40:00,5,5
2018-07-31 07:45:00,5,5
2018-07-31 07:50:00,5,5
2018-07-31 07:55:00,5,5
2018-07-31 08:00:00,5,5
2018-07-31 08:05:00,5,5
2018-07-31 08:10:00,5,5
2018-07-31 08:15:00,5,5
2018-07-31 08:20:00,5,5
2018-07-31 08:25:00,6,5
2018-07-31 08:30:00,6,5
2018-07-31 08:35:00,6,5
2018-07-31 08:40:00,6,6
2018-07-31 08:45:00,7,6
2018-07-31 08:50:00,6,7
2018-07-31 08:55:00,6,7
2018-07-31 09:00:00,8,7
2018-07-31 09:05:00,10,7
2018-07-31 09:10:00,9,29
2018-07-31 09:15:00,9,29
2018-07-31 09:20:00,16,29
2018-07-31 09:25:00,16,29
2018-07-31 09:30:00,16,32
2018-07-31 09:35:00,16,32
2018-07-31 09:40:00,18,32
2018-07-31 09:45:00,17,30
2018-07-31 09:50:00,17,29
2018-07-31 09:55:00,14,30
2018-07-31 10:00:00,14,32
2018-07-31 10:05:00,14,32
2018-07-31 10:10:00,14,32
2018-07-31 10:15:00,14,32
2018-07-31 10:20:00,14,31
2018-07-31 10:25:00,14,33
2018-07-31 10:30:00,17,34
2018-07-31 10:35:00,18,35
2018-07-31 10:40:00,18,36
2018-07-31 10:45:00,19,35
2018-07-31 10:50:00,21,35
2018-07-31 10:55:00,22,15
2018-07-31 11:00:00,18,15
2018-07-31 11:05:00,14,16
2018-07-31 11:10:00,15,16
2018-07-31 11:15:00,16,15
2018-07-31 11:20:00,16,17
2018-07-31 11:25:00,15,15
2018-07-31 11:30:00,15,14
2018-07-31 11:35:00,13,15
2018-07-31 11:40:00,14,15
2018-07-31 11:45:00,13,15
2018-07-31 11:50:00,13,15
2018-07-31 11:55:00,16,15
2018-07-31 12:00:00,14,15
2018-07-31 12:05:00,18,15
2018-07-31 12:10:00,17,15
2018-07-31 12:15:00,15,14
2018-07-31 12:20:00,17,14
2018-07-31 12:25:00,17,13
2018-07-31 12:30:00,16,13
2018-07-31 12:35:00,15,14
2018-07-31 12:40:00,15,36
2018-07-31 12:45:00,20,33
2018-07-31 12:50:00,17,34
2018-07-31 12:55:00,19,33
2018-07-31 13:00:00,20,33
2018-07-31 13:05:00,18,33
2018-07-31 13:10:00,19,35
2018-07-31 13:15:00,21,35
2018-07-31 13:20:00,21,31
2018-07-31 13:25:00,18,32
2018-07-31 13:30:00,17,32
2018-07-31 13:35:00,16,32
2018-07-31 13:40:00,16,34
2018-07-31 13:45:00,16,35
2018-07-31 13:50:00,18,36
2018-07-31 13:55:00,20,35
2018-07-31 14:00:00,20,36
2018-07-31 14:05:00,22,36
2018-07-31 14:10:00,20,34
2018-07-31 14:15:00,18,37
2018-07-31 14:20:00,19,12
2018-07-31 14:25:00,19,34
2018-07-31 14:30:00,19,32
2018-07-31 14:35:00,20,33
2018-07-31 14:40:00,22,37
2018-07-31 14:45:00,22,12
2018-07-31 14:50:00,30,34
2018-07-31 14:55:00,22,32
2018-07-31 15:00:00,26,33
2018-07-31 15:05:00,26,33
2018-07-31 15:10:00,23,33
2018-07-31 15:15:00,25,33
2018-07-31 15:20:00,26,32
2018-07-31 15:25:00,26,31
2018-07-31 15:30:00,25,31
2018-07-31 15:35:00,24,32
2018-07-31 15:40:00,23,34
2018-07-31 15:45:00,25,33
2018-07-31 15:50:00,26,34
2018-07-31 15:55:00,29,35
2018-07-31 16:00:00,26,27
2018-07-31 16:05:00,26,12
2018-07-31 16:10:00,25,11
2018-07-31 16:15:00,21,12
2018-07-31 16:20:00,20,11
2018-07-31 16:25:00,20,10
2018-07-31 16:30:00,21,10
2018-07-31 16:35:00,17,7
2018-07-31 16:40:00,14,8
2018-07-31 16:45:00,13,6
2018-07-31 16:50:00,19,5
2018-07-31 16:55:00,13,5
2018-07-31 17:00:00,13,7
2018-07-31 17:05:00,12,7
2018-07-31 17:10:00,12,7
2018-07-31 17:15:00,15,7
2018-07-31 17:20:00,15,7
2018-07-31 17:25:00,14,5
2018-07-31 17:30:00,14,5
2018-07-31 17:35:00,14,6
2018-07-31 17:40:00,16,3
2018-07-31 17:45:00,15,3
2018-07-31 17:50:00,12,2
2018-07-31 17:55:00,11,2
2018-07-31 18:00:00,12,1
2018-07-31 18:05:00,7,1
2018-07-31 18:10:00,7,1
2018-07-31 18:15:00,7,0
2018-07-31 18:20:00,8,0
2018-07-31 18:25:00,6,2
2018-07-31 18:30:00,6,2
2018-07-31 18:35:00,9,2
2018-07-31 18:40:00,8,2
2018-07-31 18:45:00,8,2
2018-07-31 18:50:00,8,3
2018-07-31 18:55:00,8,2
2018-07-31 19:00:00,9,2
2018-07-31 19:05:00,9,2
2018-07-31 19:10:00,9,1
2018-07-31 19:15:00,9,1
2018-07-31 19:20:00,8,1
2018-07-31 19:25:00,8,1
2018-07-31 19:30:00,8,1
2018-07-31 19:35:00,8,1
2018-07-31 19:40:00,8,1
2018-07-31 19:45:00,8,1
2018-07-31 19:50:00,8,1
2018-07-31 19:55:00,8,1
2018-07-31 20:00:00,8,1
2018-07-31 20:05:00,9,1
2018-07-31 20:10:00,9,1
2018-07-31 20:15:00,8,1
2018-07-31 20:20:00,7,0
2018-07-31 20:25:00,6,0
2018-07-31 20:30:00,6,0
2018-07-31 20:35:00,7,0
2018-07-31 20:40:00,7,0
2018-07-31 20:45:00,7,0
2018-07-31 20:50:00,7,0
2018-07-31 20:55:00,7,1
2018-07-31 21:00:00,7,0
2018-07-31 21:05:00,7,0
2018-07-31 21:10:00,7,0
2018-07-31 21:15:00,7,0
2018-07-31 21:20:00,7,0
2018-07-31 21:25:00,6,0
2018-07-31 21:30:00,6,0
2018-07-31 21:35:00,7,0
2018-07-31 21:40:00,7,0
2018-07-31 21:45:00,7,0
2018-07-31 21:50:00,7,0
2018-07-31 21:55:00,7,0
2018-07-31 22:00:00,7,0
2018-08-01 06:00:00,6,0
2018-08-01 06:05:00,6,0
2018-08-01 06:10:00,6,0
2018-08-01 06:15:00,5,0
2018-08-01 06:20:00,5,0
2018-08-01 06:25:00,5,0
2018-08-01 06:30:00,5,0
2018-08-01 06:35:00,5,0
2018-08-01 06:40:00,5,0
2018-08-01 06:45:00,5,0
2018-08-01 06:50:00,5,0
2018-08-01 06:55:00,5,0
2018-08-01 07:00:00,5,0
2018-08-01 07:05:00,6,0
2018-08-01 07:10:00,6,0
2018-08-01 07:15:00,6,0
2018-08-01 07:20:00,6,0
2018-08-01 07:25:00,6,0
2018-08-01 07:30:00,6,0
2018-08-01 07:35:00,6,0
2018-08-01 07:40:00,5,1
2018-08-01 07:45:00,5,2
2018-08-01 07:50:00,6,2
2018-08-01 07:55:00,6,1
2018-08-01 08:00:00,6,1
2018-08-01 08:05:00,6,1
2018-08-01 08:10:00,7,1
2018-08-01 08:15:00,5,1
2018-08-01 08:20:00,6,1
2018-08-01 08:25:00,8,0
2018-08-01 08:30:00,8,0
2018-08-01 08:35:00,7,1
2018-08-01 08:40:00,8,1
2018-08-01 08:45:00,7,1
2018-08-01 08:50:00,7,1
2018-08-01 08:55:00,7,1
2018-08-01 09:00:00,7,2
2018-08-01 09:05:00,8,3
2018-08-01 09:10:00,8,3
2018-08-01 09:15:00,11,25
2018-08-01 09:20:00,12,28
2018-08-01 09:25:00,12,28
2018-08-01 09:30:00,17,29
2018-08-01 09:35:00,17,29
2018-08-01 09:40:00,18,29
2018-08-01 09:45:00,18,29
2018-08-01 09:50:00,18,30
2018-08-01 09:55:00,18,30
2018-08-01 10:00:00,18,29
2018-08-01 10:05:00,22,29
2018-08-01 10:10:00,20,28
2018-08-01 10:15:00,18,27
2018-08-01 10:20:00,19,29
2018-08-01 10:25:00,20,29
2018-08-01 10:30:00,18,29
2018-08-01 10:35:00,20,30
2018-08-01 10:40:00,21,31
2018-08-01 10:45:00,21,29
2018-08-01 10:50:00,22,29
2018-08-01 10:55:00,21,32
2018-08-01 11:00:00,21,8
2018-08-01 11:05:00,21,8
2018-08-01 11:10:00,16,7
2018-08-01 11:15:00,14,7
2018-08-01 11:20:00,14,7
2018-08-01 11:25:00,12,7
2018-08-01 11:30:00,13,7
2018-08-01 11:35:00,13,6
2018-08-01 11:40:00,14,6
2018-08-01 11:45:00,14,6
2018-08-01 11:50:00,14,4
2018-08-01 11:55:00,14,1
2018-08-01 12:00:00,14,2
2018-08-01 12:05:00,12,3
2018-08-01 12:10:00,12,2
2018-08-01 12:15:00,12,3
2018-08-01 12:20:00,13,3
2018-08-01 12:25:00,12,3
2018-08-01 12:30:00,14,3
2018-08-01 12:35:00,14,3
2018-08-01 12:40:00,13,3
2018-08-01 12:45:00,14,3
2018-08-01 12:50:00,13,2
2018-08-01 12:55:00,14,1
2018-08-01 13:00:00,14,1
2018-08-01 13:05:00,12,1
2018-08-01 13:10:00,13,1
2018-08-01 13:15:00,12,2
2018-08-01 13:20:00,12,2
2018-08-01 13:25:00,12,4
2018-08-01 13:30:00,14,4
2018-08-01 13:35:00,14,5
2018-08-01 13:40:00,16,5
2018-08-01 13:45:00,19,5
2018-08-01 13:50:00,16,2
2018-08-01 13:55:00,16,3
2018-08-01 14:00:00,18,3
2018-03-02 07:56:00,6,5
2018-03-02 08:01:00,7,6
2018-03-02 08:06:00,8,6
2018-03-02 08:11:00,8,5
2018-03-02 08:16:00,8,6
2018-03-02 08:21:00,8,5
2018-03-02 08:26:00,8,5
2018-03-02 08:31:00,10,6
2018-03-02 08:36:00,12,7
2018-03-02 08:41:00,11,7
2018-03-02 08:46:00,11,6
2018-03-02 08:51:00,10,7
2018-03-02 08:56:00,9,8
2018-03-02 09:01:00,10,5
2018-03-02 09:06:00,10,5
2018-03-02 09:11:00,9,5
2018-03-02 09:16:00,11,6
2018-03-02 09:21:00,12,6
2018-03-02 09:26:00,12,7
2018-03-02 09:31:00,13,6
2018-03-02 09:36:00,13,7
2018-03-02 09:41:00,14,7
2018-03-02 09:46:00,14,8
2018-03-02 09:51:00,16,10
2018-03-02 09:56:00,15,12
2018-03-02 10:01:00,21,11
2018-03-02 10:06:00,26,11
2018-03-02 10:11:00,27,14
2018-03-02 10:16:00,29,16
2018-03-02 10:21:00,28,13
2018-03-02 10:26:00,28,13
2018-03-02 10:31:00,26,13
2018-03-02 10:36:00,24,15
2018-03-02 10:41:00,24,16
2018-03-02 10:46:00,25,17
2018-03-02 10:51:00,25,16
2018-03-02 10:56:00,27,17
2018-03-02 11:01:00,28,18
2018-03-02 11:06:00,31,19
2018-03-02 11:11:00,33,17
2018-03-02 11:16:00,33,20
2018-03-02 11:21:00,33,16
2018-03-02 11:26:00,33,17
2018-03-02 11:31:00,29,20
2018-03-02 11:36:00,31,22
2018-03-02 11:41:00,35,23
2018-03-02 11:46:00,36,22
2018-03-02 11:51:00,34,22
2018-03-02 11:56:00,35,22
2018-03-02 12:01:00,36,21
2018-03-02 12:06:00,32,21
2018-03-02 12:11:00,30,22
2018-03-02 12:16:00,30,21
2018-03-02 12:21:00,34,22
2018-03-02 12:26:00,34,26
2018-03-02 12:31:00,35,24
2018-03-02 12:36:00,34,24
2018-03-02 12:41:00,32,23
2018-03-02 12:46:00,33,23
2018-03-02 12:51:00,33,23
2018-03-02 12:56:00,34,24
2018-03-03 07:31:00,5,2
2018-03-03 07:36:00,4,2
2018-03-03 07:41:00,4,2
2018-03-03 07:46:00,4,2
2018-03-03 07:51:00,4,2
2018-03-03 07:56:00,5,2
2018-03-03 08:01:00,5,2
2018-03-03 08:06:00,5,2
2018-03-03 08:11:00,5,2
2018-03-03 08:16:00,5,2
2018-03-03 08:21:00,5,2
2018-03-03 08:26:00,5,2
2018-03-03 08:31:00,5,2
2018-03-03 08:36:00,5,2
2018-03-03 08:41:00,6,2
2018-03-03 08:46:00,6,2
2018-03-03 08:51:00,5,2
2018-03-03 08:56:00,5,2
2018-03-03 09:01:00,5,2
2018-03-03 09:06:00,5,2
2018-03-03 09:11:00,5,2
2018-03-03 09:16:00,5,2
2018-03-03 09:21:00,5,2
2018-03-03 09:26:00,5,5
2018-03-03 09:31:00,7,5
2018-03-03 09:36:00,7,5
2018-03-03 09:41:00,5,5
2018-03-03 09:46:00,4,5
2018-03-03 09:51:00,6,5
2018-03-03 09:56:00,7,4
2018-03-03 10:01:00,7,4
2018-03-03 10:06:00,7,5
2018-03-03 10:11:00,8,5
2018-03-03 10:16:00,8,5
2018-03-03 10:21:00,8,5
2018-03-03 10:26:00,8,5
2018-03-03 10:31:00,8,5
2018-03-03 10:36:00,8,5
2018-03-03 10:41:00,8,4
2018-03-03 10:46:00,8,4
2018-03-03 10:51:00,7,5
2018-03-03 10:56:00,8,5
2018-03-03 11:01:00,8,7
2018-03-03 11:06:00,10,7
2018-03-03 11:11:00,12,6
2018-03-03 11:16:00,12,6
2018-03-03 11:21:00,13,8
2018-03-03 11:26:00,14,9
2018-03-03 11:31:00,15,9
2018-03-03 11:36:00,15,8
2018-03-03 11:41:00,14,8
2018-03-03 11:46:00,14,8
2018-03-03 11:51:00,13,9
2018-03-03 11:56:00,13,9
2018-03-03 12:01:00,14,9
2018-03-03 12:06:00,14,10
2018-03-03 12:11:00,13,11
2018-03-03 12:16:00,15,13
2018-03-03 12:21:00,17,11
2018-03-03 12:26:00,15,11
2018-03-03 12:31:00,16,12
2018-03-03 12:36:00,15,12
2018-03-03 12:41:00,16,14
2018-03-03 12:46:00,16,14
2018-03-03 12:51:00,16,14
2018-03-03 12:56:00,14,14
2018-08-15 17:25:00,29,10
2018-08-15 17:30:00,29,9
2018-08-15 17:35:00,22,10
2018-08-15 17:40:00,21,8
2018-08-15 17:45:00,22,8
2018-08-15 17:50:00,22,8
2018-08-15 17:55:00,21,8
2018-08-15 18:00:00,21,7
2018-08-15 18:05:00,22,7
2018-08-15 18:10:00,20,6
2018-08-15 18:15:00,20,6
2018-08-15 18:20:00,20,6
2018-08-15 18:25:00,19,6
2018-08-15 18:30:00,17,8
2018-08-15 18:35:00,17,8
2018-08-15 18:40:00,18,7
2018-08-15 18:45:00,18,7
2018-08-15 18:50:00,16,7
2018-08-15 18:55:00,18,6
2018-08-15 19:00:00,17,6
2018-08-15 19:05:00,17,6
2018-08-15 19:10:00,16,6
2018-08-15 19:15:00,15,6
2018-08-15 19:20:00,14,6
2018-08-15 19:25:00,14,4
2018-08-15 19:30:00,15,4
2018-08-15 19:35:00,14,4
2018-08-15 19:40:00,14,3
2018-08-15 19:45:00,15,3
2018-08-15 19:50:00,15,3
2018-08-15 19:55:00,13,3
2018-08-15 20:00:00,12,2
2018-08-15 20:05:00,13,2
2018-08-15 20:10:00,13,3
2018-08-15 20:15:00,13,2
2018-08-15 20:20:00,13,2
2018-08-15 20:25:00,13,4
2018-08-15 20:30:00,13,4
2018-08-15 20:35:00,15,4
2018-08-15 20:40:00,14,3
2018-08-15 20:45:00,14,2
2018-08-15 20:50:00,14,2
2018-08-15 20:55:00,13,3
2018-08-15 21:00:00,12,2
2018-08-15 21:05:00,11,2
2018-08-15 21:10:00,11,3
2018-08-15 21:15:00,12,3
2018-08-15 21:20:00,13,3
2018-08-15 21:25:00,11,3
2018-08-15 21:30:00,11,3
2018-08-15 21:35:00,12,3
2018-08-15 21:40:00,12,3
2018-08-15 21:45:00,12,3
2018-08-15 21:50:00,13,3
2018-08-15 21:55:00,13,3
2018-08-15 22:00:00,16,3
2018-08-16 06:00:00,9,0
2018-08-16 06:05:00,8,0
2018-08-16 06:10:00,8,0
2018-08-16 06:15:00,9,0
2018-08-16 06:20:00,10,0
2018-08-16 06:25:00,11,0
2018-08-16 06:30:00,10,0
2018-08-16 06:35:00,10,0
2018-08-16 06:40:00,10,0
2018-08-16 06:45:00,10,0
2018-08-16 06:50:00,10,0
2018-08-16 06:55:00,11,0
2018-08-16 07:00:00,12,1
2018-08-16 07:05:00,11,1
2018-08-16 07:10:00,11,1
2018-08-16 07:15:00,11,1
2018-08-16 07:20:00,11,1
2018-08-16 07:25:00,10,1
2018-08-16 07:30:00,10,1
2018-08-16 07:35:00,10,1
2018-08-16 07:40:00,9,1
2018-08-16 07:45:00,9,1
2018-08-16 07:50:00,11,1
2018-08-16 07:55:00,12,1
2018-08-16 08:00:00,10,2
2018-08-16 08:05:00,10,2
2018-08-16 08:10:00,11,4
2018-08-16 08:15:00,10,4
2018-08-16 08:20:00,13,5
2018-08-16 08:25:00,12,5
2018-08-16 08:30:00,18,7
2018-08-16 08:35:00,18,6
2018-08-16 08:40:00,17,6
2018-08-16 08:45:00,16,6
2018-08-16 08:50:00,15,7
2018-08-16 08:55:00,17,7
2018-08-16 09:00:00,16,7
2018-08-16 09:05:00,16,7
2018-08-16 09:10:00,16,8
2018-08-16 09:15:00,15,9
2018-08-16 09:20:00,19,9
2018-08-16 09:25:00,18,9
2018-08-16 09:30:00,16,9
2018-08-16 09:35:00,17,10
2018-08-16 09:40:00,18,10
2018-08-16 09:45:00,16,10
2018-08-16 09:50:00,19,10
2018-08-16 09:55:00,17,11
2018-08-16 10:00:00,17,13
2018-08-16 10:05:00,18,12
2018-08-16 10:10:00,20,13
2018-08-16 10:15:00,22,14
2018-08-16 10:20:00,21,14
2018-08-16 10:25:00,21,17
2018-08-16 10:30:00,23,16
2018-08-16 10:35:00,28,15
2018-08-16 10:40:00,24,15
2018-08-16 10:45:00,25,15
2018-08-16 10:50:00,25,15
2018-08-16 10:55:00,24,15
2018-08-16 11:00:00,24,15
2018-08-16 11:05:00,25,17
2018-08-16 11:10:00,25,17
2018-08-16 11:15:00,24,17
2018-08-16 11:20:00,27,18
2018-08-16 11:25:00,27,18
2018-08-16 11:30:00,27,22
2018-08-16 11:35:00,30,21
2018-08-16 11:40:00,34,20
2018-08-16 11:45:00,32,21
2018-08-16 11:50:00,34,20
2018-08-16 11:55:00,32,21
2018-08-16 12:00:00,32,19
2018-08-16 12:05:00,35,18
2018-08-16 12:10:00,31,19
2018-08-16 12:15:00,31,19
2018-08-16 12:20:00,31,19
2018-08-16 12:25:00,31,19
2018-08-16 12:30:00,32,18
2018-08-16 12:35:00,28,18
2018-08-16 12:40:00,23,17
2018-08-16 12:45:00,28,17
2018-08-16 12:50:00,28,17
2018-08-16 12:55:00,24,20
2018-08-16 13:00:00,25,19
2018-08-16 13:05:00,26,20
2018-08-16 13:10:00,26,22
2018-08-16 13:15:00,26,20
2018-08-16 13:20:00,26,20
2018-08-16 13:25:00,24,20
2018-08-16 13:30:00,26,22
2018-08-16 13:35:00,27,20
2018-08-16 13:40:00,27,20
2018-08-16 13:45:00,29,22
2018-08-16 13:50:00,28,22
2018-08-16 13:55:00,31,21
2018-08-16 14:00:00,30,20
2018-08-16 14:05:00,28,19
2018-08-16 14:10:00,31,18
2018-08-16 14:15:00,31,18
2018-08-16 14:20:00,30,18
2018-08-16 14:25:00,31,21
2018-08-16 14:30:00,36,20
2018-08-16 14:35:00,36,21
2018-08-16 14:40:00,34,21
2018-08-16 14:45:00,33,21
2018-08-16 14:50:00,36,19
2018-08-16 14:55:00,33,23
2018-08-16 15:00:00,33,24
2018-08-16 15:05:00,32,25
2018-08-16 15:10:00,34,24
2018-08-16 15:15:00,32,23
2018-08-16 15:20:00,33,24
2018-08-16 15:25:00,33,24
2018-08-16 15:30:00,33,22
2018-08-16 15:35:00,32,22
2018-08-16 15:40:00,31,20
2018-08-16 15:45:00,32,21
2018-08-16 15:50:00,32,19
2018-08-16 15:55:00,29,19
2018-08-16 16:00:00,27,19
2018-08-16 16:05:00,27,20
2018-08-16 16:10:00,28,22
2018-08-16 16:15:00,28,23
2018-08-16 16:20:00,26,22
2018-08-16 16:25:00,29,21
2018-08-16 16:30:00,28,20
2018-08-16 16:35:00,27,19
2018-08-16 16:40:00,27,17
2018-08-16 16:45:00,27,18
2018-08-16 16:50:00,26,17
2018-08-16 16:55:00,29,17
2018-08-16 17:00:00,27,14
2018-08-16 17:05:00,25,13
2018-08-16 17:10:00,24,13
2018-08-16 17:15:00,24,13
2018-08-16 17:20:00,24,12
2018-08-16 17:25:00,25,13
2018-08-16 17:30:00,23,12
2018-08-16 17:35:00,21,12
2018-08-16 17:40:00,22,11
2018-08-16 17:45:00,19,12
2018-08-16 17:50:00,19,10
2018-08-16 17:55:00,20,11
2018-08-16 18:00:00,19,10
2018-08-16 18:05:00,20,8
2018-08-16 18:10:00,19,8
2018-08-16 18:15:00,14,6
2018-08-16 18:20:00,12,6
2018-08-16 18:25:00,13,6
2018-08-16 18:30:00,13,6
2018-08-16 18:35:00,10,6
2018-08-16 18:40:00,11,6
2018-08-16 18:45:00,13,6
2018-08-16 18:50:00,10,6
2018-08-16 18:55:00,9,6
2018-08-16 19:00:00,10,6
2018-08-16 19:05:00,9,6
2018-08-16 19:10:00,11,6
2018-08-16 19:15:00,9,6
2018-08-16 19:20:00,9,6
2018-08-16 19:25:00,10,6
2018-08-16 19:30:00,10,6
2018-08-16 19:35:00,11,6
2018-08-16 19:40:00,12,6
2018-08-16 19:45:00,11,6
2018-08-16 19:50:00,12,6
2018-08-16 19:55:00,11,6
2018-08-16 20:00:00,10,6
2018-08-16 20:05:00,10,6
2018-08-16 20:10:00,11,6
2018-08-16 20:15:00,10,6
2018-08-16 20:20:00,11,6
2018-08-16 20:25:00,12,6
2018-08-16 20:30:00,11,6
2018-08-16 20:35:00,12,5
2018-08-16 20:40:00,11,5
2018-08-16 20:45:00,11,5
2018-08-16 20:50:00,12,5
2018-08-16 20:55:00,14,5
2018-08-16 21:00:00,10,5
2018-08-16 21:05:00,10,5
2018-08-16 21:10:00,9,5
2018-08-16 21:15:00,10,5
2018-08-16 21:20:00,10,5
2018-08-16 21:25:00,9,5
2018-08-16 21:30:00,10,5
2018-08-16 21:35:00,10,5
2018-08-16 21:40:00,10,5
2018-08-16 21:45:00,10,5
2018-08-16 21:50:00,9,5
2018-08-16 21:55:00,10,5
2018-08-16 22:00:00,10,5
2018-08-17 06:00:00,7,3
2018-08-17 06:05:00,6,3
2018-08-17 06:10:00,7,3
2018-08-17 06:15:00,7,3
2018-08-17 06:20:00,6,3
2018-08-17 06:25:00,7,3
2018-08-17 06:30:00,8,3
2018-08-17 06:35:00,6,3
2018-08-17 06:40:00,8,3
2018-08-17 06:45:00,7,3
2018-08-17 06:50:00,7,3
2018-08-17 06:55:00,6,3
2018-08-17 07:00:00,8,3
2018-08-17 07:05:00,7,3
2018-08-17 07:10:00,7,3
2018-08-17 07:15:00,7,3
2018-08-17 07:20:00,7,3
2018-08-17 07:25:00,7,4
2018-08-17 07:30:00,8,4
2018-08-17 07:35:00,8,4
2018-08-17 07:40:00,8,4
2018-08-17 07:45:00,8,4
2018-08-17 07:50:00,7,4
2018-08-17 07:55:00,7,6
2018-08-17 08:00:00,9,5
2018-08-17 08:05:00,9,6
2018-08-17 08:10:00,9,6
2018-08-17 08:15:00,10,8
2018-08-17 08:20:00,12,8
2018-08-17 08:25:00,15,8
2018-08-17 08:30:00,15,8
2018-08-17 08:35:00,13,8
2018-08-17 08:40:00,15,8
2018-08-17 08:45:00,13,9
2018-08-17 08:50:00,11,10
2018-08-17 08:55:00,13,8
2018-08-17 09:00:00,12,8
2018-08-17 09:05:00,14,10
2018-08-17 09:10:00,14,11
2018-08-17 09:15:00,15,11
2018-08-17 09:20:00,14,12
2018-08-17 09:25:00,14,11
2018-08-17 09:30:00,14,12
2018-08-17 09:35:00,14,12
2018-08-17 09:40:00,15,12
2018-08-17 09:45:00,16,14
2018-08-17 09:50:00,16,13
2018-08-17 09:55:00,17,14
2018-08-17 10:00:00,17,12
2018-08-17 10:05:00,17,12
2018-08-17 10:10:00,17,11
2018-08-17 10:15:00,17,15
2018-08-17 10:20:00,17,15
2018-08-17 10:25:00,17,16
2018-08-17 10:30:00,21,16
2018-08-17 10:35:00,18,15
2018-08-17 10:40:00,18,16
2018-08-17 10:45:00,20,19
2018-08-17 10:50:00,19,18
2018-08-17 10:55:00,21,18
2018-08-17 11:00:00,20,19
2018-08-17 11:05:00,20,19
2018-08-17 11:10:00,21,19
2018-08-17 11:15:00,23,19
2018-08-17 11:20:00,22,23
2018-08-17 11:25:00,25,23
2018-08-17 11:30:00,25,29
2018-08-17 11:35:00,28,30
2018-08-17 11:40:00,28,30
2018-08-17 11:45:00,26,30
2018-08-17 11:50:00,28,37
2018-08-17 11:55:00,30,38
2018-08-17 12:00:00,31,26
2018-08-17 12:05:00,31,25
2018-08-17 12:10:00,23,25
2018-08-17 12:15:00,25,26
2018-08-17 12:20:00,23,26
2018-08-17 12:25:00,23,25
2018-08-17 12:30:00,23,24
2018-08-17 12:35:00,22,22
2018-08-17 12:40:00,22,18
2018-08-17 12:45:00,22,18
2018-08-17 12:50:00,20,19
2018-08-17 12:55:00,20,19
2018-08-17 13:00:00,20,21
2018-08-17 13:05:00,21,17
2018-08-17 13:10:00,24,18
2018-08-17 13:15:00,28,17
2018-08-17 13:20:00,28,18
2018-08-17 13:25:00,23,20
2018-08-17 13:30:00,23,22
2018-08-17 13:35:00,27,22
2018-08-17 13:40:00,27,24
2018-08-17 13:45:00,31,30
2018-08-17 13:50:00,33,24
2018-08-17 13:55:00,34,24
2018-08-17 14:00:00,32,20
2018-08-17 14:05:00,28,20
2018-08-17 14:10:00,28,18
2018-08-17 14:15:00,28,16
2018-08-17 14:20:00,28,16
2018-08-17 14:25:00,28,17
2018-08-17 14:30:00,27,18
2018-08-17 14:35:00,28,19
2018-08-17 14:40:00,31,17
2018-08-17 14:45:00,29,16
2018-08-17 14:50:00,29,15
2018-08-17 14:55:00,28,12
2018-08-17 15:00:00,29,10
2018-08-17 15:05:00,25,13
2018-08-17 15:10:00,27,11
2018-08-17 15:15:00,27,11
2018-05-15 15:31:00,26.6667,18
2018-05-15 15:36:00,27,18
2018-05-15 15:41:00,29,18
2018-05-15 15:46:00,28,18
2018-05-15 15:51:00,27,18
2018-05-15 15:56:00,27.5,17
2018-05-15 16:01:00,27.5,17
2018-05-15 16:06:00,27.6667,17
2018-05-15 16:11:00,26.6667,15
2018-05-15 16:16:00,25.5,15
2018-05-15 16:21:00,27,13
2018-05-15 16:26:00,25,13
2018-05-15 16:31:00,23.6667,14
2018-05-15 16:36:00,23.5,13
2018-05-15 16:41:00,21,10
2018-05-15 16:46:00,16.5,8
2018-05-15 16:51:00,14.5,7
2018-05-15 16:56:00,13.6667,7
2018-05-15 17:01:00,14,7
2018-05-15 17:06:00,15,6
2018-05-15 17:11:00,15,6
2018-05-15 17:16:00,15,5
2018-05-15 17:21:00,15,5
2018-05-15 17:26:00,15.5,5
2018-05-15 17:31:00,14.6667,4
2018-05-15 17:36:00,14.3333,3
2018-05-15 17:41:00,15,4
2018-05-15 17:46:00,15,5
2018-05-15 17:51:00,15,4
2018-05-15 17:56:00,14.6667,3
2018-05-15 18:01:00,14,4
2018-05-15 18:06:00,13.5,3
2018-05-15 18:11:00,13,3
2018-05-15 18:16:00,13.5,3
2018-05-15 18:21:00,13.5,3
2018-05-15 18:26:00,13,3
2018-05-15 18:31:00,13,4
2018-05-15 18:36:00,12.3333,3
2018-05-15 18:41:00,10,3
2018-05-15 18:46:00,9,2
2018-05-15 18:51:00,8.5,2
2018-05-15 18:56:00,8,1
2018-05-15 19:01:00,7.5,1
2018-05-15 19:06:00,7,1
2018-05-15 19:11:00,7,1
2018-05-15 19:16:00,7,1
2018-05-15 19:21:00,6,0
2018-05-15 19:26:00,5,0
2018-05-15 19:31:00,5,0
2018-05-15 19:36:00,5.3333,0
2018-05-15 19:41:00,6,1
2018-05-15 19:46:00,6.5,1
2018-05-15 19:51:00,7,1
2018-05-15 19:56:00,7.3333,1
2018-05-15 20:01:00,7.5,1
2018-05-15 20:06:00,7,1
2018-05-15 20:11:00,7,1
2018-05-15 20:16:00,7,1
2018-05-15 20:21:00,7,1
2018-05-15 20:26:00,7,2
2018-05-15 20:31:00,7,2
2018-05-15 20:36:00,7,1
2018-05-15 20:41:00,7.5,1
2018-05-15 20:46:00,7.5,1
2018-05-15 20:51:00,7,1
2018-05-15 20:56:00,7,1
2018-05-15 21:01:00,7,1
2018-05-15 21:06:00,7,0
2018-05-15 21:11:00,7,0
2018-05-15 21:16:00,7,0
2018-05-15 21:21:00,7,0
2018-05-15 21:26:00,7,0
2018-05-15 21:31:00,7,0
2018-05-15 21:36:00,7,0
2018-05-15 21:41:00,7,0
2018-05-15 21:46:00,7,0
2018-05-15 21:51:00,7,0
2018-05-15 21:56:00,7,0
2018-05-16 06:01:00,5.5,3
2018-05-16 06:06:00,6,3
2018-05-16 06:11:00,5,3
2018-05-16 06:16:00,5,2
2018-05-16 06:21:00,5,2
2018-05-16 06:26:00,5,2
2018-05-16 06:31:00,5,2
2018-05-16 06:36:00,5,2
2018-05-16 06:41:00,5,2
2018-05-16 06:46:00,5,2
2018-05-16 06:51:00,5,2
2018-05-16 06:56:00,5,2
2018-05-16 07:01:00,5,2
2018-05-16 07:06:00,5,2
2018-05-16 07:11:00,5,2
2018-05-16 07:16:00,5,2
2018-05-16 07:21:00,5,3
2018-05-16 07:26:00,5.5,3
2018-05-16 07:31:00,6.5,3
2018-05-16 07:36:00,6.5,3
2018-05-16 07:41:00,6,3
2018-05-16 07:46:00,5.5,3
2018-05-16 07:51:00,5,2
2018-05-16 07:56:00,5,2
2018-05-16 08:01:00,5,2
2018-05-16 08:06:00,5,2
2018-05-16 08:11:00,5,3
2018-05-16 08:16:00,5,3
2018-05-16 08:21:00,5.5,3
2018-05-16 08:26:00,6,5
2018-05-16 08:31:00,7,5
2018-05-16 08:36:00,8,5
2018-05-16 08:41:00,8.5,7
2018-05-16 08:46:00,10.5,7
2018-05-16 08:51:00,13,8
2018-05-16 08:56:00,14,9
2018-05-16 09:01:00,14.5,9
2018-05-16 09:06:00,16.5,8
2018-05-16 09:11:00,18.5,8
2018-05-16 09:16:00,19,10
2018-05-16 09:21:00,19.5,12
2018-05-16 09:26:00,20.5,12
2018-05-16 09:31:00,20,11
2018-05-16 09:36:00,19.5,12
2018-05-16 09:41:00,20,13
2018-05-16 09:46:00,21,13
2018-05-16 09:51:00,23,13
2018-05-16 09:56:00,24,13
2018-05-16 10:01:00,22.5,13
2018-05-16 10:06:00,20.5,13
2018-05-16 10:11:00,19.5,10
2018-05-16 10:16:00,19,11
2018-05-16 10:21:00,20,11
2018-05-16 10:26:00,20.5,11
2018-05-16 10:31:00,19.5,11
2018-05-16 10:36:00,19,12
2018-05-16 10:41:00,20,13
2018-05-16 10:46:00,21,13
2018-05-16 10:51:00,21,13
2018-05-16 10:56:00,21,11
2018-05-16 11:01:00,21,12
2018-05-16 11:06:00,21,12
2018-05-16 11:11:00,22.5,12
2018-05-16 11:16:00,23.5,10
2018-05-16 11:21:00,23,11
2018-05-16 11:26:00,21.5,11
2018-05-16 11:31:00,21.5,13
2018-05-16 11:36:00,24,10
2018-05-16 11:41:00,22.5,10
2018-05-16 11:46:00,20,13
2018-05-16 11:51:00,19,14
2018-05-16 11:56:00,19,13
2018-05-16 12:01:00,19,13
2018-05-16 12:06:00,21,14
2018-05-16 12:11:00,24.5,14
2018-05-16 12:16:00,23,18
2018-05-16 12:21:00,24.5,16
2018-05-16 12:26:00,26,16
2018-05-16 12:31:00,26,15
2018-05-16 12:36:00,27,14
2018-05-16 12:41:00,25.5,14
2018-05-16 12:46:00,24,13
2018-05-16 12:51:00,24,14
2018-05-16 12:56:00,23.5,16
2018-05-16 13:01:00,24.5,15
2018-05-16 13:06:00,24,14
2018-05-16 13:11:00,23,13
2018-05-16 13:16:00,24,12
2018-05-16 13:21:00,23.5,13
2018-05-16 13:26:00,24,13
2018-05-16 13:31:00,25,14
2018-05-16 13:36:00,24.5,13
2018-05-16 13:41:00,24,12
2018-05-16 13:46:00,24,11
2018-05-16 13:51:00,23.5,13
2018-05-16 13:56:00,24,14
2018-05-16 14:01:00,23.5,12
2018-05-16 14:06:00,22,15
2018-05-16 14:11:00,24,15
2018-05-16 14:16:00,25,15
2018-05-16 14:21:00,24.5,15
2018-05-16 14:26:00,25,14
2018-05-16 14:31:00,25.5,14
2018-05-16 14:36:00,25,15
2018-05-16 14:41:00,25,14
2018-05-16 14:46:00,26,14
2018-05-16 14:51:00,26,14
2018-05-16 14:56:00,26,14
2018-05-16 15:01:00,25,15
2018-05-16 15:06:00,24.5,15
2018-05-16 15:11:00,24.5,12
2018-05-16 15:16:00,24.5,12
2018-05-16 15:21:00,23,12
2018-05-16 15:26:00,22.5,11
2018-05-16 15:31:00,22.3333,11
2018-05-16 15:36:00,22,11
2018-05-16 15:41:00,20,10
2018-05-16 15:46:00,20.5,10
2018-05-16 15:51:00,19,9
2018-05-16 15:56:00,17,11
2018-05-16 16:01:00,17,10
2018-05-16 16:06:00,17,10
2018-05-16 16:11:00,17.5,8
2018-05-16 16:16:00,18,8
2018-05-16 16:21:00,18,7
2018-05-16 16:26:00,17.5,7
2018-05-16 16:31:00,17,7
2018-05-16 16:36:00,17,6
2018-05-16 16:41:00,17.5,6
2018-05-16 16:46:00,17.5,7
2018-05-16 16:51:00,18,7
2018-05-16 16:56:00,18.5,8
2018-05-16 17:01:00,18,8
2018-05-16 17:06:00,18.5,8
2018-05-16 17:11:00,19.5,10
2018-05-16 17:16:00,20,10
2018-05-16 17:21:00,20,9
2018-05-16 17:26:00,19,9
2018-05-16 17:31:00,18,9
2018-05-16 17:36:00,16.5,8
2018-05-16 17:41:00,15,5
2018-05-16 17:46:00,13,6
2018-05-16 17:51:00,12.6667,3
2018-05-16 17:56:00,12,3
2018-05-16 18:01:00,10,3
2018-05-16 18:06:00,9.5,3
2018-05-16 18:11:00,9,3
2018-05-16 18:16:00,9,2
2018-05-16 18:21:00,9,2
2018-05-16 18:26:00,8.5,3
2018-05-16 18:31:00,8.5,3
2018-05-16 18:36:00,9,3
2018-05-16 18:41:00,9,2
2018-05-16 18:46:00,9,4
2018-05-16 18:51:00,9,2
2018-05-16 18:56:00,8,2
2018-05-16 19:01:00,8,2
2018-05-16 19:06:00,8,2
2018-05-16 19:11:00,8,1
2018-05-16 19:16:00,8,1
2018-05-16 19:21:00,7.5,1
2018-05-16 19:26:00,6.5,0
2018-05-16 19:31:00,6,0
2018-05-16 19:36:00,5.5,0
2018-05-16 19:41:00,5,0
2018-05-16 19:46:00,5,0
2018-05-16 19:51:00,5,0
2018-05-16 19:56:00,5.5,0
2018-05-16 20:01:00,5.5,0
2018-05-16 20:06:00,5,1
2018-05-16 20:11:00,5.5,1
2018-05-16 20:16:00,6,1
2018-05-16 20:21:00,6,1
2018-05-16 20:26:00,6,1
2018-05-16 20:31:00,6,1
2018-05-16 20:36:00,6,1
2018-05-16 20:41:00,6,1
2018-05-16 20:46:00,6,1
2018-05-16 20:51:00,6,1
2018-05-16 20:56:00,6,1
2018-05-16 21:01:00,6,1
2018-05-16 21:06:00,6,0
2018-05-16 21:11:00,6,0
2018-05-16 21:16:00,6,0
2018-05-16 21:21:00,6,0
2018-05-16 21:26:00,6,0
2018-05-16 21:31:00,6,0
2018-05-16 21:36:00,6,0
2018-05-16 21:41:00,6,0
2018-05-16 21:46:00,6,0
2018-05-16 21:51:00,6,0
2018-05-16 21:56:00,6,0
2018-05-17 06:01:00,3.5,0
2018-05-17 06:06:00,4,0
2018-05-17 06:11:00,3.5,0
2018-05-17 06:16:00,3,0
2018-05-17 06:21:00,3.5,0
2018-05-17 06:26:00,3.5,0
2018-05-17 06:31:00,3,0
2018-05-17 06:36:00,3,0
2018-05-17 06:41:00,3.5,0
2018-05-17 06:46:00,4,0
2018-05-17 06:51:00,3.5,0
2018-05-17 06:56:00,3,0
2018-05-17 07:01:00,3,0
2018-05-17 07:06:00,3.5,0
2018-05-17 07:11:00,3.5,0
2018-05-17 07:16:00,3,0
2018-05-17 07:21:00,3,0
2018-05-17 07:26:00,3.6667,0
2018-05-17 07:31:00,4,1
2018-05-17 07:36:00,4,1
2018-05-17 07:41:00,4.5,1
2018-05-17 07:46:00,5,1
2018-05-17 07:51:00,4.5,1
2018-05-17 07:56:00,3.5,1
2018-05-17 08:01:00,3.5,0
2018-05-17 08:06:00,4,0
2018-05-17 08:11:00,4,0
2018-05-17 08:16:00,4,1
2018-05-17 08:21:00,4,1
2018-05-17 08:26:00,6,0
2018-05-17 08:31:00,5.3333,1
2018-05-17 08:36:00,4,1
2018-05-17 08:41:00,4.5,1
2018-05-17 08:46:00,6,2
2018-05-17 08:51:00,7,2
2018-05-17 08:56:00,7,2
2018-05-17 09:01:00,7,3
2018-05-17 09:06:00,8.5,4
2018-05-17 09:11:00,10,4
2018-05-17 09:16:00,11,5
2018-05-17 09:21:00,12.5,5
2018-05-17 09:26:00,12.5,5
2018-05-17 09:31:00,12.6667,7
2018-05-17 09:36:00,13.6667,8
2018-05-17 09:41:00,16,8
2018-05-17 09:46:00,17.5,10
2018-05-17 09:51:00,18,9
2018-05-17 09:56:00,17.6667,10
2018-05-17 10:01:00,19.5,10
2018-05-17 10:06:00,21,10
2018-05-17 10:11:00,21,10
2018-05-17 10:16:00,21,9
2018-05-17 10:21:00,20,9
2018-05-17 10:26:00,21.5,13
2018-05-17 10:31:00,25,13
2018-05-17 10:36:00,24.5,14
2018-05-17 10:41:00,22.5,14
2018-05-17 10:46:00,23,12
2018-05-17 10:51:00,24.5,13
2018-05-17 10:56:00,24,13
2018-05-17 11:01:00,21.6667,14
2018-05-17 11:06:00,21.3333,13
2018-05-17 11:11:00,22.5,13
2018-05-17 11:16:00,23,14
2018-05-17 11:21:00,23.6667,13
2018-05-17 11:26:00,24,13
2018-05-17 11:31:00,24,14
2018-05-17 11:36:00,24.6667,16
2018-05-17 11:41:00,25.5,16
2018-05-17 11:46:00,24.5,21
2018-05-17 11:51:00,23.5,20
2018-05-17 11:56:00,22,21
2018-05-17 12:01:00,21,19
2018-05-17 12:06:00,21,19
2018-05-17 12:11:00,21.6667,18
2018-05-17 12:16:00,20.6667,17
2018-05-17 12:21:00,17.5,17
2018-05-17 12:26:00,18,17
2018-05-17 12:31:00,18.6667,16
2018-05-17 12:36:00,18.6667,17
2018-05-17 12:41:00,18.5,17
2018-05-17 12:46:00,20.5,17
2018-05-17 12:51:00,22,16
2018-05-17 12:56:00,21,15
2018-05-17 13:01:00,22,16
2018-05-17 13:06:00,22.5,14
2018-05-17 13:11:00,22,15
2018-05-17 13:16:00,21,16
2018-05-17 13:21:00,21.6667,15
2018-05-17 13:26:00,23.5,15
2018-05-17 13:31:00,24,16
2018-05-17 13:36:00,24,17
2018-05-17 13:41:00,23,17
2018-05-17 13:46:00,23,17
2018-05-17 13:51:00,23,18
2018-05-17 13:56:00,22.5,17
2018-05-17 14:01:00,23.6667,17
2018-05-17 14:06:00,24.3333,18
2018-05-17 14:11:00,26,17
2018-05-17 14:16:00,25.5,17
2018-05-17 14:21:00,22.5,17
2018-05-17 14:26:00,19.5,17
2018-05-17 14:31:00,17.5,17
